step,val,test,gap,phi_pop,sched,seed
1,11.460272801693256,11.460106434616744,-0.00016636707651151994,11.391795223936047,Fixed eta=0.005,0
10,10.430735934362191,10.433529464398296,0.0027935300361043858,10.397098911702127,Fixed eta=0.005,0
20,9.426515446128882,9.42843610561236,0.001920659483477749,9.39207162261734,Fixed eta=0.005,0
30,8.502671546346354,8.506479383685228,0.0038078373388739095,8.483679943716808,Fixed eta=0.005,0
40,7.6536566758111615,7.660829788371934,0.0071731125607721324,7.6620325195468855,Fixed eta=0.005,0
50,6.914551266752871,6.9206172214375945,0.006065954684723707,6.918734412868654,Fixed eta=0.005,0
60,6.247399600047745,6.252820736774482,0.005421136726736719,6.246038043624082,Fixed eta=0.005,0
70,5.650085862531911,5.65391112824501,0.0038252657130994905,5.6382813804494125,Fixed eta=0.005,0
80,5.083649383056093,5.089869168411605,0.006219785355511931,5.08822443219003,Fixed eta=0.005,0
90,4.58312982527847,4.5895605581259264,0.006430732847456433,4.590618768477943,Fixed eta=0.005,0
100,4.130849003076189,4.137535186409471,0.006686183333282081,4.14026809293492,Fixed eta=0.005,0
110,3.7184290510523414,3.7259228008035365,0.0074937497511951,3.733019767884535,Fixed eta=0.005,0
120,3.344685740947176,3.3536569635947084,0.008971222647532251,3.3645291777699664,Fixed eta=0.005,0
130,3.023489963030033,3.0308344547405555,0.007344491710522316,3.031098152319706,Fixed eta=0.005,0
140,2.717981817484268,2.726400485912578,0.008418668428310294,2.7299089840791413,Fixed eta=0.005,0
150,2.4375219413257683,2.44709766319188,0.009575721866111664,2.4573723075496448,Fixed eta=0.005,0
160,2.202195390700983,2.210542517690205,0.008347126989222353,2.2103270139826954,Fixed eta=0.005,0
170,1.9772547322559642,1.9858592951551282,0.008604562899164003,1.9864448740314327,Fixed eta=0.005,0
180,1.7689765170424294,1.7785892193222914,0.009612702279861995,1.7839322541676605,Fixed eta=0.005,0
190,1.5881255140740196,1.5974753709311185,0.009349856857098882,1.6011279500580855,Fixed eta=0.005,0
200,1.4338934390960398,1.4427117744758737,0.008818335379833897,1.4352272992933774,Fixed eta=0.005,0
210,1.2898687805944296,1.2975991612616238,0.0077303806671942255,1.2847282890145597,Fixed eta=0.005,0
220,1.143934132069794,1.1528707448341173,0.008936612764323337,1.1486426360616038,Fixed eta=0.005,0
230,1.0267305084539424,1.0349487178167691,0.00821820936282669,1.0255033770538526,Fixed eta=0.005,0
240,0.8987540988210387,0.9099287303366689,0.01117463151563014,0.9139190997461298,Fixed eta=0.005,0
250,0.7946487771698866,0.806881500880978,0.012232723711091409,0.8128562752214658,Fixed eta=0.005,0
260,0.7038237696454178,0.7156643182903929,0.01184054864497508,0.7213789152476171,Fixed eta=0.005,0
270,0.630902266624445,0.6413345241895956,0.010432257565150538,0.6386001645190708,Fixed eta=0.005,0
280,0.5477761563907462,0.5598588733726395,0.012082716981893338,0.5635458649683758,Fixed eta=0.005,0
290,0.47896348498429586,0.4912239199196362,0.012260434935340347,0.49543884796126325,Fixed eta=0.005,0
300,0.42782243102999146,0.4393177546923047,0.011495323662313262,0.43373586954241294,Fixed eta=0.005,0
310,0.36110494457917564,0.37341783546784535,0.012312890888669714,0.3780082220546789,Fixed eta=0.005,0
320,0.3077679740277522,0.3209728592142663,0.013204885186514137,0.3272689893675245,Fixed eta=0.005,0
330,0.2687046744185374,0.280208144608639,0.011503470190101617,0.2814071783669253,Fixed eta=0.005,0
340,0.24630552233001346,0.2556158821378996,0.009310359807886137,0.23992853093183764,Fixed eta=0.005,0
350,0.21101357305297241,0.22027965155935092,0.009266078506378506,0.20211252003557673,Fixed eta=0.005,0
360,0.1754411085039314,0.18487772396573676,0.009436615461805353,0.16800031924866132,Fixed eta=0.005,0
370,0.13142521797767942,0.14269458503880422,0.011269367061124802,0.13734461871844872,Fixed eta=0.005,0
380,0.1049969764119611,0.11597579591153173,0.010978819499570636,0.10957080878425096,Fixed eta=0.005,0
390,0.08013453904748924,0.09172006069207328,0.01158552164458404,0.08415746422940984,Fixed eta=0.005,0
400,0.047244898475095276,0.05994063641931113,0.012695737944215857,0.061200870371245275,Fixed eta=0.005,0
410,0.027178695459835256,0.04039180289923938,0.013213107439404126,0.04028708518781382,Fixed eta=0.005,0
420,0.022721654929343027,0.034316453700991456,0.011594798771648429,0.021540728648923313,Fixed eta=0.005,0
430,-0.007701909815822139,0.006718413818395996,0.014420323634218135,0.004328567899106184,Fixed eta=0.005,0
440,-0.028585377971724668,-0.01256931966963648,0.016016058302088187,-0.011592116136470654,Fixed eta=0.005,0
450,-0.03758763093198331,-0.02246283877370031,0.015124792158282996,-0.026074215890192765,Fixed eta=0.005,0
460,-0.048463051877252805,-0.03407711145199038,0.014385940425262422,-0.038988413227618535,Fixed eta=0.005,0
470,-0.07396201164455157,-0.056694440204890506,0.017267571439661067,-0.05081722848551995,Fixed eta=0.005,0
480,-0.06423403137543465,-0.049765813851555984,0.014468217523878668,-0.06140066125768018,Fixed eta=0.005,0
490,-0.09843743485797679,-0.07917702054923859,0.019260414308738205,-0.07121655563010176,Fixed eta=0.005,0
500,-0.11617764320945356,-0.09438599820034382,0.02179164500910974,-0.08034579714510054,Fixed eta=0.005,0
510,-0.12381919224119964,-0.10134730730007763,0.02247188494112201,-0.08851685798228848,Fixed eta=0.005,0
520,-0.14540077921928962,-0.11894636557071026,0.026454413648579367,-0.0960608304788737,Fixed eta=0.005,0
530,-0.15209016508745,-0.125132633797518,0.026957531289932002,-0.10287796396075877,Fixed eta=0.005,0
540,-0.139463707440678,-0.11582283261176834,0.02364087482890964,-0.10895220318466903,Fixed eta=0.005,0
550,-0.12957952397670136,-0.10894392783254536,0.020635596144156,-0.11423055230345891,Fixed eta=0.005,0
560,-0.1361407513951417,-0.11536568232124372,0.020775069073897978,-0.11896963889903561,Fixed eta=0.005,0
570,-0.1467765148459183,-0.12451590116262207,0.022260613683296238,-0.12318348719739608,Fixed eta=0.005,0
580,-0.1310864223624701,-0.1132235742404204,0.01786284812204969,-0.12697073040639462,Fixed eta=0.005,0
590,-0.13761704777530964,-0.11870825358027437,0.018908794195035272,-0.13047028605062155,Fixed eta=0.005,0
600,-0.13733523403206765,-0.11869676613132962,0.01863846790073803,-0.13389373783264602,Fixed eta=0.005,0
610,-0.12666168581306747,-0.11019351989392967,0.0164681659191378,-0.1368822358746099,Fixed eta=0.005,0
620,-0.13554506749727713,-0.11662871534656627,0.018916352150710858,-0.13958678537560298,Fixed eta=0.005,0
630,-0.13265015736900543,-0.11431185484706546,0.018338302521939964,-0.1422037601017081,Fixed eta=0.005,0
640,-0.1416341416912968,-0.12361924211304881,0.018014899578247978,-0.14434904033315848,Fixed eta=0.005,0
650,-0.15255703750176236,-0.1328638957260867,0.01969314177567566,-0.1464157993742392,Fixed eta=0.005,0
660,-0.1439089796825157,-0.12528401786773347,0.018624961814782237,-0.1481990868033186,Fixed eta=0.005,0
670,-0.14974088971411853,-0.12977255015347572,0.01996833956064281,-0.14981901142034637,Fixed eta=0.005,0
680,-0.14056416539637828,-0.1230465226175882,0.017517642778790088,-0.1512791893411029,Fixed eta=0.005,0
690,-0.15924617745092512,-0.1382773544051361,0.02096882304578901,-0.15239215075498702,Fixed eta=0.005,0
700,-0.1476241096041674,-0.12807605212760403,0.019548057476563352,-0.1534898652125785,Fixed eta=0.005,0
710,-0.16489450499403746,-0.1426099488918776,0.022284556102159847,-0.15455093212065862,Fixed eta=0.005,0
720,-0.15041612515410768,-0.13041361083003156,0.020002514324076126,-0.15545379095900658,Fixed eta=0.005,0
730,-0.17952756605640635,-0.15253529514886405,0.026992270907542304,-0.15630469572053568,Fixed eta=0.005,0
740,-0.16596132896833404,-0.14056448936284316,0.025396839605490884,-0.15735136911351955,Fixed eta=0.005,0
750,-0.1783877524249904,-0.1505072959388727,0.0278804564861177,-0.15835247974651023,Fixed eta=0.005,0
760,-0.1837334454672967,-0.1545961580934343,0.029137287373862397,-0.15914349325254695,Fixed eta=0.005,0
770,-0.162917193385555,-0.1377141790135875,0.02520301437196748,-0.1598273852292626,Fixed eta=0.005,0
780,-0.14718461186670284,-0.12480792883545272,0.022376683031250122,-0.16042313595289542,Fixed eta=0.005,0
790,-0.15737290077791694,-0.13298772785723184,0.024385172920685094,-0.16107270336200513,Fixed eta=0.005,0
800,-0.16147806951967963,-0.13717306389724415,0.024305005622435483,-0.16155952845048605,Fixed eta=0.005,0
1,13.330409697763482,13.331545529688487,0.001135831925004993,13.02106959532901,Fixed eta=0.005,1
10,12.146585247939136,12.152899014017784,0.0063137660786480865,11.87602977864977,Fixed eta=0.005,1
20,10.90934813279124,10.92752632680703,0.018178194015789018,10.719421152843468,Fixed eta=0.005,1
30,9.823459379994798,9.846662917901966,0.023203537907168226,9.676881320863012,Fixed eta=0.005,1
40,8.815907651158353,8.847820748049154,0.031913096890800574,8.737486592288104,Fixed eta=0.005,1
50,7.922787871889441,7.959645973290428,0.036858101400986776,7.893309941906619,Fixed eta=0.005,1
60,7.1562784183694035,7.192379884689997,0.03610146632059319,7.13678819424677,Fixed eta=0.005,1
70,6.5126506596182985,6.543023614431743,0.030372954813444153,6.459687185916878,Fixed eta=0.005,1
80,5.895301599879424,5.924094176229343,0.028792576349919052,5.840184426439832,Fixed eta=0.005,1
90,5.283866028390741,5.318914229681293,0.03504820129055197,5.282301235102917,Fixed eta=0.005,1
100,4.747457881333534,4.785185324922009,0.037727443588474685,4.773503293942547,Fixed eta=0.005,1
110,4.24403056559105,4.287394029325707,0.04336346373465716,4.324981234796862,Fixed eta=0.005,1
120,3.864315706423978,3.903675413736629,0.03935970731265126,3.9206583654896683,Fixed eta=0.005,1
130,3.530312993861728,3.5618980826545115,0.031585088792783544,3.5413316348022668,Fixed eta=0.005,1
140,3.187574400914466,3.2170805554439315,0.029506154529465256,3.1980759870074276,Fixed eta=0.005,1
150,2.8830193946733687,2.910295726614045,0.027276331940676357,2.8897065874695307,Fixed eta=0.005,1
160,2.587111679856121,2.6152817738506,0.028170093994479117,2.6137609712048557,Fixed eta=0.005,1
170,2.3421493242322,2.3686196206110974,0.02647029637889764,2.3647666663498077,Fixed eta=0.005,1
180,2.104917423442507,2.1310780399828078,0.026160616540300552,2.1389288956819676,Fixed eta=0.005,1
190,1.8890135884957795,1.9158633115972172,0.02684972310143774,1.937988326888145,Fixed eta=0.005,1
200,1.711045488314557,1.7360931087067561,0.02504762039219921,1.7541736272012969,Fixed eta=0.005,1
210,1.5605898643387417,1.5822988510874316,0.02170898674868993,1.58628429700056,Fixed eta=0.005,1
220,1.4101121629738596,1.4301945281712034,0.020082365197343854,1.4326790309929318,Fixed eta=0.005,1
230,1.3018339173396376,1.3178251465351294,0.015991229195491785,1.296324263589776,Fixed eta=0.005,1
240,1.1975377343114462,1.2103633507972826,0.012825616485836466,1.1724911304549366,Fixed eta=0.005,1
250,1.063883182867368,1.077988033159033,0.014104850291664972,1.058460425400396,Fixed eta=0.005,1
260,0.9726755778500814,0.9848309415153664,0.012155363665285024,0.955233399338817,Fixed eta=0.005,1
270,0.8735642222915603,0.8850226936861184,0.011458471394558134,0.8597797799562696,Fixed eta=0.005,1
280,0.7803981016159528,0.7920809025170903,0.011682800901137491,0.7772459378199038,Fixed eta=0.005,1
290,0.700579093379507,0.7117327515262671,0.01115365814676017,0.7004145098817586,Fixed eta=0.005,1
300,0.6234810766591061,0.634582852153355,0.011101775494248844,0.6305205597912377,Fixed eta=0.005,1
310,0.5683598307487766,0.5778498871449504,0.00949005639617384,0.5664349235093643,Fixed eta=0.005,1
320,0.5366221714201893,0.5426918248529542,0.006069653432764888,0.5065448065485576,Fixed eta=0.005,1
330,0.4771078795521215,0.48298835712730476,0.0058804775751832294,0.4535332500075722,Fixed eta=0.005,1
340,0.4006019520545236,0.4084552562719428,0.0078533042174192,0.4050034056386333,Fixed eta=0.005,1
350,0.3606165764989755,0.3679009260294594,0.007284349530483902,0.3633058718307626,Fixed eta=0.005,1
360,0.3117273465630708,0.31934415887227885,0.007616812309208076,0.32372091403643144,Fixed eta=0.005,1
370,0.2806420300893718,0.2874911495181657,0.006849119428793904,0.28887339274290225,Fixed eta=0.005,1
380,0.24443205977998048,0.25117884156213904,0.006746781782158567,0.2566368419575525,Fixed eta=0.005,1
390,0.2257702625665534,0.23137201216534548,0.0056017495987920884,0.2284807373698372,Fixed eta=0.005,1
400,0.20505292024178945,0.2096934587370469,0.004640538495257446,0.20139104614393566,Fixed eta=0.005,1
410,0.1757266193467812,0.1805202461807236,0.00479362683394241,0.17750454092611612,Fixed eta=0.005,1
420,0.15009133729918986,0.15493744256690434,0.004846105267714479,0.15553759494243594,Fixed eta=0.005,1
430,0.13539571494136485,0.13958476225954825,0.004189047318183398,0.13624579814163248,Fixed eta=0.005,1
440,0.11929882332179548,0.12304723965818846,0.0037484163363929873,0.11804620296918718,Fixed eta=0.005,1
450,0.09498919130380844,0.0992626073232267,0.004273416019418261,0.10163286209161881,Fixed eta=0.005,1
460,0.07615261631795824,0.08040528155207488,0.004252665234116645,0.08512829981199373,Fixed eta=0.005,1
470,0.06360777766820572,0.06726286966393616,0.0036550919957304417,0.0699609213976849,Fixed eta=0.005,1
480,0.04566776108314684,0.04939423526108061,0.0037264741779337723,0.05620218211279243,Fixed eta=0.005,1
490,0.04360037609396382,0.0461074976302369,0.0025071215362730825,0.04347908191142215,Fixed eta=0.005,1
500,0.02113061546131792,0.02427233726675293,0.0031417218054350105,0.031525051771578744,Fixed eta=0.005,1
510,0.015340165349211954,0.017851690668208436,0.0025115253189964826,0.02098243552872381,Fixed eta=0.005,1
520,0.003916290783445409,0.006406398136218433,0.0024901073527730244,0.011115140642258103,Fixed eta=0.005,1
530,0.006559597251633076,0.00782956676343119,0.0012699695117981136,0.0021563746183893007,Fixed eta=0.005,1
540,-0.0041910168246979684,-0.002944326419674098,0.0012466904050238703,-0.0065471473660040636,Fixed eta=0.005,1
550,-0.01513399819407335,-0.013737858901002653,0.0013961392930706973,-0.0141968515091552,Fixed eta=0.005,1
560,-0.020356363104918396,-0.01935083705608004,0.0010055260488383566,-0.021786068264889796,Fixed eta=0.005,1
570,-0.033498719294922125,-0.03202842625144994,0.0014702930434721817,-0.028714393321553316,Fixed eta=0.005,1
580,-0.03859284125577597,-0.03732848712354542,0.0012643541322305551,-0.034792257357541795,Fixed eta=0.005,1
590,-0.049303197764225926,-0.047680193482040806,0.0016230042821851198,-0.04032724603050267,Fixed eta=0.005,1
600,-0.04800500091157198,-0.04695227519338854,0.0010527257181834337,-0.04469110643258284,Fixed eta=0.005,1
610,-0.05300460746068153,-0.05207474091087405,0.0009298665498074787,-0.04969177509008574,Fixed eta=0.005,1
620,-0.05792495804258671,-0.057059034346195,0.0008659236963917127,-0.05448642141867363,Fixed eta=0.005,1
630,-0.06438834654948114,-0.06338344506106108,0.0010049014884200569,-0.058586692361064424,Fixed eta=0.005,1
640,-0.06708139314607908,-0.066272901418031,0.0008084917280480886,-0.06269170689032366,Fixed eta=0.005,1
650,-0.07256243560470689,-0.07170743263943517,0.0008550029652717173,-0.06676027826690177,Fixed eta=0.005,1
660,-0.07550678562913986,-0.07476945015868243,0.0007373354704574286,-0.07036061823882951,Fixed eta=0.005,1
670,-0.07672329958888559,-0.07624612482470021,0.0004771747641853785,-0.0738646023871498,Fixed eta=0.005,1
680,-0.07945625857161864,-0.0790517492764059,0.0004045092952127405,-0.07699291156820612,Fixed eta=0.005,1
690,-0.08179842724242663,-0.08146668942059442,0.000331737821832212,-0.07965825022706934,Fixed eta=0.005,1
700,-0.08447010053713622,-0.08425581980334323,0.00021428073379298196,-0.08290154827659732,Fixed eta=0.005,1
710,-0.08657390816019332,-0.08644592615911818,0.00012798200107513868,-0.08583131619148675,Fixed eta=0.005,1
720,-0.08976433330077416,-0.08970203426980247,6.229903097168532e-05,-0.08907539232786796,Fixed eta=0.005,1
730,-0.09250322654731097,-0.09247645237170574,2.6774175605231987e-05,-0.09227546729237032,Fixed eta=0.005,1
740,-0.09474731485477525,-0.09475973732996659,-1.2422475191342652e-05,-0.09488787340465632,Fixed eta=0.005,1
750,-0.09651453847888569,-0.0965718499111802,-5.731143229451008e-05,-0.09718751731299094,Fixed eta=0.005,1
760,-0.09829205563804749,-0.09838974325376945,-9.768761572195861e-05,-0.09943006559191256,Fixed eta=0.005,1
770,-0.10042033839047129,-0.1005242586935313,-0.00010392030306000111,-0.10155141222047387,Fixed eta=0.005,1
780,-0.10394342283711977,-0.10397210787874714,-2.8685041627368735e-05,-0.10370590793826087,Fixed eta=0.005,1
790,-0.10719685827196523,-0.10707671227454466,0.00012014599742057874,-0.10586136886924968,Fixed eta=0.005,1
800,-0.10712079310294939,-0.10714303873613468,-2.224563318528605e-05,-0.10817284676271582,Fixed eta=0.005,1
1,12.310110862968523,12.317224362196447,0.00711349922792337,12.509980391752077,Fixed eta=0.005,2
10,11.254978933222061,11.272223408133941,0.017244474911880303,11.422666026883,Fixed eta=0.005,2
20,10.179574232637114,10.206220786848768,0.02664655421165385,10.316910497704548,Fixed eta=0.005,2
30,9.204194748539365,9.238862760509388,0.034668011970023116,9.313621677176615,Fixed eta=0.005,2
40,8.271830763518448,8.293124730382841,0.021293966864393,8.393834569996224,Fixed eta=0.005,2
50,7.448299553157424,7.466463264578083,0.018163711420658757,7.561980724351323,Fixed eta=0.005,2
60,6.718944497283504,6.738777726949675,0.019833229666171626,6.802398697027165,Fixed eta=0.005,2
70,6.076931504057354,6.100400565460433,0.023469061403078584,6.124250915359132,Fixed eta=0.005,2
80,5.492243816428968,5.5196977460621826,0.027453929633214358,5.509948546679896,Fixed eta=0.005,2
90,4.973435657941276,5.006071050558337,0.03263539261706061,4.95827042240758,Fixed eta=0.005,2
100,4.473069633227407,4.5024458296088605,0.02937619638145339,4.461214439184846,Fixed eta=0.005,2
110,4.049545623584194,4.082523965419868,0.0329783418356735,4.004843049310367,Fixed eta=0.005,2
120,3.6153286696729787,3.6378331216572866,0.02250445198430784,3.59342360456389,Fixed eta=0.005,2
130,3.2130861826892434,3.223707641248857,0.010621458559613384,3.2186997419151964,Fixed eta=0.005,2
140,2.8949721133708355,2.90234495540334,0.007372842032504323,2.880588164945805,Fixed eta=0.005,2
150,2.611129489231805,2.6212631111676203,0.010133621935815462,2.576239601776956,Fixed eta=0.005,2
160,2.3497070926053154,2.3610883601775927,0.01138126757227731,2.300323655152881,Fixed eta=0.005,2
170,2.0997476263413,2.105678909732718,0.005931283391418241,2.054507883862191,Fixed eta=0.005,2
180,1.845491797736376,1.8419160517045126,-0.0035757460318635026,1.829192706078911,Fixed eta=0.005,2
190,1.6623672393142628,1.6598701628462866,-0.002497076467976145,1.6306623512765963,Fixed eta=0.005,2
200,1.4848756206122893,1.4785361225539437,-0.00633949805834555,1.4534279988770091,Fixed eta=0.005,2
210,1.3091187669763809,1.2995615424112161,-0.009557224565164724,1.2898701269200739,Fixed eta=0.005,2
220,1.1780662793512522,1.1678528656953366,-0.010213413655915549,1.1428774412505645,Fixed eta=0.005,2
230,1.0332534208442055,1.0185533477515532,-0.01470007309265231,1.0130096241057114,Fixed eta=0.005,2
240,0.9306788388117477,0.9175597605654717,-0.013119078246276006,0.8947821212329028,Fixed eta=0.005,2
250,0.7927501751194339,0.7719181986325708,-0.02083197648686308,0.788353967869777,Fixed eta=0.005,2
260,0.6966264752373811,0.6760742724281932,-0.020552202809187903,0.6925597450278917,Fixed eta=0.005,2
270,0.634749605847843,0.6176447156270454,-0.01710489022079764,0.6052795021744122,Fixed eta=0.005,2
280,0.5366282505858319,0.5169344724420964,-0.019693778143735408,0.5282027492959958,Fixed eta=0.005,2
290,0.47480666202807076,0.459740058759482,-0.015066603268588774,0.45742008063265993,Fixed eta=0.005,2
300,0.4013788640117647,0.38280799026153783,-0.01857087375022687,0.39303224326107916,Fixed eta=0.005,2
310,0.3509815027391653,0.3350456589852334,-0.015935843753931866,0.33630190503471225,Fixed eta=0.005,2
320,0.3098908631326726,0.297124814264468,-0.012766048868204594,0.2859562214888378,Fixed eta=0.005,2
330,0.24753666839991884,0.22947587766679833,-0.018060790733120502,0.23933000128884407,Fixed eta=0.005,2
340,0.19310075384802577,0.1710841951768795,-0.02201655867114627,0.2011496588083319,Fixed eta=0.005,2
350,0.16370619229000466,0.14152173207786622,-0.022184460212138435,0.16572375902108571,Fixed eta=0.005,2
360,0.13785743783134247,0.11514169712726147,-0.022715740704081,0.13293784397490693,Fixed eta=0.005,2
370,0.11327719982166934,0.09321981618614533,-0.020057383635524006,0.10351904740154749,Fixed eta=0.005,2
380,0.08220318257903936,0.06112026012505101,-0.02108292245398835,0.07589681404294518,Fixed eta=0.005,2
390,0.05393031154225564,0.0312573213817357,-0.022672990160519935,0.05173687777191238,Fixed eta=0.005,2
400,0.04669641059152613,0.027280441085769602,-0.019415969505756525,0.030762586160122785,Fixed eta=0.005,2
410,0.01651939717408346,-0.007095036549085831,-0.023614433723169292,0.012019540363429337,Fixed eta=0.005,2
420,-0.004605568129559201,-0.030000962613409676,-0.025395394483850475,-0.005476111079254942,Fixed eta=0.005,2
430,-0.03772918050576329,-0.06679105274574498,-0.02906187223998169,-0.021088660804991888,Fixed eta=0.005,2
440,-0.04060448051155274,-0.06439649896796817,-0.02379201845641543,-0.03597797898899935,Fixed eta=0.005,2
450,-0.03828512715085408,-0.0590210983845052,-0.020735971233651118,-0.04958419918414386,Fixed eta=0.005,2
460,-0.05736836185243377,-0.08005494602093116,-0.022686584168497392,-0.06155212923690273,Fixed eta=0.005,2
470,-0.04606870804446639,-0.06394484065640915,-0.017876132611942763,-0.07146422407950404,Fixed eta=0.005,2
480,-0.05016238171771714,-0.06658271182913178,-0.01642033011141464,-0.08144907526239653,Fixed eta=0.005,2
490,-0.057436035179252054,-0.07235777924384801,-0.014921744064595954,-0.08985159281690147,Fixed eta=0.005,2
500,-0.07874992749632581,-0.09625553699940165,-0.017505609503075836,-0.09768671793874756,Fixed eta=0.005,2
510,-0.08741132209633756,-0.10507230467385037,-0.017660982577512807,-0.10424896898175007,Fixed eta=0.005,2
520,-0.07488304035313642,-0.08916691612026945,-0.014283875767133025,-0.11051346175181409,Fixed eta=0.005,2
530,-0.07326181316620117,-0.08620990336574419,-0.012948090199543016,-0.11602029130226893,Fixed eta=0.005,2
540,-0.07975216158786319,-0.09184743975210002,-0.012095278164236833,-0.12111113838606441,Fixed eta=0.005,2
550,-0.09050885655225982,-0.10300652263611332,-0.012497666083853498,-0.12561132770367517,Fixed eta=0.005,2
560,-0.10180579164052161,-0.11481702149682071,-0.0130112298562991,-0.1296109560583129,Fixed eta=0.005,2
570,-0.11238465764440703,-0.1255219736525897,-0.013137316008182687,-0.13317475176086735,Fixed eta=0.005,2
580,-0.1273944500494194,-0.1415463281468694,-0.01415187809745,-0.13646784314837312,Fixed eta=0.005,2
590,-0.12250188336961076,-0.1346572303789783,-0.012155347009367545,-0.13914329630339528,Fixed eta=0.005,2
600,-0.1339168145982107,-0.1487732233544229,-0.014856408756212192,-0.1416292632816037,Fixed eta=0.005,2
610,-0.13170763833591442,-0.14489825995571776,-0.013190621619803333,-0.14387901847279744,Fixed eta=0.005,2
620,-0.13759349799794054,-0.15263270554025468,-0.015039207542314137,-0.1458864595805913,Fixed eta=0.005,2
630,-0.14737684055285497,-0.165093036535139,-0.017716195982284022,-0.14787980338166642,Fixed eta=0.005,2
640,-0.13984916797010855,-0.15707103581682264,-0.01722186784671409,-0.14960296437186943,Fixed eta=0.005,2
650,-0.13853431110677708,-0.15326970616026184,-0.014735395053484757,-0.15106954575725937,Fixed eta=0.005,2
660,-0.14169390896522566,-0.15597692731595647,-0.014283018350730814,-0.15242703730980361,Fixed eta=0.005,2
670,-0.1334302964167314,-0.14666596708805676,-0.013235670671325361,-0.153741769676726,Fixed eta=0.005,2
680,-0.13985966981823927,-0.15395127820697274,-0.014091608388733468,-0.15494481224538875,Fixed eta=0.005,2
690,-0.1320678187087575,-0.14433245870707545,-0.01226463999831795,-0.15599512468156274,Fixed eta=0.005,2
700,-0.14397136126691484,-0.1576519232986578,-0.013680562031742949,-0.15682857843791503,Fixed eta=0.005,2
710,-0.15386823682191966,-0.17046819540622563,-0.016599958584305963,-0.15768226449099423,Fixed eta=0.005,2
720,-0.14867646626171369,-0.16328650639027112,-0.014610040128557433,-0.1584328126570794,Fixed eta=0.005,2
730,-0.1617598882134106,-0.17827995535294824,-0.01652006713953763,-0.15896990561767058,Fixed eta=0.005,2
740,-0.17526495646840218,-0.194507517661758,-0.019242561193355823,-0.1594700319365845,Fixed eta=0.005,2
750,-0.17004615382356236,-0.1881368176339216,-0.01809066381035923,-0.15992995274957011,Fixed eta=0.005,2
760,-0.16499927945206505,-0.18166990147205736,-0.01667062201999231,-0.16030779564344372,Fixed eta=0.005,2
770,-0.1621614859188573,-0.17725037817187286,-0.015088892253015573,-0.16073893709951134,Fixed eta=0.005,2
780,-0.15573866272082176,-0.17115308310104949,-0.015414420380227722,-0.1611753775304059,Fixed eta=0.005,2
790,-0.1455851734999624,-0.1594195440644551,-0.013834370564492715,-0.16158699150041175,Fixed eta=0.005,2
800,-0.14719908440318585,-0.16045525647935327,-0.013256172076167416,-0.16196253942331418,Fixed eta=0.005,2
1,12.796326762786581,12.800549340957376,0.004222578170795188,13.268275098327091,Fixed eta=0.005,3
10,11.754852380740402,11.797620174110476,0.04276779337007319,12.120433803766328,Fixed eta=0.005,3
20,10.660911127361736,10.72301843695149,0.06210730958975397,10.951921688546003,Fixed eta=0.005,3
30,9.6664125865111,9.735820102689155,0.06940751617805496,9.893584854426267,Fixed eta=0.005,3
40,8.734422376118294,8.79944403524826,0.06502165912996638,8.929704904954411,Fixed eta=0.005,3
50,7.910540455535115,7.98320715418078,0.07266669864566566,8.044218864400031,Fixed eta=0.005,3
60,7.170756146089143,7.246787635878983,0.07603148978983931,7.24903003306105,Fixed eta=0.005,3
70,6.497217092657703,6.573928025631467,0.0767109329737643,6.519596298924915,Fixed eta=0.005,3
80,5.88914983886372,5.968749375497425,0.07959953663370545,5.86083395416265,Fixed eta=0.005,3
90,5.302248360450629,5.3721732221774054,0.06992486172677648,5.264870212591021,Fixed eta=0.005,3
100,4.77215444444424,4.832772031831286,0.06061758738704626,4.732980210056261,Fixed eta=0.005,3
110,4.2841176481468475,4.334641632900412,0.05052398475356412,4.245092221038664,Fixed eta=0.005,3
120,3.8468511325591117,3.889124526682879,0.04227339412376718,3.809857169133742,Fixed eta=0.005,3
130,3.444413236803057,3.4767094428871967,0.032296206084139634,3.4192700338603053,Fixed eta=0.005,3
140,3.0824994820280844,3.108396160173134,0.025896678145049368,3.065507066466497,Fixed eta=0.005,3
150,2.7772345329245964,2.802466594885701,0.025232061961104613,2.7406132899582443,Fixed eta=0.005,3
160,2.462308801657017,2.4774469738650176,0.015138172208000622,2.4518053599470493,Fixed eta=0.005,3
170,2.2196152070057598,2.2343905087833766,0.014775301777616878,2.1922375613859892,Fixed eta=0.005,3
180,1.9917377004635322,2.003512018806064,0.011774318342531842,1.9561508592031431,Fixed eta=0.005,3
190,1.7629918617188898,1.7666968771901825,0.0037050154712927608,1.7453175864650863,Fixed eta=0.005,3
200,1.5899673627650865,1.5971705763448916,0.007203213579805023,1.5557112020852626,Fixed eta=0.005,3
210,1.400097984106689,1.4011047634000249,0.0010067792933359243,1.3861133371871746,Fixed eta=0.005,3
220,1.249387070303714,1.2489199960841084,-0.0004670742196055677,1.235285380826859,Fixed eta=0.005,3
230,1.1249104594480048,1.1250943649929934,0.00018390554498859402,1.1004064972078902,Fixed eta=0.005,3
240,0.9772735786312303,0.9716691146129676,-0.005604464018262756,0.9794697569101578,Fixed eta=0.005,3
250,0.8602005578627328,0.8526900946034165,-0.007510463259316258,0.8707131060422769,Fixed eta=0.005,3
260,0.7773085238596207,0.773165628116615,-0.004142895743005637,0.7703577923101042,Fixed eta=0.005,3
270,0.6811300750061917,0.6749652720651084,-0.006164802941083347,0.6811734788126806,Fixed eta=0.005,3
280,0.6118864216292712,0.6078290056117921,-0.00405741601747911,0.6013680627011306,Fixed eta=0.005,3
290,0.5392412030932853,0.534505391919876,-0.004735811173409266,0.5287495922602674,Fixed eta=0.005,3
300,0.4691374085361073,0.46316488482887097,-0.005972523707236332,0.4634614008517537,Fixed eta=0.005,3
310,0.4039400044994945,0.3965181930736114,-0.007421811425883107,0.4050577112973349,Fixed eta=0.005,3
320,0.35164321862244363,0.3439650680922881,-0.007678150530155525,0.35253095132416085,Fixed eta=0.005,3
330,0.3093230657209265,0.302690805802423,-0.006632259918503469,0.30522875604047117,Fixed eta=0.005,3
340,0.2898308035745213,0.28737526239573363,-0.002455541178787657,0.26248995757791754,Fixed eta=0.005,3
350,0.24930510019746183,0.24656347069532908,-0.0027416295021327475,0.22366192050954006,Fixed eta=0.005,3
360,0.19846704792521996,0.1929407451589504,-0.0055263027662695585,0.18883664129761765,Fixed eta=0.005,3
370,0.1686048952797612,0.16344379025588415,-0.005161105023877038,0.15778025856662606,Fixed eta=0.005,3
380,0.13754430328795986,0.13181378626973975,-0.00573051701822011,0.12961980232329268,Fixed eta=0.005,3
390,0.10189222942759577,0.09463513099151843,-0.0072570984360773305,0.10339307929656791,Fixed eta=0.005,3
400,0.07750039320785412,0.06968817943895875,-0.007812213768895376,0.08029152629735856,Fixed eta=0.005,3
410,0.050980099540939045,0.042056828915575634,-0.008923270625363411,0.05957721034213165,Fixed eta=0.005,3
420,0.04228235564023472,0.035245577803291295,-0.007036777836943425,0.04058784680732086,Fixed eta=0.005,3
430,0.032740512352925244,0.027187901491286054,-0.00555261086163919,0.023616351483608966,Fixed eta=0.005,3
440,0.01863486973729961,0.013575795253518486,-0.005059074483781123,0.008111927965754773,Fixed eta=0.005,3
450,0.011201786210572412,0.0076021336375879656,-0.0035996525729844464,-0.006130422807057723,Fixed eta=0.005,3
460,-0.003936398901635191,-0.008119683522805232,-0.004183284621170041,-0.018857069498510404,Fixed eta=0.005,3
470,-0.011763395117144027,-0.015178275310757994,-0.0034148801936139672,-0.030492087388105216,Fixed eta=0.005,3
480,-0.024815403375361533,-0.02834227131125533,-0.003526867935893796,-0.041008255398839955,Fixed eta=0.005,3
490,-0.03650180052199917,-0.04022792638059819,-0.003726125858599022,-0.0506780599365631,Fixed eta=0.005,3
500,-0.047154925774283124,-0.05090553827830671,-0.003750612504023587,-0.05930673366270056,Fixed eta=0.005,3
510,-0.05828930795888476,-0.06329282564170813,-0.005003517682823366,-0.06691427413484688,Fixed eta=0.005,3
520,-0.06891590687535726,-0.07509366378886184,-0.006177756913504584,-0.07399942191002981,Fixed eta=0.005,3
530,-0.07571910163952977,-0.08123485326324623,-0.005515751623716453,-0.08036779691667631,Fixed eta=0.005,3
540,-0.07738537366186918,-0.08168118334372115,-0.004295809681851975,-0.08626812665882339,Fixed eta=0.005,3
550,-0.08006644031276608,-0.08282959912251076,-0.0027631588097446758,-0.09151831117434639,Fixed eta=0.005,3
560,-0.08211090476354183,-0.08460124916476519,-0.0024903444012233655,-0.096147521348379,Fixed eta=0.005,3
570,-0.08117581678151772,-0.08339823084164047,-0.002222414060122746,-0.1003792513617427,Fixed eta=0.005,3
580,-0.0815402071310336,-0.0832325132985578,-0.0016923061675241935,-0.10443261729156972,Fixed eta=0.005,3
590,-0.09710006918859687,-0.10156756306334574,-0.0044674938747488735,-0.10825109979020409,Fixed eta=0.005,3
600,-0.11078681121826486,-0.11870345795930495,-0.00791664674104009,-0.11187268446279505,Fixed eta=0.005,3
610,-0.11347117193377182,-0.12065449673965029,-0.007183324805878466,-0.11527756144671714,Fixed eta=0.005,3
620,-0.11236953422898471,-0.11915195784180255,-0.006782423612817834,-0.11798961786122336,Fixed eta=0.005,3
630,-0.11092932440565567,-0.1162849656693174,-0.005355641263661726,-0.12089817856407431,Fixed eta=0.005,3
640,-0.1150311854737879,-0.12112314435939123,-0.006091958885603321,-0.12345008022681017,Fixed eta=0.005,3
650,-0.11826989789608369,-0.12521749596515372,-0.006947598069070027,-0.12570915672479718,Fixed eta=0.005,3
660,-0.12325506711870904,-0.1313638716576232,-0.00810880453891416,-0.12769804414847324,Fixed eta=0.005,3
670,-0.13610189210700788,-0.14733644259440495,-0.011234550487397077,-0.1296498404684617,Fixed eta=0.005,3
680,-0.13943716366228948,-0.15265492897959698,-0.013217765317307506,-0.13131877062969116,Fixed eta=0.005,3
690,-0.1390318541586572,-0.1518372243887351,-0.012805370230077884,-0.13292897239824425,Fixed eta=0.005,3
700,-0.12917509823937057,-0.13836527469141796,-0.009190176452047394,-0.1349044738840861,Fixed eta=0.005,3
710,-0.13110050482252736,-0.14109628891702672,-0.00999578409449936,-0.13666499487126452,Fixed eta=0.005,3
720,-0.13171172740799855,-0.14119881159550787,-0.00948708418750932,-0.13775129939902578,Fixed eta=0.005,3
730,-0.1314616224658642,-0.13988059162919672,-0.008418969163332513,-0.13925031765811005,Fixed eta=0.005,3
740,-0.12162664893821576,-0.12802907910190345,-0.006402430163687689,-0.1404030056907263,Fixed eta=0.005,3
750,-0.11704162971793966,-0.12162719877007647,-0.0045855690521368064,-0.14110041859871633,Fixed eta=0.005,3
760,-0.11834611175026388,-0.12319285228965965,-0.004846740539395766,-0.1419660938282708,Fixed eta=0.005,3
770,-0.11802846196477448,-0.1216617255715012,-0.003633263606726722,-0.14263514636749594,Fixed eta=0.005,3
780,-0.12404449224055158,-0.12930820036364293,-0.0052637081230913485,-0.14332530702560747,Fixed eta=0.005,3
790,-0.1285049464203475,-0.13571410800425165,-0.007209161583904167,-0.1439221293222127,Fixed eta=0.005,3
800,-0.1286761438805352,-0.13477521282364122,-0.006099068943106023,-0.144574470315282,Fixed eta=0.005,3
1,11.942000353567229,11.943638952987577,0.0016385994203478305,11.615136163985692,Fixed eta=0.005,4
10,10.778913179407901,10.793308071897354,0.01439489248945236,10.60178143245371,Fixed eta=0.005,4
20,9.69687137693184,9.716220658909869,0.019349281978028543,9.582061681323921,Fixed eta=0.005,4
30,8.732365643080842,8.755735114893573,0.023369471812731746,8.661290598185039,Fixed eta=0.005,4
40,7.852740281310401,7.8803200319339535,0.02757975062355289,7.830721345280451,Fixed eta=0.005,4
50,7.081791805501542,7.109308030446527,0.027516224944984735,7.0754651884093445,Fixed eta=0.005,4
60,6.350232002048118,6.380787315132603,0.030555313084485114,6.395696316984426,Fixed eta=0.005,4
70,5.725019721449087,5.755402822799829,0.030383101350742514,5.780989965273718,Fixed eta=0.005,4
80,5.164396208665013,5.192908609888796,0.02851240122378318,5.220016413345189,Fixed eta=0.005,4
90,4.698733848188678,4.7240345131405075,0.025300664951829255,4.71832451459706,Fixed eta=0.005,4
100,4.231846693167918,4.256050001941885,0.024203308773967258,4.26089439352804,Fixed eta=0.005,4
110,3.807352927774649,3.831639420176823,0.024286492402174176,3.8485515675075703,Fixed eta=0.005,4
120,3.472188426078986,3.494001106456753,0.02181268037776718,3.478309033232179,Fixed eta=0.005,4
130,3.1256205079386126,3.1470084392478777,0.021387931309265085,3.141975280620985,Fixed eta=0.005,4
140,2.8094612020354166,2.8304325429399393,0.020971340904522684,2.8425745518776275,Fixed eta=0.005,4
150,2.5326095072948283,2.5538853532383685,0.02127584594354026,2.5676877762495964,Fixed eta=0.005,4
160,2.306203189664837,2.32457985862826,0.018376668963422826,2.3227331273194327,Fixed eta=0.005,4
170,2.062808624923018,2.0816574143015316,0.01884878937851342,2.0984282591605727,Fixed eta=0.005,4
180,1.88772381423213,1.904529409593763,0.016805595361633063,1.8975145061803185,Fixed eta=0.005,4
190,1.7023214027557951,1.7193215811450528,0.017000178389257714,1.7159004575225372,Fixed eta=0.005,4
200,1.5539486168286978,1.5695318379818555,0.01558322115315769,1.5531812119202124,Fixed eta=0.005,4
210,1.4054500111763781,1.4205380265734207,0.01508801539704252,1.405800575386391,Fixed eta=0.005,4
220,1.2529935647819312,1.2688824937529273,0.01588892897099603,1.2728049357460742,Fixed eta=0.005,4
230,1.1104265403142244,1.1269599988280232,0.016533458513798838,1.1502888483357179,Fixed eta=0.005,4
240,0.9975066919641825,1.0136537341828318,0.016147042218649266,1.0413240960666912,Fixed eta=0.005,4
250,0.8997533915942233,0.9160764155202479,0.016323023926024582,0.9445162818939248,Fixed eta=0.005,4
260,0.8048713796618873,0.8208116669080491,0.01594028724616181,0.8561504178113856,Fixed eta=0.005,4
270,0.7479417999448625,0.7619690068900054,0.014027206945142812,0.7753037500160325,Fixed eta=0.005,4
280,0.702078516306041,0.7138812664806498,0.011802750174608745,0.7015639113785792,Fixed eta=0.005,4
290,0.6164109365220507,0.6289739241781653,0.012562987656114633,0.6338222691580996,Fixed eta=0.005,4
300,0.5666551946650045,0.5783285258122555,0.011673331147250998,0.5720569454652391,Fixed eta=0.005,4
310,0.5171586300960516,0.5279117674289882,0.010753137332936591,0.5166736174115114,Fixed eta=0.005,4
320,0.43976591600831416,0.45233094750259767,0.012565031494283507,0.46659894218259174,Fixed eta=0.005,4
330,0.366214573727253,0.37853229395510374,0.012317720227850715,0.42001192299046186,Fixed eta=0.005,4
340,0.33986075299509194,0.35115337301959165,0.011292620024499711,0.3782742347335718,Fixed eta=0.005,4
350,0.29788996582148436,0.3090192388276921,0.011129273006207752,0.34224945980364546,Fixed eta=0.005,4
360,0.275406705978713,0.2853020193898697,0.009895313411156736,0.30801266761989926,Fixed eta=0.005,4
370,0.2503630124579502,0.25950467542977346,0.009141662971823283,0.27715697769285375,Fixed eta=0.005,4
380,0.23771963938907803,0.2459877951262998,0.008268155737221783,0.2476772066408558,Fixed eta=0.005,4
390,0.2066517055807816,0.2150260988293098,0.008374393248528178,0.22221134999172498,Fixed eta=0.005,4
400,0.1775365607508722,0.18571833509168978,0.008181774340817571,0.19858626672570245,Fixed eta=0.005,4
410,0.1740131475336577,0.18088674067422655,0.0068735931405688455,0.17632175539556294,Fixed eta=0.005,4
420,0.1639791567892826,0.16972433252094943,0.0057451757316668295,0.15497757450486405,Fixed eta=0.005,4
430,0.14093853327664513,0.14700632987203055,0.006067796595385422,0.13581842310169967,Fixed eta=0.005,4
440,0.10995611041586095,0.11636704155829725,0.006410931142436294,0.11820049067673455,Fixed eta=0.005,4
450,0.09155153020469775,0.09752298258574454,0.0059714523810467934,0.10264339096645214,Fixed eta=0.005,4
460,0.07703439557447905,0.08231243593774007,0.005278040363261016,0.08875195458226048,Fixed eta=0.005,4
470,0.06861364066015857,0.07371238681734338,0.005098746157184808,0.07633027438161344,Fixed eta=0.005,4
480,0.04660102059948701,0.052014789924025306,0.005413769324538298,0.06421149918714797,Fixed eta=0.005,4
490,0.04548945714691366,0.05012390193207994,0.004634444785166281,0.052260854413854085,Fixed eta=0.005,4
500,0.02803550587285608,0.032475577701009506,0.004440071828153425,0.0418538889590051,Fixed eta=0.005,4
510,0.01145500648057618,0.01586535475234513,0.004410348271768949,0.03232425308154063,Fixed eta=0.005,4
520,0.01663226366769549,0.019898560318341696,0.0032662966506462054,0.023967110403050995,Fixed eta=0.005,4
530,0.01236574667387802,0.015323897471020087,0.0029581507971420673,0.01564856092678174,Fixed eta=0.005,4
540,0.00638753213925447,0.009141404803840125,0.002753872664585655,0.007774078699749221,Fixed eta=0.005,4
550,0.00555288759868014,0.008089919183353445,0.002537031584673305,0.000711189555281988,Fixed eta=0.005,4
560,-0.0002054839241008577,0.002233872650896307,0.0024393565749971646,-0.005892109271868673,Fixed eta=0.005,4
570,-0.019937640158918135,-0.017179021839727637,0.002758618319190498,-0.01208740898383276,Fixed eta=0.005,4
580,-0.028268870236672183,-0.025489925505631394,0.002778944731040789,-0.017349145202839505,Fixed eta=0.005,4
590,-0.028813410670723405,-0.02619626907929884,0.0026171415914245655,-0.02255324397155023,Fixed eta=0.005,4
600,-0.024054167582086033,-0.021978756554199674,0.002075411027886359,-0.02745631456702824,Fixed eta=0.005,4
610,-0.029985693642480826,-0.028006692666119076,0.00197900097636175,-0.03203793251185755,Fixed eta=0.005,4
620,-0.03724176770303428,-0.03528587915875295,0.001955888544281331,-0.03670406209646265,Fixed eta=0.005,4
630,-0.04987164981508757,-0.04760168513246127,0.002269964682626302,-0.0407122289370479,Fixed eta=0.005,4
640,-0.039627226268474564,-0.03818602296913362,0.001441203299340943,-0.04486248515102176,Fixed eta=0.005,4
650,-0.042203750680901514,-0.041022390824374616,0.001181359856526898,-0.04909928228917043,Fixed eta=0.005,4
660,-0.051661588764898986,-0.05040483821651104,0.001256750548387947,-0.053115480596395814,Fixed eta=0.005,4
670,-0.05866461084486199,-0.05717471074903377,0.0014899000958282227,-0.05638619899327518,Fixed eta=0.005,4
680,-0.06566937678129464,-0.06401611461832113,0.0016532621629735123,-0.05942659692099578,Fixed eta=0.005,4
690,-0.06406687802330993,-0.06269556653401012,0.001371311489299809,-0.06186328148934714,Fixed eta=0.005,4
700,-0.05624968958112167,-0.05544060337976958,0.0008090862013520883,-0.06502157244064849,Fixed eta=0.005,4
710,-0.059323304612118904,-0.058641459928446465,0.000681844683672439,-0.06829328290299047,Fixed eta=0.005,4
720,-0.06546914840964502,-0.06481152147608896,0.0006576269335560603,-0.07131700841954394,Fixed eta=0.005,4
730,-0.06840092628659128,-0.06784647285370124,0.0005544534328900397,-0.07427312840078193,Fixed eta=0.005,4
740,-0.07209005650248948,-0.07152376568287336,0.000566290819616122,-0.07680587300517619,Fixed eta=0.005,4
750,-0.07562681024224963,-0.07511004202933536,0.0005167682129142703,-0.0794166788747333,Fixed eta=0.005,4
760,-0.0841255607475336,-0.08343257169732005,0.0006929890502135605,-0.08163715499709431,Fixed eta=0.005,4
770,-0.08780272674372425,-0.08705821002194142,0.0007445167217828286,-0.08314434296285178,Fixed eta=0.005,4
780,-0.09131275815938653,-0.09056340739643934,0.0007493507629471874,-0.08514259120724343,Fixed eta=0.005,4
790,-0.09489714760014772,-0.09407958421247237,0.0008175633876753574,-0.08655817748022396,Fixed eta=0.005,4
800,-0.09540682079054855,-0.09465610765018428,0.000750713140364262,-0.08815852489120568,Fixed eta=0.005,4
1,11.593396848474292,11.592363293289937,-0.001033555184354995,11.764050433748901,Fixed eta=0.005,5
10,10.645394744970842,10.647167422553101,0.0017726775822595187,10.741792695071984,Fixed eta=0.005,5
20,9.638058994384396,9.640248963518783,0.0021899691343865157,9.701937965165992,Fixed eta=0.005,5
30,8.727535687717843,8.729711182232439,0.002175494514595755,8.760478081692053,Fixed eta=0.005,5
40,7.8873121072327805,7.888189024735824,0.0008769175030431953,7.907269121015874,Fixed eta=0.005,5
50,7.1231174853950066,7.124670462173346,0.0015529767783393211,7.131842451934849,Fixed eta=0.005,5
60,6.441876557342382,6.441279655896804,-0.0005969014455775579,6.42948643536646,Fixed eta=0.005,5
70,5.800864210271723,5.800214070353423,-0.0006501399183003187,5.793622429561196,Fixed eta=0.005,5
80,5.233518299597407,5.232931517381928,-0.0005867822154792535,5.218176340664009,Fixed eta=0.005,5
90,4.710523494718751,4.710835723898651,0.0003122291799000365,4.696004769839647,Fixed eta=0.005,5
100,4.233551404599985,4.234662753749937,0.0011113491499523676,4.225060774879021,Fixed eta=0.005,5
110,3.813288785668394,3.814475053944283,0.0011862682758891907,3.799489588110078,Fixed eta=0.005,5
120,3.4207080823540155,3.4210475868377523,0.00033950448373687436,3.4125741788532116,Fixed eta=0.005,5
130,3.0754074804926947,3.074872258169882,-0.0005352223228127784,3.067252383455933,Fixed eta=0.005,5
140,2.7684065869909373,2.767459196311231,-0.0009473906797063947,2.754651728031312,Fixed eta=0.005,5
150,2.4740429891344204,2.4736439242107546,-0.00039906492366581503,2.4710754235662042,Fixed eta=0.005,5
160,2.225415985018487,2.224482405696691,-0.000933579321796163,2.2166094188941154,Fixed eta=0.005,5
170,1.991369791469064,1.9903595234698084,-0.0010102679992556318,1.9850584058718135,Fixed eta=0.005,5
180,1.7878465165478055,1.7862559008908687,-0.0015906156569367447,1.77598847471415,Fixed eta=0.005,5
190,1.5972509308149099,1.5960093825041715,-0.0012415483107384162,1.589701819152074,Fixed eta=0.005,5
200,1.4289391642742642,1.4274556923878965,-0.00148347188636766,1.4222504278234398,Fixed eta=0.005,5
210,1.2745831353966206,1.2732373009585929,-0.0013458344380277154,1.2713808057130052,Fixed eta=0.005,5
220,1.1417453455685764,1.1404181624134577,-0.0013271831551187052,1.1341501501682643,Fixed eta=0.005,5
230,1.0197669905882658,1.0183543301173268,-0.00141266047093902,1.010279147461125,Fixed eta=0.005,5
240,0.9015288816545002,0.8999967465700176,-0.0015321350844825776,0.898150746821495,Fixed eta=0.005,5
250,0.8014808163976754,0.7996312156491451,-0.0018496007485303556,0.7969524650746682,Fixed eta=0.005,5
260,0.7076163718503516,0.7051010190477618,-0.002515352802589854,0.705973771396434,Fixed eta=0.005,5
270,0.6240731894240263,0.6211642854054629,-0.002908904018563474,0.6226156452327833,Fixed eta=0.005,5
280,0.5508486952820872,0.5478902608009828,-0.002958434481104444,0.5473650186795089,Fixed eta=0.005,5
290,0.481450229841953,0.478085984220103,-0.003364245621850004,0.4797800420656635,Fixed eta=0.005,5
300,0.42183716823877293,0.4184894334706482,-0.0033477347681247216,0.41884246346476056,Fixed eta=0.005,5
310,0.36671124592176774,0.363211630888976,-0.0034996150327917253,0.36338923522557715,Fixed eta=0.005,5
320,0.3179632737416707,0.3144986065813333,-0.0034646671603374424,0.31379970729164536,Fixed eta=0.005,5
330,0.27287663518489874,0.2692126388790398,-0.003663996305858952,0.2692192671717708,Fixed eta=0.005,5
340,0.22844930342261904,0.2239754711565115,-0.004473832266107536,0.2282534579852626,Fixed eta=0.005,5
350,0.18932006197154555,0.18434357889405117,-0.004976483077494376,0.19124258674389688,Fixed eta=0.005,5
360,0.15587868219008233,0.15067414880700986,-0.005204533383072474,0.15805466573432403,Fixed eta=0.005,5
370,0.13215613655301456,0.12801716057034906,-0.004138975982665494,0.1283844678144372,Fixed eta=0.005,5
380,0.11253311878312072,0.1092658423594085,-0.0032672764237122176,0.10163386890472748,Fixed eta=0.005,5
390,0.08295603539728169,0.07859293919428606,-0.004363096202995631,0.07769848807159269,Fixed eta=0.005,5
400,0.06531575477362195,0.06163772102805243,-0.00367803374556952,0.055742889151034036,Fixed eta=0.005,5
410,0.051824318494242294,0.048771265081971715,-0.003053053412270579,0.03574473107609977,Fixed eta=0.005,5
420,0.027959727746646457,0.02390875648896218,-0.004050971257684277,0.017909879036489107,Fixed eta=0.005,5
430,0.01140817805627703,0.007343401880145206,-0.0040647761761318235,0.0015401950846972157,Fixed eta=0.005,5
440,-0.009050232397085523,-0.014273795204016282,-0.005223562806930759,-0.013397650611459366,Fixed eta=0.005,5
450,-0.025303011174867607,-0.030962011489035435,-0.005659000314167828,-0.026258698132474168,Fixed eta=0.005,5
460,-0.038447344367712744,-0.04388466131339114,-0.005437316945678394,-0.03852909106575214,Fixed eta=0.005,5
470,-0.04521815609334012,-0.049704202805239295,-0.004486046711899172,-0.04967425413405713,Fixed eta=0.005,5
480,-0.05208558794576684,-0.05660098661982593,-0.00451539867405909,-0.05973531203645682,Fixed eta=0.005,5
490,-0.06490258640086882,-0.07002787181726494,-0.005125285416396119,-0.06891842112972074,Fixed eta=0.005,5
500,-0.06892178562911233,-0.07390853245256973,-0.0049867468234574,-0.07708597144489693,Fixed eta=0.005,5
510,-0.08400955178144459,-0.09090634593566543,-0.006896794154220842,-0.08442503512624888,Fixed eta=0.005,5
520,-0.09020772391248627,-0.09683798566606033,-0.006630261753574063,-0.09146007376128096,Fixed eta=0.005,5
530,-0.09250627539626527,-0.09788367845949081,-0.005377403063225539,-0.09728957323593157,Fixed eta=0.005,5
540,-0.09781022291442698,-0.10339102798841249,-0.005580805073985506,-0.10263888917660668,Fixed eta=0.005,5
550,-0.10028780923413894,-0.10568859013214221,-0.005400780898003277,-0.10723585494569554,Fixed eta=0.005,5
560,-0.1021535261550327,-0.10669309236729274,-0.004539566212260038,-0.111751433595498,Fixed eta=0.005,5
570,-0.10760497806877001,-0.11281481113439407,-0.005209833065624059,-0.11608434550080915,Fixed eta=0.005,5
580,-0.11394713256730943,-0.11930505687558934,-0.0053579243082799155,-0.11963795128629579,Fixed eta=0.005,5
590,-0.12122806373444142,-0.12703177231296583,-0.005803708578524414,-0.1230446029621444,Fixed eta=0.005,5
600,-0.12938533955826964,-0.13577886788729293,-0.00639352832902329,-0.1264751707509607,Fixed eta=0.005,5
610,-0.1359001319661915,-0.14213647003441765,-0.006236338068226155,-0.1296945605109695,Fixed eta=0.005,5
620,-0.13642479722775747,-0.14234859680913436,-0.0059237995813768984,-0.1321994644922902,Fixed eta=0.005,5
630,-0.1320201975610467,-0.1371155369837563,-0.005095339422709622,-0.13462191592441816,Fixed eta=0.005,5
640,-0.1284813524991563,-0.13419363298885553,-0.00571228048969924,-0.13669857656039294,Fixed eta=0.005,5
650,-0.12919013360905313,-0.13365753781949646,-0.004467404210443338,-0.13867348524338363,Fixed eta=0.005,5
660,-0.13652706346849894,-0.1416410697184702,-0.00511400624997127,-0.14046926570259208,Fixed eta=0.005,5
670,-0.1380050034759629,-0.1431953727520836,-0.00519036927612071,-0.14223397323232345,Fixed eta=0.005,5
680,-0.1405886522677091,-0.14627624696468916,-0.005687594696980047,-0.14363571942321546,Fixed eta=0.005,5
690,-0.14892295097712124,-0.15566204688302313,-0.006739095905901882,-0.1454078281323413,Fixed eta=0.005,5
700,-0.15652476806606824,-0.16384849159062742,-0.007323723524559178,-0.1472579323947243,Fixed eta=0.005,5
710,-0.1420831082832223,-0.14859616949098936,-0.006513061207767068,-0.14861360415592845,Fixed eta=0.005,5
720,-0.1535045707105198,-0.16196844938032492,-0.008463878669805136,-0.14982743950919922,Fixed eta=0.005,5
730,-0.15484717317281177,-0.16342992806757128,-0.008582754894759514,-0.15111437535084987,Fixed eta=0.005,5
740,-0.15058393568510775,-0.1573649165511236,-0.006780980866015862,-0.15242536570614096,Fixed eta=0.005,5
750,-0.1496764292215309,-0.1577601762457972,-0.008083747024266286,-0.15342625076644423,Fixed eta=0.005,5
760,-0.1564339981114519,-0.1645250225279429,-0.00809102441649101,-0.15435174014581984,Fixed eta=0.005,5
770,-0.15614718323846144,-0.16427153925930066,-0.008124356020839218,-0.15506079693534974,Fixed eta=0.005,5
780,-0.14666502393433,-0.15317431143732857,-0.006509287502998562,-0.15575725043873834,Fixed eta=0.005,5
790,-0.15179973441937666,-0.16076313924906277,-0.008963404829686106,-0.15655252185558333,Fixed eta=0.005,5
800,-0.14993898273365303,-0.15866486366242327,-0.008725880928770247,-0.1571911578206987,Fixed eta=0.005,5
1,11.810518456604003,11.806155028397779,-0.004363428206223929,11.05063505606849,Fixed eta=0.005,6
10,10.609396269756314,10.558393562647243,-0.0510027071090704,10.05803038421513,Fixed eta=0.005,6
20,9.462164310534126,9.38520081075815,-0.07696349977597627,9.057470819561146,Fixed eta=0.005,6
30,8.43616549069777,8.345716969785608,-0.09044852091216171,8.141014551588903,Fixed eta=0.005,6
40,7.555147683499803,7.454972093059572,-0.10017559044023105,7.335261486414144,Fixed eta=0.005,6
50,6.774294217940628,6.6686368230645074,-0.10565739487612014,6.614668223116244,Fixed eta=0.005,6
60,6.110132338475016,6.011193021088757,-0.09893931738625916,5.968874523942928,Fixed eta=0.005,6
70,5.469757771264403,5.377071035702286,-0.0926867355621166,5.36035125247966,Fixed eta=0.005,6
80,4.9512962521516135,4.868604016493601,-0.08269223565801287,4.830536400834189,Fixed eta=0.005,6
90,4.442938341907327,4.365226000371884,-0.07771234153544349,4.3370698140757415,Fixed eta=0.005,6
100,3.988934567564365,3.9163356910282836,-0.07259887653608121,3.898342554709587,Fixed eta=0.005,6
110,3.5691787299621267,3.5017125245575413,-0.06746620540458537,3.491093688469162,Fixed eta=0.005,6
120,3.196538590800605,3.1294644089985115,-0.06707418180209368,3.1347850898108,Fixed eta=0.005,6
130,2.886412838207988,2.828824238673817,-0.057588599534170726,2.8121151178197783,Fixed eta=0.005,6
140,2.5813291619702374,2.519644724846276,-0.061684437123961544,2.5278028814993023,Fixed eta=0.005,6
150,2.321364514198817,2.2603707085971303,-0.060993805601686546,2.2777253043780954,Fixed eta=0.005,6
160,2.10616242404257,2.054181368268839,-0.05198105577373102,2.0425822098399724,Fixed eta=0.005,6
170,1.8851380878674895,1.83631930023411,-0.048818787633379435,1.8260106215645948,Fixed eta=0.005,6
180,1.6788986411848317,1.6369094117853682,-0.04198922939946348,1.6307161166872295,Fixed eta=0.005,6
190,1.5023297476783093,1.4572838043182021,-0.045045943360107144,1.460275210681826,Fixed eta=0.005,6
200,1.337753791462783,1.290041854798531,-0.047711936664252,1.308720963481766,Fixed eta=0.005,6
210,1.1887939693395126,1.145638031246715,-0.04315593809279772,1.1693047940478984,Fixed eta=0.005,6
220,1.064696258402852,1.0260681608680184,-0.03862809753483365,1.0445541359454094,Fixed eta=0.005,6
230,0.9484680310420739,0.9137121168569975,-0.0347559141850764,0.9288023989783332,Fixed eta=0.005,6
240,0.870909247019378,0.8442878212881999,-0.026621425731178094,0.8272880280390689,Fixed eta=0.005,6
250,0.7660946694249505,0.7340905409893704,-0.03200412843558009,0.7323019787885928,Fixed eta=0.005,6
260,0.6719812778650112,0.6396596490051054,-0.03232162885990575,0.6472560518875198,Fixed eta=0.005,6
270,0.6017588361050467,0.5712803977310459,-0.03047843837400077,0.5682153862945925,Fixed eta=0.005,6
280,0.52991858382974,0.5020400624210831,-0.027878521408656876,0.5000532376823164,Fixed eta=0.005,6
290,0.4474435675677584,0.4176083010360354,-0.02983526653172297,0.43709360113942275,Fixed eta=0.005,6
300,0.39700347706269734,0.36638269755118746,-0.030620779511509877,0.3822417275366343,Fixed eta=0.005,6
310,0.34861041333005915,0.3240880572507121,-0.024522356079347052,0.33154179278280227,Fixed eta=0.005,6
320,0.2741054622300927,0.2505989874582162,-0.023506474771876507,0.28510854664622476,Fixed eta=0.005,6
330,0.25230825064779283,0.2338843495058468,-0.01842390114194603,0.24309969353728123,Fixed eta=0.005,6
340,0.2072198865365501,0.1838623544195359,-0.02335753211701419,0.2062966331730105,Fixed eta=0.005,6
350,0.16743216696636098,0.14767150701330256,-0.019760659953058424,0.171505422788639,Fixed eta=0.005,6
360,0.1504008403224466,0.13068779764123883,-0.01971304268120777,0.141217772393752,Fixed eta=0.005,6
370,0.10074003869178372,0.08221792129819272,-0.018522117393590998,0.11174788279393433,Fixed eta=0.005,6
380,0.07297520801426094,0.05223889796391923,-0.02073631005034171,0.08885017786512717,Fixed eta=0.005,6
390,0.07547051326781673,0.059496984394017516,-0.015973528873799214,0.06652239906026136,Fixed eta=0.005,6
400,0.060485628183072904,0.047930181943500294,-0.01255544623957261,0.0448623545037119,Fixed eta=0.005,6
410,0.033400567090291045,0.02065945076640774,-0.012741116323883306,0.025972561944429096,Fixed eta=0.005,6
420,-0.0017545742951609045,-0.013424434671502894,-0.01166986037634199,0.0085957141931019,Fixed eta=0.005,6
430,-0.00444380670514577,-0.017740950065150196,-0.013297143360004426,-0.007288993311809211,Fixed eta=0.005,6
440,-0.0521010229073009,-0.06430965956714463,-0.01220863665984373,-0.021822464829489574,Fixed eta=0.005,6
450,-0.028893805195437716,-0.03869338132048972,-0.009799576125052,-0.034590432662787385,Fixed eta=0.005,6
460,-0.04075398367917815,-0.050244512011764164,-0.009490528332586012,-0.04586669573971647,Fixed eta=0.005,6
470,-0.042241382988706055,-0.05043615571868987,-0.008194772729983812,-0.056275650269781874,Fixed eta=0.005,6
480,-0.0534409717519716,-0.059759201625143366,-0.006318229873171766,-0.06550344290279708,Fixed eta=0.005,6
490,-0.08586997580682487,-0.09237531981159153,-0.0065053440047666555,-0.07502959957462019,Fixed eta=0.005,6
500,-0.09537130379518882,-0.10249082194054776,-0.0071195181453589385,-0.08269024375517292,Fixed eta=0.005,6
510,-0.09863419555775255,-0.10581689399246974,-0.007182698434717194,-0.0898567273104991,Fixed eta=0.005,6
520,-0.08520703775841082,-0.09141931377806206,-0.006212276019651242,-0.09656729201933517,Fixed eta=0.005,6
530,-0.11133983460968494,-0.1160464152237099,-0.004706580614024958,-0.10279637737198383,Fixed eta=0.005,6
540,-0.11288417746213258,-0.1172943318992396,-0.004410154437107017,-0.10863137384455063,Fixed eta=0.005,6
550,-0.1150610364696012,-0.11714719041200561,-0.0020861539424044118,-0.11418852533452606,Fixed eta=0.005,6
560,-0.115847710403158,-0.11743090911971688,-0.0015831987165588757,-0.11874193596593463,Fixed eta=0.005,6
570,-0.11967841495333331,-0.1249690060361377,-0.005290591082804386,-0.12337436186356687,Fixed eta=0.005,6
580,-0.12729456181102972,-0.12897200373633677,-0.001677441925307055,-0.12743558713553937,Fixed eta=0.005,6
590,-0.12518643961452292,-0.12719297162014576,-0.002006532005622841,-0.13072476982650372,Fixed eta=0.005,6
600,-0.10756633109409358,-0.10743796290383306,0.00012836819026051938,-0.133929092798535,Fixed eta=0.005,6
610,-0.11385144089693094,-0.11356317036986646,0.00028827052706448253,-0.13669874101888752,Fixed eta=0.005,6
620,-0.1320349118055062,-0.12979333843917196,0.0022415733663342374,-0.1391792592471971,Fixed eta=0.005,6
630,-0.14906247108440063,-0.14670220478973917,0.0023602662946614617,-0.14181460935875412,Fixed eta=0.005,6
640,-0.1414572223761526,-0.13965299197014086,0.001804230406011742,-0.1442983975977296,Fixed eta=0.005,6
650,-0.1272432860619207,-0.12810657593723462,-0.0008632898753139218,-0.14627470503672513,Fixed eta=0.005,6
660,-0.1360197578931429,-0.13415803645755942,0.0018617214355834966,-0.1481877270285199,Fixed eta=0.005,6
670,-0.1432307613379442,-0.1428464039529862,0.00038435738495801175,-0.14994573810894096,Fixed eta=0.005,6
680,-0.14769649479350916,-0.1467702686832119,0.0009262261102972458,-0.15163027380792288,Fixed eta=0.005,6
690,-0.15184100597712114,-0.15098408703729038,0.0008569189398307531,-0.15284701565527226,Fixed eta=0.005,6
700,-0.15913153916077477,-0.16057230585149834,-0.0014407666907235717,-0.1539835996567202,Fixed eta=0.005,6
710,-0.1501990756054385,-0.1544960627370648,-0.004296987131626295,-0.15490810018984297,Fixed eta=0.005,6
720,-0.15350737004821835,-0.1550581162712209,-0.0015507462230025526,-0.15585493226350555,Fixed eta=0.005,6
730,-0.1457166558908044,-0.14696129038867867,-0.001244634497874264,-0.15654460079086951,Fixed eta=0.005,6
740,-0.15126127744253526,-0.14859149550829964,0.0026697819342356155,-0.15731564639053075,Fixed eta=0.005,6
750,-0.15842262790704942,-0.15706445925680523,0.0013581686502441848,-0.15819542411421705,Fixed eta=0.005,6
760,-0.17756517360072388,-0.1766922402395278,0.0008729333611960932,-0.15878980403253795,Fixed eta=0.005,6
770,-0.17348895514991336,-0.17301101110190642,0.0004779440480069397,-0.1594244445296814,Fixed eta=0.005,6
780,-0.18275804951056207,-0.18408575379923076,-0.0013277042886686852,-0.15982468493686885,Fixed eta=0.005,6
790,-0.19312865666947554,-0.18964214860880213,0.00348650806067341,-0.16039539463382302,Fixed eta=0.005,6
800,-0.18161680685477644,-0.17803010876588787,0.0035866980888885625,-0.16077454475725406,Fixed eta=0.005,6
1,12.7104502092248,12.711269846351113,0.0008196371263125002,12.761648702772632,Fixed eta=0.005,7
10,11.618776246959003,11.630768899276577,0.011992652317573516,11.649959790415677,Fixed eta=0.005,7
20,10.489196755291392,10.505669957913462,0.01647320262206975,10.51992418366546,Fixed eta=0.005,7
30,9.461416624426803,9.480812442749068,0.019395818322264446,9.49501540102851,Fixed eta=0.005,7
40,8.524890829952378,8.547861272904171,0.0229704429517934,8.559870099193514,Fixed eta=0.005,7
50,7.670277078635922,7.698558509913334,0.028281431277411784,7.70847944974262,Fixed eta=0.005,7
60,6.911207458473441,6.943875655929761,0.03266819745632077,6.9453456192436605,Fixed eta=0.005,7
70,6.211074162199117,6.246315540738166,0.03524137853904907,6.256415956656906,Fixed eta=0.005,7
80,5.59313858750468,5.6288924853967135,0.035753897892033315,5.637035160033613,Fixed eta=0.005,7
90,5.048122758505289,5.079608257724335,0.03148549921904564,5.083152252858157,Fixed eta=0.005,7
100,4.535769254727303,4.56364963537856,0.027880380651256864,4.581138843542085,Fixed eta=0.005,7
110,4.067379967314285,4.095775236341275,0.028395269026989745,4.128272321313009,Fixed eta=0.005,7
120,3.6566589145921906,3.687290974634499,0.03063206004230823,3.716737383602405,Fixed eta=0.005,7
130,3.3093510740972074,3.3406152838333503,0.031264209736142856,3.344183388031058,Fixed eta=0.005,7
140,2.9734607684551846,3.003240304545622,0.029779536090437375,3.0090091006305615,Fixed eta=0.005,7
150,2.672307124409137,2.700931609492447,0.028624485083309725,2.7091242335505985,Fixed eta=0.005,7
160,2.4012058549130844,2.4257592230399654,0.024553368126881026,2.4368764294714484,Fixed eta=0.005,7
170,2.1644830449495704,2.1896962538760336,0.02521320892646317,2.1907016698799193,Fixed eta=0.005,7
180,1.9207412397065788,1.946518025957184,0.025776786250605088,1.9680457383597054,Fixed eta=0.005,7
190,1.732135834060642,1.7592525364981781,0.027116702437536055,1.766289584411159,Fixed eta=0.005,7
200,1.549572712730101,1.572389154849302,0.022816442119200975,1.5834689633324273,Fixed eta=0.005,7
210,1.3692815638024676,1.3900851672128738,0.020803603410406213,1.4182799238345947,Fixed eta=0.005,7
220,1.21830834495812,1.2406726770108618,0.022364332052741798,1.2691831675488894,Fixed eta=0.005,7
230,1.064487547389638,1.0842259688239457,0.019738421434307707,1.1336901181735293,Fixed eta=0.005,7
240,0.9770937451039315,0.9946210908143722,0.017527345710440678,1.0117162691857855,Fixed eta=0.005,7
250,0.8850756415415988,0.8990476414010594,0.013971999859460627,0.9020304016093434,Fixed eta=0.005,7
260,0.7601739063723072,0.7747116101550813,0.01453770378277408,0.8028584079401602,Fixed eta=0.005,7
270,0.679448505102522,0.6954317199782976,0.015983214875775587,0.7131030498215087,Fixed eta=0.005,7
280,0.6140834732950231,0.6281483136580907,0.014064840363067543,0.6319451747669695,Fixed eta=0.005,7
290,0.5349316423083877,0.5497871085402011,0.01485546623181333,0.5597080465747543,Fixed eta=0.005,7
300,0.4596875388109003,0.4761972822559071,0.016509743445006775,0.49273444395212773,Fixed eta=0.005,7
310,0.3970520624595717,0.41017925171185177,0.01312718925228007,0.4319969678305741,Fixed eta=0.005,7
320,0.3492877849248721,0.36466945761778313,0.01538167269291102,0.377413548989444,Fixed eta=0.005,7
330,0.30435982771932063,0.316842115698912,0.012482287979591389,0.32926261173758764,Fixed eta=0.005,7
340,0.27608451915735355,0.2853927937928643,0.00930827463551076,0.28372489291856284,Fixed eta=0.005,7
350,0.23505010734223875,0.24245067045551683,0.00740056311327808,0.2418807243175236,Fixed eta=0.005,7
360,0.1899175975873516,0.20154002272660027,0.01162242513924866,0.205034658428908,Fixed eta=0.005,7
370,0.13978344020643618,0.15473988498886837,0.014956444782432188,0.17145105883414247,Fixed eta=0.005,7
380,0.11290004110462282,0.12717074285301122,0.014270701748388404,0.14169781285451905,Fixed eta=0.005,7
390,0.09671717880278774,0.10609664069494307,0.009379461892155327,0.11469947777794931,Fixed eta=0.005,7
400,0.08586222649961905,0.09178030937363546,0.005918082874016406,0.08952873632505348,Fixed eta=0.005,7
410,0.06276362429087778,0.0710525549824792,0.008288930691601415,0.0673424743467203,Fixed eta=0.005,7
420,0.040308139089297534,0.051304409503080906,0.010996270413783371,0.047332115997964164,Fixed eta=0.005,7
430,0.0376709787678422,0.04564097520889898,0.007969996441056781,0.028970357333036545,Fixed eta=0.005,7
440,0.003621232513556505,0.008561575252522546,0.0049403427389660415,0.012128312373587802,Fixed eta=0.005,7
450,-0.0018898580148281607,-7.991249052358151e-05,0.0018099455243045792,-0.003156945992926763,Fixed eta=0.005,7
460,-0.026650057715990827,-0.02490064254349611,0.0017494151724947171,-0.016792154030107753,Fixed eta=0.005,7
470,-0.034918238707534466,-0.03178839745333023,0.0031298412542042353,-0.029117608731465905,Fixed eta=0.005,7
480,-0.060847707149416785,-0.05672598717579441,0.004121719973622373,-0.04001767385241467,Fixed eta=0.005,7
490,-0.07213947474299576,-0.06547094037240292,0.006668534370592838,-0.05000395818640707,Fixed eta=0.005,7
500,-0.08147979314039949,-0.069580128480427,0.011899664659972498,-0.06006298786986819,Fixed eta=0.005,7
510,-0.08351796045499921,-0.07523429923896108,0.00828366121603813,-0.06879505628238058,Fixed eta=0.005,7
520,-0.08689723037741298,-0.07948118570337481,0.007416044674038169,-0.07641910747532055,Fixed eta=0.005,7
530,-0.08745088079328589,-0.08011731270903644,0.007333568084249453,-0.08316630350364662,Fixed eta=0.005,7
540,-0.08539263031122879,-0.07965837041461632,0.00573425989661247,-0.08928663023355193,Fixed eta=0.005,7
550,-0.1057323175500735,-0.09964389083776426,0.006088426712309247,-0.09488327238724875,Fixed eta=0.005,7
560,-0.09875274807254308,-0.09251259590029098,0.0062401521722521,-0.10015466024312758,Fixed eta=0.005,7
570,-0.09008558251316268,-0.08469402297270684,0.005391559540455837,-0.10471575705384539,Fixed eta=0.005,7
580,-0.07795569221653453,-0.07692365562573084,0.0010320365908036977,-0.1095725250907677,Fixed eta=0.005,7
590,-0.09168978941160566,-0.089182359506838,0.002507429904767655,-0.11335482915497014,Fixed eta=0.005,7
600,-0.09461937988607816,-0.0918580822238293,0.0027612976622488627,-0.11635514583333612,Fixed eta=0.005,7
610,-0.09166080865264675,-0.09206887233926908,-0.0004080636866223286,-0.12008534222481893,Fixed eta=0.005,7
620,-0.09821105248449319,-0.0976588774227955,0.0005521750616976906,-0.12326243625074712,Fixed eta=0.005,7
630,-0.11970864954000837,-0.12138746340512002,-0.0016788138651116502,-0.12621925102426057,Fixed eta=0.005,7
640,-0.12094184385269047,-0.12264549583015938,-0.0017036519774689118,-0.12878404967112622,Fixed eta=0.005,7
650,-0.11397963186233134,-0.11102577654863605,0.002953855313695297,-0.13126280955563707,Fixed eta=0.005,7
660,-0.13362805556288837,-0.13237017830414738,0.0012578772587409914,-0.13389740695131136,Fixed eta=0.005,7
670,-0.12698268034136484,-0.1258466229982556,0.0011360573431092313,-0.13633998542455578,Fixed eta=0.005,7
680,-0.1506411456045188,-0.15416422720293482,-0.0035230815984160224,-0.13859293465637484,Fixed eta=0.005,7
690,-0.1482602194159517,-0.15190250933215765,-0.003642289916205965,-0.140386293556512,Fixed eta=0.005,7
700,-0.12948474971586005,-0.1328288144352236,-0.0033440647193635487,-0.14178902181000513,Fixed eta=0.005,7
710,-0.15320602098407526,-0.15744975135908096,-0.004243730375005694,-0.14324344531523692,Fixed eta=0.005,7
720,-0.14145789000199016,-0.14087904935054274,0.0005788406514474209,-0.14483146607015718,Fixed eta=0.005,7
730,-0.14698121130023079,-0.1492801125182729,-0.0022989012180421042,-0.1459843451837236,Fixed eta=0.005,7
740,-0.1501140742196015,-0.15138691817450445,-0.001272843954902958,-0.14707157536836435,Fixed eta=0.005,7
750,-0.16710284789459806,-0.1691303448259575,-0.0020274969313594515,-0.14807182086916804,Fixed eta=0.005,7
760,-0.15808543727364266,-0.15931124686184744,-0.0012258095882047848,-0.14912841820772427,Fixed eta=0.005,7
770,-0.13878930077770552,-0.14082594471765242,-0.0020366439399469027,-0.1501531837099963,Fixed eta=0.005,7
780,-0.14230146783193975,-0.1435041899613836,-0.001202722129443834,-0.1511810661257577,Fixed eta=0.005,7
790,-0.13235174439941605,-0.1318072646963513,0.0005444797030647597,-0.15194003831619518,Fixed eta=0.005,7
800,-0.13799882266056673,-0.13943370659693416,-0.001434883936367426,-0.15263329321698754,Fixed eta=0.005,7
1,11.344139810950221,11.343971706615516,-0.00016810433470482167,11.276206800820958,Fixed eta=0.01,0
10,9.41872080578199,9.421332736303109,0.002611930521119632,9.387470412207826,Fixed eta=0.01,0
20,7.683733763924858,7.685333794859873,0.001600030935015262,7.65298745382117,Fixed eta=0.01,0
30,6.251716949600073,6.25502653073542,0.0033095811353467397,6.2354627009738435,Fixed eta=0.01,0
40,5.067340533518134,5.073701413034743,0.006360879516608797,5.076148593344927,Fixed eta=0.01,0
50,4.123721194270573,4.128989069628821,0.00526787535824802,4.127717494564811,Fixed eta=0.01,0
60,3.3525509927193973,3.3572979761767625,0.004746983457365239,3.3515445351381663,Fixed eta=0.01,0
70,2.729316638979938,2.7326610910057374,0.0033444520257992494,2.7174319816144705,Fixed eta=0.01,0
80,2.195206937351475,2.2008667380817712,0.0056598007302963715,2.1985158225836865,Fixed eta=0.01,0
90,1.7686908407361313,1.7745357598825537,0.005844919146422489,1.7738776278205295,Fixed eta=0.01,0
100,1.4194626497208653,1.425656404328921,0.006193754608055713,1.4261633717000386,Fixed eta=0.01,0
110,1.130464410177948,1.1376110571379623,0.0071466469600143245,1.1418040222021026,Fixed eta=0.01,0
120,0.8912188123309948,0.9003179942668318,0.00909918193583703,0.9086995972070149,Fixed eta=0.01,0
130,0.7121432666133436,0.7199470653005169,0.007803798687173291,0.7175176850510134,Fixed eta=0.01,0
140,0.5517233102848598,0.561050556652938,0.009327246368078246,0.5616543161122725,Fixed eta=0.01,0
150,0.41630265888078083,0.42709410936899106,0.01079145048821023,0.4336690970703625,Fixed eta=0.01,0
160,0.3213629493347675,0.33139414936900774,0.01003120003424024,0.32829027725707816,Fixed eta=0.01,0
170,0.23226778974883183,0.24304302167736103,0.010775231928529194,0.24094971940773313,Fixed eta=0.01,0
180,0.15445142254326305,0.1666893639720704,0.012237941428807353,0.16985000045035348,Fixed eta=0.01,0
190,0.09903033237601722,0.1114841242508035,0.01245379187478629,0.11133080977288778,Fixed eta=0.01,0
200,0.05777433015119682,0.07104930654523223,0.01327497639403541,0.06274771856874733,Fixed eta=0.01,0
210,0.0247348522367003,0.0371778318966528,0.012442979659952502,0.022321902425439855,Fixed eta=0.01,0
220,-0.01736317365037615,-0.003462405616146358,0.013900768034229793,-0.010513324362651844,Fixed eta=0.01,0
230,-0.03880030253918898,-0.025150923870654318,0.013649378668534662,-0.03773326059851334,Fixed eta=0.01,0
240,-0.08195165636172186,-0.06402539560851128,0.017926260753210577,-0.060200791259967135,Fixed eta=0.01,0
250,-0.10731523603499138,-0.08718548440883112,0.020129751626160264,-0.07865872324135725,Fixed eta=0.01,0
260,-0.12028206953452875,-0.10067732126399265,0.0196047482705361,-0.09368517406846133,Fixed eta=0.01,0
270,-0.12164830295988394,-0.10330147592000333,0.01834682703988061,-0.10631293347810539,Fixed eta=0.01,0
280,-0.14278881737463645,-0.12167715460328765,0.021111662771348794,-0.11694270298998988,Fixed eta=0.01,0
290,-0.1518577018448155,-0.13022282885123249,0.02163487299358302,-0.12573507415844415,Fixed eta=0.01,0
300,-0.15121498150657064,-0.12932487342708954,0.021890108079481108,-0.13308435702391808,Fixed eta=0.01,0
310,-0.16300665256191488,-0.14107829975981617,0.021928352802098705,-0.13883115379865224,Fixed eta=0.01,0
320,-0.1730835868002208,-0.14903288398536513,0.024050702814855662,-0.14403389985319032,Fixed eta=0.01,0
330,-0.164399724300264,-0.14313274060263553,0.021266983697628472,-0.14801829733298866,Fixed eta=0.01,0
340,-0.1500810733543515,-0.13051023183769977,0.019570841516651727,-0.15138842039123007,Fixed eta=0.01,0
350,-0.15035439552411461,-0.13013215822585067,0.020222237298263945,-0.1544717663829187,Fixed eta=0.01,0
360,-0.1526495973408184,-0.13228824649599036,0.02036135084482804,-0.15675839569580818,Fixed eta=0.01,0
370,-0.16755340415260134,-0.1452257925596453,0.022327611592956043,-0.15841377575220095,Fixed eta=0.01,0
380,-0.16644238581441445,-0.14457479108453208,0.021867594729882367,-0.15968589299751412,Fixed eta=0.01,0
390,-0.1704326550650399,-0.14679744933436745,0.02363520573067246,-0.16107720285112304,Fixed eta=0.01,0
400,-0.1809528641892918,-0.15642865111249232,0.024524213076799473,-0.16198246994429794,Fixed eta=0.01,0
410,-0.18491972032295956,-0.15908419696888643,0.02583552335407313,-0.16291254477189265,Fixed eta=0.01,0
420,-0.17146859464782382,-0.14727532163655366,0.024193273011270167,-0.16347900575061836,Fixed eta=0.01,0
430,-0.1898042361208227,-0.1613250819448933,0.02847915417592939,-0.1642317731601719,Fixed eta=0.01,0
440,-0.19958035561194404,-0.16828192204371373,0.03129843356823031,-0.16499005343376288,Fixed eta=0.01,0
450,-0.19196443677830155,-0.1616602769651801,0.030304159813121456,-0.16553596296020556,Fixed eta=0.01,0
460,-0.18628600390260974,-0.15747896238871772,0.028807041513892018,-0.16584527041101216,Fixed eta=0.01,0
470,-0.20597888756443067,-0.17307004521881292,0.03290884234561775,-0.16618029761756475,Fixed eta=0.01,0
480,-0.18232392339811976,-0.15265314642991634,0.029670776968203416,-0.1662706733045009,Fixed eta=0.01,0
490,-0.21403180777715913,-0.17748957666480675,0.036542231112352386,-0.1663966819179516,Fixed eta=0.01,0
500,-0.22536699409639938,-0.18415072221109363,0.041216271885305744,-0.16586287583421422,Fixed eta=0.01,0
510,-0.2246998679125194,-0.1820898141936571,0.042610053718862284,-0.16561791619263677,Fixed eta=0.01,0
520,-0.24643658910754818,-0.19724323244196285,0.04919335666558533,-0.1652050564600599,Fixed eta=0.01,0
530,-0.2456281790729219,-0.1954482788930728,0.05017990017984908,-0.16471834699687316,Fixed eta=0.01,0
540,-0.2187564140787237,-0.17326875033154,0.045487663747183715,-0.16425924890837085,Fixed eta=0.01,0
550,-0.1969068940314736,-0.15613704289397418,0.040769851137499424,-0.1642520298822721,Fixed eta=0.01,0
560,-0.1981578122620839,-0.15793844518315997,0.04021936707892393,-0.1645556019547872,Fixed eta=0.01,0
570,-0.20691031440579322,-0.16500905883816497,0.04190125556762825,-0.1646258293619719,Fixed eta=0.01,0
580,-0.1804027991459347,-0.14542827182745177,0.03497452731848294,-0.16499386844736352,Fixed eta=0.01,0
590,-0.18484061530530838,-0.14847241442094428,0.0363682008843641,-0.1648455751586333,Fixed eta=0.01,0
600,-0.17924687181493415,-0.14284900732368289,0.036397864491251264,-0.1642672784329653,Fixed eta=0.01,0
610,-0.1606830398850565,-0.12709856396172603,0.03358447592333047,-0.1637914696011863,Fixed eta=0.01,0
620,-0.17061362925392898,-0.1334183687216629,0.03719526053226607,-0.1635278482546324,Fixed eta=0.01,0
630,-0.1650262736713008,-0.12865567945882478,0.036370594212476015,-0.16358996960895972,Fixed eta=0.01,0
640,-0.16937185573644264,-0.13460287083864886,0.03476898489779379,-0.16373359558931777,Fixed eta=0.01,0
650,-0.1807867515573206,-0.1440951642988485,0.0366915872584721,-0.1638172312531201,Fixed eta=0.01,0
660,-0.1682020993270516,-0.13248438779866067,0.03571771152839093,-0.16323264894050976,Fixed eta=0.01,0
670,-0.17494809521971055,-0.1375744373727184,0.03737365784699215,-0.16326771753847946,Fixed eta=0.01,0
680,-0.16043448506809244,-0.12669705998401815,0.03373742508407429,-0.16319843997678907,Fixed eta=0.01,0
690,-0.18216771397963416,-0.1444514224975787,0.037716291482055464,-0.16308740124127163,Fixed eta=0.01,0
700,-0.16863367794670264,-0.13277455520395492,0.03585912274274772,-0.1631428096357252,Fixed eta=0.01,0
710,-0.18652935171823454,-0.1473359354925477,0.03919341622568684,-0.1628106354442433,Fixed eta=0.01,0
720,-0.16801405049850993,-0.13187537090836232,0.036138679590147604,-0.16266429788601344,Fixed eta=0.01,0
730,-0.20481116196603688,-0.15979724538555762,0.04501391658047926,-0.1626430826257449,Fixed eta=0.01,0
740,-0.18772198445198596,-0.14433827047941783,0.04338371397256813,-0.16239593407394715,Fixed eta=0.01,0
750,-0.20062896339341618,-0.15389123957650097,0.04673772381691521,-0.16194559402773978,Fixed eta=0.01,0
760,-0.20593887277836176,-0.157820214207538,0.04811865857082376,-0.16179269136236019,Fixed eta=0.01,0
770,-0.179625998904973,-0.13684872452739838,0.042777274377574614,-0.1617835603884461,Fixed eta=0.01,0
780,-0.16061689900853532,-0.12170343373993092,0.0389134652686044,-0.16194677647376415,Fixed eta=0.01,0
790,-0.17095774715449075,-0.12946329173815196,0.04149445541633878,-0.16148676389631378,Fixed eta=0.01,0
800,-0.17428564699387533,-0.1336851018222271,0.04060054517164824,-0.16173404495252747,Fixed eta=0.01,0
1,13.195465672641063,13.196595285963314,0.0011296133222504778,12.888019666277152,Fixed eta=0.01,1
10,10.972189726898803,10.978043961115697,0.0058542342168941275,10.715183671556717,Fixed eta=0.01,1
20,8.89223357861361,8.908160760740328,0.01592718212671862,8.72303518777663,Fixed eta=0.01,1
30,7.224727862995764,7.243593550743504,0.018865687747739557,7.102663580505951,Fixed eta=0.01,1
40,5.841869406974151,5.866238951315015,0.024369544340864024,5.785826022797048,Fixed eta=0.01,1
50,4.732497594576391,4.758923890115509,0.02642629553911746,4.719289740341601,Fixed eta=0.01,1
60,3.867241589767374,3.891470805627302,0.02422921585992821,3.857884994466596,Fixed eta=0.01,1
70,3.206632763159141,3.2254917667684544,0.018859003609313252,3.1631231593403286,Fixed eta=0.01,1
80,2.633691177751954,2.650461349227182,0.01677017147522797,2.586193621603447,Fixed eta=0.01,1
90,2.123662401935213,2.1436558622309536,0.01999346029574056,2.1179243398052607,Fixed eta=0.01,1
100,1.717357758016388,1.7379765580316116,0.02061880001522365,1.7311958558764098,Fixed eta=0.01,1
110,1.3743206639013164,1.3976917337567556,0.02337106985543924,1.4275216725700115,Fixed eta=0.01,1
120,1.1476065971440361,1.167912554435998,0.02030595729196194,1.1799527182995635,Fixed eta=0.01,1
130,0.9620839022507686,0.9771543881423871,0.015070485891618524,0.9627317781084604,Fixed eta=0.01,1
140,0.782472082795876,0.7957607462467682,0.01328866345089219,0.7837677132634304,Fixed eta=0.01,1
150,0.6386922007297874,0.6502604809325322,0.011568280202744807,0.6381092459135382,Fixed eta=0.01,1
160,0.5083424562689515,0.5198815197284596,0.01153906345950817,0.5199290780521323,Fixed eta=0.01,1
170,0.4146965190180584,0.42496178644770977,0.010265267429651392,0.42309796991197013,Fixed eta=0.01,1
180,0.3268082432265889,0.33656997471481076,0.009761731488221848,0.34217399150190697,Fixed eta=0.01,1
190,0.2553306595705228,0.2651142899850523,0.00978363041452951,0.2778882126819613,Fixed eta=0.01,1
200,0.20368486279231757,0.21235700625455248,0.00867214346223491,0.22292411417831803,Fixed eta=0.01,1
210,0.16455544311184706,0.1715070302658069,0.006951587153959854,0.17556671277736297,Fixed eta=0.01,1
220,0.1246342701369684,0.13058253074432716,0.005948260607358757,0.13428823529417958,Fixed eta=0.01,1
230,0.10372069232924741,0.10785833200129666,0.004137639672049248,0.10112619351661675,Fixed eta=0.01,1
240,0.08236729977045636,0.08514085830992793,0.002773558539471574,0.072205218036552,Fixed eta=0.01,1
250,0.048831563876688175,0.051826287166752416,0.002994723290064241,0.046726306292020264,Fixed eta=0.01,1
260,0.03134578827957546,0.03349253748403758,0.0021467492044621173,0.025092117582637963,Fixed eta=0.01,1
270,0.009415286432784803,0.011170756027243794,0.0017554695944589915,0.005339514914649818,Fixed eta=0.01,1
280,-0.00888229170951127,-0.007187210519480736,0.001695081190030534,-0.009573835126507335,Fixed eta=0.01,1
290,-0.023754792872654584,-0.022339409673403227,0.0014153831992513577,-0.02352097947953563,Fixed eta=0.01,1
300,-0.037430287126435924,-0.036161764742465546,0.0012685223839703774,-0.03552308455888786,Fixed eta=0.01,1
310,-0.04631145204444019,-0.04549976838569332,0.0008116836587468701,-0.04646054076344479,Fixed eta=0.01,1
320,-0.05269516904686834,-0.052534190320396176,0.00016097872647216627,-0.057090240101599285,Fixed eta=0.01,1
330,-0.06356094750505278,-0.06346507540897678,9.587209607600511e-05,-0.06631952237508731,Fixed eta=0.01,1
340,-0.07433398548151263,-0.07412517292549223,0.00020881255602039905,-0.0741828573750144,Fixed eta=0.01,1
350,-0.08063888933148754,-0.08051619925864724,0.00012269007284029798,-0.08036298925570225,Fixed eta=0.01,1
360,-0.08644110754448206,-0.08640291958516733,3.8187959314733844e-05,-0.08631637591055985,Fixed eta=0.01,1
370,-0.09126085346048386,-0.09129265598513837,-3.180252465451172e-05,-0.09139222040373195,Fixed eta=0.01,1
380,-0.09531097113804016,-0.09542698145651315,-0.0001160103184729977,-0.09617459123827968,Fixed eta=0.01,1
390,-0.10008272751810929,-0.10015090802277479,-6.818050466550485e-05,-0.10016737027903883,Fixed eta=0.01,1
400,-0.10517070914867901,-0.10516439325991994,6.315888759073074e-06,-0.10441077323912362,Fixed eta=0.01,1
410,-0.10813550148960877,-0.10818445483978997,-4.895335018120783e-05,-0.10840669202410533,Fixed eta=0.01,1
420,-0.11069876767726043,-0.1107848950205942,-8.612734333376948e-05,-0.1117155252740548,Fixed eta=0.01,1
430,-0.11500960493729773,-0.11494986523090517,5.9739706392558656e-05,-0.114936433978307,Fixed eta=0.01,1
440,-0.11908304202058789,-0.11889042124074567,0.00019262077984222303,-0.11826841008724501,Fixed eta=0.01,1
450,-0.11942110343485424,-0.1194034865499568,1.7616884897431184e-05,-0.12109903513247552,Fixed eta=0.01,1
460,-0.12212019525803605,-0.12209886841326081,2.132684477523794e-05,-0.12388985314942338,Fixed eta=0.01,1
470,-0.12545892656343838,-0.1252210521961905,0.00023787436724787003,-0.1263103130238536,Fixed eta=0.01,1
480,-0.12436467790187841,-0.12426654203888729,9.81358629911222e-05,-0.1283100548946834,Fixed eta=0.01,1
490,-0.13356552876590239,-0.13273563425274051,0.0008298945131618718,-0.13058389701917297,Fixed eta=0.01,1
500,-0.12609765305212137,-0.1258735929654686,0.00022406008665276644,-0.13260286608557692,Fixed eta=0.01,1
510,-0.13119351480199626,-0.13054903871024573,0.0006444760917505288,-0.1342731799759494,Fixed eta=0.01,1
520,-0.13246247339557296,-0.13182150930036798,0.0006409640952049767,-0.13597172120102127,Fixed eta=0.01,1
530,-0.1462434530972525,-0.14437247423857957,0.0018709788586729337,-0.1381505481645129,Fixed eta=0.01,1
540,-0.14544895425882134,-0.14355812475747612,0.0018908295013452259,-0.14041164252111818,Fixed eta=0.01,1
550,-0.14327780145794972,-0.14156089355346435,0.0017169079044853652,-0.14241559417092664,Fixed eta=0.01,1
560,-0.14739006823920442,-0.14517604449548221,0.0022140237437222043,-0.1439788808517642,Fixed eta=0.01,1
570,-0.14204683766707674,-0.1405196192352434,0.0015272184318333437,-0.1455298345289758,Fixed eta=0.01,1
580,-0.14444588604250597,-0.1426623940759396,0.001783491966566353,-0.14649328708081294,Fixed eta=0.01,1
590,-0.13518464874864078,-0.13424063260885327,0.0009440161397875069,-0.14776636806823074,Fixed eta=0.01,1
600,-0.147747495517929,-0.14556451026700543,0.002182985250923586,-0.14906837225581696,Fixed eta=0.01,1
610,-0.14345512314153122,-0.14131012020234532,0.0021450029391859027,-0.1501663093514918,Fixed eta=0.01,1
620,-0.1462008155176851,-0.14391368052032305,0.0022871349973620503,-0.15098655915263315,Fixed eta=0.01,1
630,-0.13924829801241326,-0.13751849046468764,0.0017298075477256147,-0.15198916185869396,Fixed eta=0.01,1
640,-0.1453543305016432,-0.14310799393640578,0.002246336565237428,-0.15259679411102023,Fixed eta=0.01,1
650,-0.13719995961356302,-0.13556881788666675,0.001631141726896268,-0.15307066337635866,Fixed eta=0.01,1
660,-0.1337161531487837,-0.132168364879856,0.0015477882689277078,-0.153390623983914,Fixed eta=0.01,1
670,-0.1484356296644272,-0.1457019590396676,0.0027336706247595988,-0.15387900111636704,Fixed eta=0.01,1
680,-0.14224143241355036,-0.13969317866695447,0.0025482537465958965,-0.15488624381012372,Fixed eta=0.01,1
690,-0.15334226408889778,-0.15003438982217626,0.003307874266721522,-0.15581494503399856,Fixed eta=0.01,1
700,-0.1660651039334045,-0.16168222931677434,0.004382874616630172,-0.15656908164437583,Fixed eta=0.01,1
710,-0.16127254201284502,-0.15684777189749372,0.004424770115351306,-0.15748955187353797,Fixed eta=0.01,1
720,-0.18252699110821044,-0.17616997584502217,0.00635701526318827,-0.15862264551883717,Fixed eta=0.01,1
730,-0.17100219835721664,-0.16513069580611417,0.00587150255110247,-0.15963180009059091,Fixed eta=0.01,1
740,-0.16032588111968368,-0.15519913587323533,0.00512674524644835,-0.16035796054081627,Fixed eta=0.01,1
750,-0.15574540907041143,-0.15081898583361616,0.004926423236795263,-0.16098047340361268,Fixed eta=0.01,1
760,-0.1532588907460305,-0.14847950974009588,0.004779381005934613,-0.16118662592294808,Fixed eta=0.01,1
770,-0.1556357026016796,-0.15058830903092704,0.0050473935707525674,-0.16154540245802881,Fixed eta=0.01,1
780,-0.16732316226914004,-0.161412252046834,0.005910910222306054,-0.16194251224052567,Fixed eta=0.01,1
790,-0.18052810854460702,-0.172958416302438,0.007569692242169024,-0.1624723622157551,Fixed eta=0.01,1
800,-0.16494440651803985,-0.15819052399644265,0.006753882521597199,-0.16319374572509757,Fixed eta=0.01,1
1,12.185581719094838,12.192661562709864,0.007079843615025894,12.383703846018669,Fixed eta=0.01,2
10,10.166629967427859,10.18253280833161,0.015902840903750715,10.317665807018619,Fixed eta=0.01,2
20,8.299278954572637,8.32152753654177,0.022248581969133596,8.404931290139428,Fixed eta=0.01,2
30,6.7682390609214975,6.794327399756859,0.026088338835361213,6.832914985669046,Fixed eta=0.01,2
40,5.46084807348261,5.47185002270891,0.01100194922630049,5.526996557570391,Fixed eta=0.01,2
50,4.406310153148328,4.411468831736271,0.005158678587942944,4.459419468400377,Fixed eta=0.01,2
60,3.557406978099985,3.5608056809147692,0.0033987028147843823,3.580069681870384,Fixed eta=0.01,2
70,2.8827963394040346,2.886327286823159,0.0035309474191245194,2.872983429530645,Fixed eta=0.01,2
80,2.3287477179894998,2.333087848233602,0.0043401302441021805,2.2966317661900426,Fixed eta=0.01,2
90,1.8869716126631124,1.893368264303729,0.006396651640616646,1.8311114241736546,Fixed eta=0.01,2
100,1.5019737895952554,1.5048255556372645,0.0028517660420090962,1.4555147531313906,Fixed eta=0.01,2
110,1.2124681606449648,1.216874595780716,0.004406435135751341,1.1445171835662475,Fixed eta=0.01,2
120,0.9362089227907364,0.9333524977058727,-0.002856425084863723,0.8930629646644461,Fixed eta=0.01,2
130,0.7037713890256888,0.6935619666596592,-0.010209422366029619,0.6873284033284839,Fixed eta=0.01,2
140,0.5532321745230099,0.5417238289797548,-0.011508345543255083,0.5230536861049129,Fixed eta=0.01,2
150,0.43299272860976906,0.42367890295904087,-0.009313825650728191,0.3910254489658773,Fixed eta=0.01,2
160,0.3307030691548688,0.3228646407139782,-0.00783842844089061,0.28259134168640804,Fixed eta=0.01,2
170,0.24005728848224978,0.22973357766662356,-0.01032371081562622,0.19744992633809788,Fixed eta=0.01,2
180,0.14576964418034116,0.13087755180870309,-0.014892092371638077,0.12640566356025723,Fixed eta=0.01,2
190,0.09911221073108728,0.08552436253993095,-0.013587848191156326,0.07122853782327926,Fixed eta=0.01,2
200,0.054325321916609715,0.03916956464348459,-0.015155757273125126,0.027179188923831088,Fixed eta=0.01,2
210,0.006643250338669193,-0.009603861639610134,-0.016247111978279327,-0.010158427570580941,Fixed eta=0.01,2
220,-0.012463675429988497,-0.028114283714122,-0.015650608284133505,-0.03995040070288236,Fixed eta=0.01,2
230,-0.04633865761484046,-0.06400156066850993,-0.017662903053669465,-0.06323301668642123,Fixed eta=0.01,2
240,-0.055209938565653094,-0.0714078484315882,-0.01619790986593511,-0.08244737864737389,Fixed eta=0.01,2
250,-0.09309237701761974,-0.11338420142299488,-0.020291824405375136,-0.09814383487748002,Fixed eta=0.01,2
260,-0.10721253456963453,-0.12697119735274787,-0.019758662783113334,-0.11087986586955617,Fixed eta=0.01,2
270,-0.10098477250789895,-0.1180287758260522,-0.017044003318153256,-0.12146922089950685,Fixed eta=0.01,2
280,-0.12499574734716917,-0.14329800192728326,-0.018302254580114086,-0.1297614273508358,Fixed eta=0.01,2
290,-0.12721537972666913,-0.14216351219480627,-0.014948132468137143,-0.1366234019609589,Fixed eta=0.01,2
300,-0.1391529355678657,-0.15556754496270245,-0.016414609394836743,-0.1421004174404009,Fixed eta=0.01,2
310,-0.13996131664234412,-0.15434018745575706,-0.014378870813412936,-0.14635752728151286,Fixed eta=0.01,2
320,-0.13793565908165556,-0.14999032942798746,-0.012054670346331897,-0.1496948899790626,Fixed eta=0.01,2
330,-0.15084428742829314,-0.16539468723038164,-0.014550399802088498,-0.15201775133870976,Fixed eta=0.01,2
340,-0.16382182009877874,-0.18116211858102846,-0.017340298482249716,-0.15449148314408626,Fixed eta=0.01,2
350,-0.16093827934408078,-0.1785875008523523,-0.01764922150827153,-0.1565280947892862,Fixed eta=0.01,2
360,-0.1567251348362523,-0.17464369515914582,-0.017918560322893518,-0.1582133398628249,Fixed eta=0.01,2
370,-0.1547066736576447,-0.17086765760220182,-0.016160983944557117,-0.15960807555305642,Fixed eta=0.01,2
380,-0.1582768472054768,-0.1748119799583322,-0.016535132752855397,-0.1607175227862554,Fixed eta=0.01,2
390,-0.16195614154298857,-0.17943521319629605,-0.017479071653307476,-0.16150472366441962,Fixed eta=0.01,2
400,-0.15204990077800354,-0.1673983904582166,-0.015348489680213073,-0.1622864030995083,Fixed eta=0.01,2
410,-0.1607378228354895,-0.17955317248713495,-0.01881534965164544,-0.16307639628822188,Fixed eta=0.01,2
420,-0.1638737899335868,-0.18432314357484791,-0.020449353641261103,-0.16377967382251257,Fixed eta=0.01,2
430,-0.1785494665824986,-0.20241189593564923,-0.023862429353150638,-0.16435689215545496,Fixed eta=0.01,2
440,-0.16979096017002585,-0.18958697734133947,-0.01979601717131363,-0.16491988136479244,Fixed eta=0.01,2
450,-0.1575009328495139,-0.17469418629544767,-0.017193253445933754,-0.16526134521848632,Fixed eta=0.01,2
460,-0.16411215286449932,-0.18268012536186806,-0.018567972497368745,-0.16541599732273216,Fixed eta=0.01,2
470,-0.14645042177372564,-0.16131651345686943,-0.01486609168314379,-0.16562803969313888,Fixed eta=0.01,2
480,-0.1423158130109922,-0.15568245153910235,-0.013366638528110153,-0.16558331172190546,Fixed eta=0.01,2
490,-0.14176696122763466,-0.15384076224343785,-0.012073801015803187,-0.16551692711889837,Fixed eta=0.01,2
500,-0.15308395466190944,-0.16698995645523168,-0.013906001793322242,-0.1652831391112662,Fixed eta=0.01,2
510,-0.154755614739863,-0.16880713482782062,-0.014051520087957625,-0.16529405540272524,Fixed eta=0.01,2
520,-0.13879428172796693,-0.14992554341841735,-0.011131261690450422,-0.16509141189838294,Fixed eta=0.01,2
530,-0.1323668283182052,-0.1422964789227444,-0.009929650604539209,-0.16496057646637716,Fixed eta=0.01,2
540,-0.1334546467500397,-0.14260550867093336,-0.00915086192089365,-0.1647352378826895,Fixed eta=0.01,2
550,-0.1385785725542659,-0.1479488986832412,-0.009370326128975315,-0.16441703524666976,Fixed eta=0.01,2
560,-0.14450909103809143,-0.15424163533438215,-0.009732544296290724,-0.16416488288374484,Fixed eta=0.01,2
570,-0.1503866247437145,-0.16023401335505927,-0.009847388611344765,-0.1639059720154537,Fixed eta=0.01,2
580,-0.1597681874015291,-0.17019389238375993,-0.010425704982230832,-0.1628408038233804,Fixed eta=0.01,2
590,-0.15357698299176853,-0.16248409279204545,-0.008907109800276924,-0.1626750640310528,Fixed eta=0.01,2
600,-0.16000089706985704,-0.17087311995677207,-0.010872222886915028,-0.16244009299793288,Fixed eta=0.01,2
610,-0.15603076605114272,-0.16560365370107497,-0.009572887649932249,-0.16222599433719784,Fixed eta=0.01,2
620,-0.15853427319053892,-0.1695999822912883,-0.011065709100749388,-0.16252867400498688,Fixed eta=0.01,2
630,-0.1643476307288827,-0.177529240172503,-0.01318160944362029,-0.16273704813908785,Fixed eta=0.01,2
640,-0.1557383882856212,-0.16840056099924255,-0.012662172713621356,-0.1626595826493087,Fixed eta=0.01,2
650,-0.15380009330340813,-0.16459098056199636,-0.010790887258588233,-0.16246523438182667,Fixed eta=0.01,2
660,-0.15559226923800948,-0.16628451050634116,-0.010692241268331681,-0.16285444984110117,Fixed eta=0.01,2
670,-0.14671612819964547,-0.1565420288730116,-0.00982590067336614,-0.16312059163295872,Fixed eta=0.01,2
680,-0.15124060139005324,-0.16182476027463166,-0.01058415888457842,-0.16313539856634923,Fixed eta=0.01,2
690,-0.14347892358631237,-0.15256046864405853,-0.009081545057746165,-0.1631554135301153,Fixed eta=0.01,2
700,-0.15336379741949496,-0.1636965121597671,-0.010332714740272142,-0.16285925264160478,Fixed eta=0.01,2
710,-0.16107419766579087,-0.17403232316781905,-0.012958125502028184,-0.16322304231091825,Fixed eta=0.01,2
720,-0.15595693761112486,-0.1672972959533693,-0.01134035834224445,-0.16317472682121484,Fixed eta=0.01,2
730,-0.16685225709497933,-0.1796969672940171,-0.012844710199037768,-0.16252574677889867,Fixed eta=0.01,2
740,-0.17838802657298833,-0.19366070254010295,-0.015272675967114624,-0.1624671039379129,Fixed eta=0.01,2
750,-0.1733545820433204,-0.18772846221012798,-0.014373880166807573,-0.16242158197532966,Fixed eta=0.01,2
760,-0.16839968524244586,-0.18157055004806533,-0.013170864805619464,-0.16222395470874967,Fixed eta=0.01,2
770,-0.16575362879577688,-0.17778193931073372,-0.012028310514956841,-0.16242651630985866,Fixed eta=0.01,2
780,-0.1589241104904359,-0.17125691155513692,-0.012332801064701027,-0.16266777357286807,Fixed eta=0.01,2
790,-0.1489414990492206,-0.15988478847923626,-0.010943289430015657,-0.16284530552785526,Fixed eta=0.01,2
800,-0.15023599154870187,-0.16080683367556248,-0.010570842126860602,-0.16301282941810286,Fixed eta=0.01,2
1,12.666834180508735,12.671030881689612,0.004196701180877227,13.135052239721624,Fixed eta=0.01,3
10,10.621885931209256,10.661658597774435,0.03977266656517919,10.953276397452742,Fixed eta=0.01,3
20,8.699942072729696,8.75266495785482,0.05272288512512446,8.93019589995118,Fixed eta=0.01,3
30,7.121358173221271,7.174737239004742,0.053379065783470736,7.270314730051435,Fixed eta=0.01,3
40,5.794774840569449,5.838533413399497,0.043758572830047804,5.900701254521513,Fixed eta=0.01,3
50,4.718089795420784,4.761518878709081,0.043429083288296866,4.761918056538257,Fixed eta=0.01,3
60,3.845951409258277,3.8864501352840133,0.04049872602573634,3.840118497541755,Fixed eta=0.01,3
70,3.127873664314996,3.1643718714806677,0.03649820716567165,3.078193732809437,Fixed eta=0.01,3
80,2.5418385801743533,2.5760894100271816,0.034250829852828346,2.4601695129991814,Fixed eta=0.01,3
90,2.0375656126243764,2.0627437130596,0.025178100435223616,1.9596179027934606,Fixed eta=0.01,3
100,1.6283124232224164,1.645970010266728,0.01765758704431164,1.5603021454454136,Fixed eta=0.01,3
110,1.2914626188068492,1.3026083223005138,0.011145703493664616,1.232967476144919,Fixed eta=0.01,3
120,1.0213690406738078,1.0278223716335946,0.0064533309597867294,0.9729336706715411,Fixed eta=0.01,3
130,0.7997159264479469,0.8014405600981263,0.0017246336501793857,0.7652234134462134,Fixed eta=0.01,3
140,0.618644716621905,0.6170884763485428,-0.0015562402733622083,0.5965566608820689,Fixed eta=0.01,3
150,0.4860556340876495,0.48468796426861593,-0.001367669819033579,0.45753383116218593,Fixed eta=0.01,3
160,0.35553465476906926,0.3501077291740041,-0.005426925595065135,0.34660872000864246,Fixed eta=0.01,3
170,0.27472773135996115,0.2700004954796018,-0.004727235880359337,0.25850476584224047,Fixed eta=0.01,3
180,0.20710731202296792,0.20307914367333407,-0.004028168349633848,0.18552110765242388,Fixed eta=0.01,3
190,0.14133101609512377,0.1363468829481685,-0.004984133146955283,0.12661793206051328,Fixed eta=0.01,3
200,0.09303530869019125,0.0880713507396847,-0.004963957950506553,0.0777823864136907,Fixed eta=0.01,3
210,0.04354928150490234,0.03709378439607494,-0.006455497108827396,0.03813828743189557,Fixed eta=0.01,3
220,0.012533968052645755,0.006589634561853519,-0.005944333490792236,0.005891497752044117,Fixed eta=0.01,3
230,-0.005960619655429711,-0.010197728824623359,-0.004237109169193648,-0.020016962134361077,Fixed eta=0.01,3
240,-0.04128658707906882,-0.048284339167747214,-0.006997752088678394,-0.04107267825996394,Fixed eta=0.01,3
250,-0.0648812461274868,-0.0733983081934731,-0.008517062065986292,-0.05847353880736478,Fixed eta=0.01,3
260,-0.07582817553182822,-0.08441179356051035,-0.008583618028682127,-0.0743027219616639,Fixed eta=0.01,3
270,-0.08931594260511433,-0.09774681470664082,-0.008430872101526488,-0.08705704146567211,Fixed eta=0.01,3
280,-0.09919251156032166,-0.1089209034255249,-0.009728391865203245,-0.09776320836978114,Fixed eta=0.01,3
290,-0.10588332582692639,-0.11538710932526858,-0.009503783498342189,-0.1071835304101929,Fixed eta=0.01,3
300,-0.1138601487296344,-0.12338428445008309,-0.00952413572044869,-0.11453693050414787,Fixed eta=0.01,3
310,-0.12196736602005251,-0.13192315070524205,-0.00995578468518954,-0.12083071301500195,Fixed eta=0.01,3
320,-0.12130861859160519,-0.12949732612340714,-0.008188707531801953,-0.12624000490143328,Fixed eta=0.01,3
330,-0.1269532485768535,-0.1366858428564274,-0.009732594279573903,-0.1305292216198186,Fixed eta=0.01,3
340,-0.11692687045098141,-0.12450239309346048,-0.007575522642479071,-0.13434798530702877,Fixed eta=0.01,3
350,-0.11386151920215967,-0.11889052455366891,-0.0050290053515092414,-0.13759303369964646,Fixed eta=0.01,3
360,-0.1266937239167899,-0.13407417140524702,-0.00738044748845712,-0.1400989421990942,Fixed eta=0.01,3
370,-0.12562626435807056,-0.13207774896453506,-0.006451484606464497,-0.14206556658445618,Fixed eta=0.01,3
380,-0.13142603342868853,-0.13954626694017042,-0.008120233511481889,-0.14393020908662363,Fixed eta=0.01,3
390,-0.13638973786502484,-0.14493724427781723,-0.008547506412792394,-0.1461401965384213,Fixed eta=0.01,3
400,-0.1433441639135103,-0.15477522728136844,-0.011431063367858152,-0.14792798733022794,Fixed eta=0.01,3
410,-0.14848809358765455,-0.16119277549370312,-0.012704681906048565,-0.14918359383356686,Fixed eta=0.01,3
420,-0.14334359161341978,-0.15509804694055665,-0.01175445532713687,-0.14981782177191197,Fixed eta=0.01,3
430,-0.1372899386713149,-0.14743657861089787,-0.01014663993958298,-0.15071986145665633,Fixed eta=0.01,3
440,-0.13399907409657866,-0.14284734437113497,-0.008848270274556314,-0.15170233498765026,Fixed eta=0.01,3
450,-0.12814162998882023,-0.135478282346992,-0.007336652358171769,-0.1526417986486454,Fixed eta=0.01,3
460,-0.13168386412543656,-0.14022736147397932,-0.008543497348542761,-0.15316601849215192,Fixed eta=0.01,3
470,-0.12928078651379166,-0.1374036061684381,-0.008122819654646452,-0.1537856003438618,Fixed eta=0.01,3
480,-0.12917795098165363,-0.1366934416146684,-0.007515490633014765,-0.15427725621670796,Fixed eta=0.01,3
490,-0.13085315230113964,-0.13858797914439003,-0.007734826843250386,-0.15434824282895088,Fixed eta=0.01,3
500,-0.13074349858916756,-0.13784040025235633,-0.0070969016631887705,-0.15453697944526112,Fixed eta=0.01,3
510,-0.1372164208432203,-0.1467053652347989,-0.009488944391578602,-0.1542255851283912,Fixed eta=0.01,3
520,-0.14274038418291402,-0.15424623152833483,-0.011505847345420817,-0.15418014290603527,Fixed eta=0.01,3
530,-0.13924378071359592,-0.1485854830307701,-0.009341702317174183,-0.15428304458296035,Fixed eta=0.01,3
540,-0.13416663144945362,-0.14165857364163081,-0.007491942192177192,-0.15444156760514732,Fixed eta=0.01,3
550,-0.12820005477829355,-0.13257053610575392,-0.004370481327460374,-0.15396848278247882,Fixed eta=0.01,3
560,-0.12800719222487306,-0.13264032579930107,-0.004633133574428017,-0.15354766280236243,Fixed eta=0.01,3
570,-0.12762329287591317,-0.1332331654058555,-0.005609872529942328,-0.15330210960736873,Fixed eta=0.01,3
580,-0.12571150598725916,-0.1311342658751239,-0.005422759887864725,-0.15338165470150922,Fixed eta=0.01,3
590,-0.13624517198033423,-0.14463432861697303,-0.008389156636638806,-0.15356297481161682,Fixed eta=0.01,3
600,-0.1491160697307572,-0.16250611588462788,-0.013390046153870683,-0.15390430365778307,Fixed eta=0.01,3
610,-0.1457380784610616,-0.15745328555064755,-0.011715207089585955,-0.15454494731246735,Fixed eta=0.01,3
620,-0.14383281292421962,-0.15535942729523733,-0.011526614371017707,-0.1541891550943537,Fixed eta=0.01,3
630,-0.1382172788732589,-0.14773842915087076,-0.009521150277611856,-0.15480114177127374,Fixed eta=0.01,3
640,-0.14042107290913886,-0.15096931216800796,-0.010548239258869108,-0.1550752820619049,Fixed eta=0.01,3
650,-0.14278347617648057,-0.15461486035217054,-0.011831384175689963,-0.15524278569990457,Fixed eta=0.01,3
660,-0.14654655662692628,-0.15972285551111703,-0.013176298884190751,-0.15508589141810375,Fixed eta=0.01,3
670,-0.15771777927891287,-0.17442801823558726,-0.016710238956674395,-0.15520454899070749,Fixed eta=0.01,3
680,-0.16253235490647003,-0.18215692736937086,-0.019624572462900836,-0.15531564392719718,Fixed eta=0.01,3
690,-0.16037483276418563,-0.1792194932100365,-0.01884466044585087,-0.15527938677864594,Fixed eta=0.01,3
700,-0.14713165351351726,-0.16150669419287006,-0.014375040679352802,-0.15594077692832503,Fixed eta=0.01,3
710,-0.14855209236813616,-0.16424174188475327,-0.01568964951661711,-0.15644742008615503,Fixed eta=0.01,3
720,-0.14720642985987903,-0.16170334857073998,-0.014496918710860951,-0.15609270785588586,Fixed eta=0.01,3
730,-0.1438796418879214,-0.15676021221865377,-0.012880570330732366,-0.15657542958383036,Fixed eta=0.01,3
740,-0.13445470814158,-0.1453972976157134,-0.010942589474133402,-0.156752804726216,Fixed eta=0.01,3
750,-0.1289485089322075,-0.1374082777202788,-0.008459768788071309,-0.15611864239652323,Fixed eta=0.01,3
760,-0.12984552114393302,-0.13856933058554052,-0.0087238094416075,-0.15592547027775974,Fixed eta=0.01,3
770,-0.12733193948160537,-0.13408215500448328,-0.0067502155228779115,-0.15553843148135416,Fixed eta=0.01,3
780,-0.1326347359221849,-0.14102020345409927,-0.008385467531914381,-0.1554124272871253,Fixed eta=0.01,3
790,-0.13777319662523552,-0.14846803477978066,-0.010694838154545139,-0.15522137181462986,Fixed eta=0.01,3
800,-0.13547888080842643,-0.14439555422693565,-0.008916673418509213,-0.15524600549485537,Fixed eta=0.01,3
1,11.82092358228834,11.822552242077634,0.0016286597892936072,11.496831172773902,Fixed eta=0.01,4
10,9.73672498698096,9.750063455357683,0.013338468376723256,9.57366421277832,Fixed eta=0.01,4
20,7.9172594081459735,7.9339420933142994,0.01668268516832594,7.815783217566388,Fixed eta=0.01,4
30,6.444585030902449,6.463572397740847,0.018987366838397968,6.381264877492576,Fixed eta=0.01,4
40,5.2346552135693685,5.256148953749163,0.02149374017979433,5.211997842977421,Fixed eta=0.01,4
50,4.26218672143883,4.2825462539918755,0.020359532553045234,4.251267278380695,Fixed eta=0.01,4
60,3.439550621801793,3.461530639387452,0.02198001758565926,3.471218630748143,Fixed eta=0.01,4
70,2.7954227495369732,2.816659247719647,0.021236498182673813,2.834804972810355,Fixed eta=0.01,4
80,2.26965557943641,2.2886408580003903,0.018985278563980135,2.3086748765726934,Fixed eta=0.01,4
90,1.8744795225172983,1.8907089290123538,0.016229406495055443,1.885818765794359,Fixed eta=0.01,4
100,1.5163656936713772,1.53120452236294,0.014838828691562833,1.5361998575764642,Fixed eta=0.01,4
110,1.2216690264885828,1.236066740791173,0.014397714302590181,1.2512349786196306,Fixed eta=0.01,4
120,1.0168049464574498,1.0292096565194755,0.012404710062025703,1.0214263721363046,Fixed eta=0.01,4
130,0.8185432409741621,0.8302830976395903,0.011739856665428205,0.8316612841029465,Fixed eta=0.01,4
140,0.6545601791227185,0.665881167913208,0.011320988790489483,0.6809821096059873,Fixed eta=0.01,4
150,0.5257787669761946,0.5369071931028346,0.01112842612664,0.552865515978499,Fixed eta=0.01,4
160,0.43449244467619585,0.44363879960358077,0.009146354927384914,0.4506819322214594,Fixed eta=0.01,4
170,0.33478537928598406,0.3438917445749069,0.009106365288922835,0.3635805286717432,Fixed eta=0.01,4
180,0.2808581568411073,0.2884740838447014,0.007615927003594092,0.29268741334203413,Fixed eta=0.01,4
190,0.22058969048765387,0.22800808664146754,0.007418396153813678,0.2336528870418937,Fixed eta=0.01,4
200,0.18189766343667751,0.18825878328551188,0.006361119848834362,0.1856673096559157,Fixed eta=0.01,4
210,0.14215395097301647,0.14802006802520545,0.005866117052188979,0.14578247259688276,Fixed eta=0.01,4
220,0.09872839288672014,0.1048405756999013,0.006112182813181155,0.11296264946868406,Fixed eta=0.01,4
230,0.05894954465747981,0.06516509962116113,0.0062155549636813134,0.08372423859193201,Fixed eta=0.01,4
240,0.033973873298226986,0.03987202189334971,0.005898148595122721,0.06074537244937567,Fixed eta=0.01,4
250,0.01660834975116965,0.022487308052662525,0.005878958301492876,0.04279620604194212,Fixed eta=0.01,4
260,-0.0027842557376293597,0.002877706979479755,0.005661962717109115,0.027383400532947966,Fixed eta=0.01,4
270,-0.0025938887633376595,0.0019949642919688815,0.004588853055306541,0.013385993555821707,Fixed eta=0.01,4
280,0.0002812495930034631,0.0036438574652889744,0.0033626078722855113,0.0006455407856353068,Fixed eta=0.01,4
290,-0.020068368579310325,-0.016515385986263065,0.0035529825930472603,-0.011238711681642949,Fixed eta=0.01,4
300,-0.02207665625955052,-0.019132545666878054,0.0029441105926724664,-0.021609497563546104,Fixed eta=0.01,4
310,-0.028240042195707138,-0.025792821800710408,0.0024472203949967297,-0.030364633355321358,Fixed eta=0.01,4
320,-0.04630579966663376,-0.04331202826703162,0.0029937713996021353,-0.03780328707352382,Fixed eta=0.01,4
330,-0.07013824633072693,-0.06708883725748635,0.003049409073240583,-0.04516295023288974,Fixed eta=0.01,4
340,-0.06719894690355349,-0.06472278959883865,0.0024761573047148433,-0.05129373652030267,Fixed eta=0.01,4
350,-0.07478444468690396,-0.07234849925712081,0.0024359454297831484,-0.055543028745648815,Fixed eta=0.01,4
360,-0.07482299125504407,-0.07285739156745011,0.0019655996875939663,-0.06045568102936963,Fixed eta=0.01,4
370,-0.0768395462778658,-0.07516426816234792,0.0016752781155178753,-0.06490545364287603,Fixed eta=0.01,4
380,-0.07155854703197584,-0.07041685842200082,0.0011416886099750168,-0.07001399020610533,Fixed eta=0.01,4
390,-0.07688679253864206,-0.07579505396140787,0.0010917385772341859,-0.07381930984160281,Fixed eta=0.01,4
400,-0.08353218892812544,-0.08247539218063815,0.001056796747487293,-0.07762778702968032,Fixed eta=0.01,4
410,-0.07968374464636163,-0.0790586493404534,0.0006250953059082354,-0.08147812696477594,Fixed eta=0.01,4
420,-0.08076338372156103,-0.08038130159247564,0.0003820821290853871,-0.0857066848354601,Fixed eta=0.01,4
430,-0.08221851752415668,-0.08204996080659349,0.00016855671756318968,-0.08971526467287638,Fixed eta=0.01,4
440,-0.08973544169760261,-0.08954500341574087,0.00019043828186174339,-0.0934759953662557,Fixed eta=0.01,4
450,-0.0962621358140901,-0.09598330986732381,0.0002788259467662868,-0.09659855689808095,Fixed eta=0.01,4
460,-0.1042492466115292,-0.10372760275446816,0.0005216438570610493,-0.09955829674441982,Fixed eta=0.01,4
470,-0.10311651584576348,-0.10277839756712887,0.00033811827863461374,-0.10212310627845009,Fixed eta=0.01,4
480,-0.1070000670086135,-0.10670468409048442,0.00029538291812908346,-0.10518314343942092,Fixed eta=0.01,4
490,-0.10638741305505774,-0.10620043898723437,0.00018697406782336445,-0.10782020787579978,Fixed eta=0.01,4
500,-0.11424854237038898,-0.1137331944185373,0.0005153479518516801,-0.11021697355036283,Fixed eta=0.01,4
510,-0.12004868358826873,-0.11931017046097545,0.0007385131272932832,-0.11252940091718447,Fixed eta=0.01,4
520,-0.12606197882958284,-0.12478996122110153,0.0012720176084813073,-0.1140129538098428,Fixed eta=0.01,4
530,-0.12766946033439686,-0.12632000588575465,0.0013494544486422066,-0.11672395318359455,Fixed eta=0.01,4
540,-0.1293054371182354,-0.12790347714569067,0.0014019599725447196,-0.11957035337830643,Fixed eta=0.01,4
550,-0.12585263204361102,-0.12473694660444246,0.0011156854391685678,-0.12231940834750388,Fixed eta=0.01,4
560,-0.12561170046469095,-0.12460716108712522,0.0010045393775657274,-0.12494537191341831,Fixed eta=0.01,4
570,-0.1319088187907851,-0.13056695229035292,0.001341866500432165,-0.12729601466814444,Fixed eta=0.01,4
580,-0.13365457292345423,-0.13220743707651483,0.0014471358469393958,-0.12947336322878927,Fixed eta=0.01,4
590,-0.1285918431467828,-0.1275553875970069,0.0010364555497758832,-0.13118088449109055,Fixed eta=0.01,4
600,-0.13084910230873717,-0.12957569948763734,0.0012734028210998338,-0.13329288548152832,Fixed eta=0.01,4
610,-0.13407565386338563,-0.1325569712067788,0.001518682656606818,-0.13514454821031627,Fixed eta=0.01,4
620,-0.13503315689078832,-0.13345730658782912,0.001575850302959203,-0.1367837273967369,Fixed eta=0.01,4
630,-0.13177151834603767,-0.13051117756213337,0.0012603407839043013,-0.13825396173410165,Fixed eta=0.01,4
640,-0.14141224342299422,-0.13926630625229422,0.0021459371706999963,-0.13960067520962985,Fixed eta=0.01,4
650,-0.14811567320389502,-0.14533587165026873,0.002779801553626282,-0.14165179828993485,Fixed eta=0.01,4
660,-0.1507852009222811,-0.1476951843924671,0.003090016529813999,-0.14341293010352107,Fixed eta=0.01,4
670,-0.13563044922573222,-0.1338365126361967,0.0017939365895355275,-0.145115909843085,Fixed eta=0.01,4
680,-0.12472890324354557,-0.12387456302998218,0.0008543402135633982,-0.14613163799758633,Fixed eta=0.01,4
690,-0.13341684406243004,-0.131758865977033,0.0016579780853970272,-0.14702679718338346,Fixed eta=0.01,4
700,-0.1411730817814436,-0.1388678913631523,0.002305190418291303,-0.14837449162879102,Fixed eta=0.01,4
710,-0.14337539483704276,-0.14086830607404044,0.0025070887630023186,-0.14951317435111516,Fixed eta=0.01,4
720,-0.15117850489509604,-0.14784691628432367,0.0033315886107723736,-0.15058381627673234,Fixed eta=0.01,4
730,-0.1557926483702158,-0.15198262540866023,0.0038100229615555814,-0.15158478328761457,Fixed eta=0.01,4
740,-0.14353207489757155,-0.14072744615481184,0.0028046287427597183,-0.15287022070649856,Fixed eta=0.01,4
750,-0.14390547114890762,-0.14102376967927382,0.0028817014696337906,-0.15348785391729053,Fixed eta=0.01,4
760,-0.13515899426952585,-0.13287441981341883,0.0022845744561070247,-0.15401556657574786,Fixed eta=0.01,4
770,-0.13504539493564205,-0.13266703618698122,0.002378358748660825,-0.15449524885186355,Fixed eta=0.01,4
780,-0.14238508630275115,-0.13934341759141428,0.0030416687113368757,-0.15429348253822284,Fixed eta=0.01,4
790,-0.1490703594839221,-0.14527592256930566,0.0037944369146164503,-0.1549314184993672,Fixed eta=0.01,4
800,-0.15075102469667023,-0.14673516732206993,0.004015857374600307,-0.15558121257163915,Fixed eta=0.01,4
1,11.476013873904733,11.474985766436788,-0.0010281074679454605,11.645721123435433,Fixed eta=0.01,5
10,9.613516005734759,9.6151202094007,0.0016042036659413839,9.702995415330431,Fixed eta=0.01,5
20,7.852293379126991,7.8540491997112865,0.0017558205842957975,7.903931047149445,Fixed eta=0.01,5
30,6.40997576168934,6.4114055815190145,0.0014298198296742726,6.42975643571514,Fixed eta=0.01,5
40,5.216352471528525,5.216686350342467,0.00033387881394197905,5.222317382205065,Fixed eta=0.01,5
50,4.233351951630113,4.233909968712258,0.0005580170821444241,4.230436008739253,Fixed eta=0.01,5
60,3.437033265772821,3.4360520553377554,-0.0009812104350657158,3.4194094086902442,Fixed eta=0.01,5
70,2.7701100433879473,2.7689969004565143,-0.0011131429314330532,2.7567622706870187,Fixed eta=0.01,5
80,2.23207197196173,2.2307553315349993,-0.001316640426730853,2.2170875593701695,Fixed eta=0.01,5
90,1.7866039100692832,1.7852986577404013,-0.0013052523288819007,1.7763221092960495,Fixed eta=0.01,5
100,1.4229598787256692,1.421418781164909,-0.0015410975607601518,1.4185226454996018,Fixed eta=0.01,5
110,1.1294290504635611,1.1270892954189105,-0.002339755044650671,1.1273399334333554,Fixed eta=0.01,5
120,0.8907634447010817,0.8882369016174088,-0.0025265430836729497,0.8886011161367409,Fixed eta=0.01,5
130,0.7033644147670183,0.7011969757739445,-0.0021674389930738114,0.6975276160275523,Fixed eta=0.01,5
140,0.546412261820691,0.5437945137980171,-0.0026177480226738936,0.5408469737913897,Fixed eta=0.01,5
150,0.41634121476999547,0.4133294721874304,-0.003011742582565091,0.4127032766016209,Fixed eta=0.01,5
160,0.3144004051832017,0.31144267136335996,-0.002957733819841768,0.3098608350210301,Fixed eta=0.01,5
170,0.2271638774645507,0.2235448726484937,-0.003619004816056981,0.22420217845713974,Fixed eta=0.01,5
180,0.15864805997324932,0.15523240111122855,-0.003415658862020776,0.15418017900272357,Fixed eta=0.01,5
190,0.11048616121489019,0.10793402243688299,-0.002552138778007196,0.09801835803146602,Fixed eta=0.01,5
200,0.06014383565666698,0.05663868508867159,-0.0035051505679953854,0.0526787674794536,Fixed eta=0.01,5
210,0.02441970293709278,0.02078594689181612,-0.0036337560452766593,0.016125062181926775,Fixed eta=0.01,5
220,-0.001446437976676429,-0.004037338516995392,-0.0025909005403189633,-0.014751290509019133,Fixed eta=0.01,5
230,-0.02623854977065737,-0.02866732644256209,-0.00242877667190472,-0.04006689100666577,Fixed eta=0.01,5
240,-0.0475250081393066,-0.051213310034736115,-0.0036883018954295133,-0.06099403078690019,Fixed eta=0.01,5
250,-0.06660814624941136,-0.07060619906375781,-0.003998052814346453,-0.07819168733281723,Fixed eta=0.01,5
260,-0.08720217908232875,-0.09255486353799908,-0.005352684455670331,-0.09198490466152098,Fixed eta=0.01,5
270,-0.1006474560913394,-0.10653453370261617,-0.00588707761127677,-0.10421333706100472,Fixed eta=0.01,5
280,-0.10912765273033731,-0.11473765356074539,-0.0056100008304080795,-0.11431717750283632,Fixed eta=0.01,5
290,-0.1188129125560356,-0.1251810700496675,-0.0063681574936318985,-0.12237323018685037,Fixed eta=0.01,5
300,-0.12378391163444274,-0.1299157142066943,-0.0061318025722515435,-0.12899630817275903,Fixed eta=0.01,5
310,-0.12859133017153174,-0.13491090949830437,-0.006319579326772629,-0.13476375182217465,Fixed eta=0.01,5
320,-0.12918745825940603,-0.13550964831880397,-0.006322190059397936,-0.13921513914691835,Fixed eta=0.01,5
330,-0.13341110284930913,-0.14002085995202251,-0.006609757102713387,-0.14264618449338173,Fixed eta=0.01,5
340,-0.1453767636217341,-0.15310157923018655,-0.007724815608452451,-0.14604852313030733,Fixed eta=0.01,5
350,-0.15328931272235746,-0.16163549861040083,-0.008346185888043367,-0.1489249208571649,Fixed eta=0.01,5
360,-0.1534702760606983,-0.16221620876116016,-0.008745932700461867,-0.15107239086368102,Fixed eta=0.01,5
370,-0.14748791254618757,-0.15438720524359592,-0.006899292697408355,-0.1525419619279875,Fixed eta=0.01,5
380,-0.13375934506480247,-0.1395670096662236,-0.005807664601421125,-0.15368983442286338,Fixed eta=0.01,5
390,-0.14250699287059554,-0.14987342395729086,-0.007366431086695324,-0.15428422471227932,Fixed eta=0.01,5
400,-0.13792981662062098,-0.1442133447304113,-0.006283528109790326,-0.15506085485866994,Fixed eta=0.01,5
410,-0.12640336899850868,-0.13197546046520525,-0.0055720914666965715,-0.1558568572982464,Fixed eta=0.01,5
420,-0.13723813386994005,-0.14403130651895485,-0.0067931726490148,-0.15623901952372582,Fixed eta=0.01,5
430,-0.13959058490130644,-0.14626833315341153,-0.006677748252105098,-0.15678731310367633,Fixed eta=0.01,5
440,-0.14763755879415943,-0.15589046067036097,-0.008252901876201535,-0.157439284118602,Fixed eta=0.01,5
450,-0.15324742494273902,-0.16186632873394258,-0.008618903791203558,-0.15733619982169067,Fixed eta=0.01,5
460,-0.15772685319587654,-0.1658238423418229,-0.008096989145946365,-0.15789053484849086,Fixed eta=0.01,5
470,-0.1537736167961406,-0.16046886343551392,-0.00669524663937332,-0.15837691723501335,Fixed eta=0.01,5
480,-0.14738728526804173,-0.15420217680167303,-0.006814891533631295,-0.15875946187209627,Fixed eta=0.01,5
490,-0.15308478105958506,-0.16061712946741025,-0.0075323484078251846,-0.15925749805770362,Fixed eta=0.01,5
500,-0.1458322501012833,-0.15324943272261965,-0.007417182621336338,-0.15954052964151771,Fixed eta=0.01,5
510,-0.1540292477232419,-0.16394640814124867,-0.009917160418006776,-0.15977091688621342,Fixed eta=0.01,5
520,-0.15474234757762098,-0.1642638583119129,-0.009521510734291916,-0.16032657908337863,Fixed eta=0.01,5
530,-0.15274597292235687,-0.16037389749828673,-0.0076279245759298675,-0.16021707822311732,Fixed eta=0.01,5
540,-0.15231722896756827,-0.16012743827753628,-0.007810209309968008,-0.1600497419763418,Fixed eta=0.01,5
550,-0.14911562717654286,-0.1565909310069003,-0.007475303830357438,-0.15947845145976497,Fixed eta=0.01,5
560,-0.14758186759041256,-0.1538802722179605,-0.006298404627547938,-0.15958856349192937,Fixed eta=0.01,5
570,-0.14801222518984128,-0.1551985983448714,-0.0071863731550301235,-0.16010993041551255,Fixed eta=0.01,5
580,-0.1523476914477132,-0.15951860816520613,-0.007170916717492926,-0.15995931807153418,Fixed eta=0.01,5
590,-0.15787083439745975,-0.16544268974060594,-0.007571855343146194,-0.16004409920780838,Fixed eta=0.01,5
600,-0.16493250835523202,-0.1731850854904328,-0.008252577135200778,-0.1606161237387054,Fixed eta=0.01,5
610,-0.17146734882980408,-0.17938417186535738,-0.0079168230355533,-0.16120596244750873,Fixed eta=0.01,5
620,-0.16893154862035753,-0.1763744216439333,-0.007442873023575769,-0.16110555556830247,Fixed eta=0.01,5
630,-0.1602934974223481,-0.16679957391557587,-0.006506076493227764,-0.16122361206761132,Fixed eta=0.01,5
640,-0.15014434987940584,-0.1575638285693099,-0.007419478689904058,-0.1611888414675332,Fixed eta=0.01,5
650,-0.15124523598166228,-0.15700052565868844,-0.005755289677026154,-0.16129464483107853,Fixed eta=0.01,5
660,-0.15862385102374443,-0.16505452791131525,-0.006430676887570819,-0.16139704570573477,Fixed eta=0.01,5
670,-0.15838460009357647,-0.16493904098960682,-0.006554440896030356,-0.16172217467711214,Fixed eta=0.01,5
680,-0.15924980298459762,-0.16635846755061723,-0.007108664566019607,-0.16164986809762888,Fixed eta=0.01,5
690,-0.167823486154829,-0.17629489824644834,-0.008471412091619335,-0.16237739134789952,Fixed eta=0.01,5
700,-0.17608040814516915,-0.1854291346183303,-0.00934872647316115,-0.1632651924284069,Fixed eta=0.01,5
710,-0.15443831621228796,-0.16306573275558175,-0.008627416543293798,-0.16366610607473728,Fixed eta=0.01,5
720,-0.16672303657819065,-0.1777795740325187,-0.011056537454328053,-0.16401120044885803,Fixed eta=0.01,5
730,-0.1670823777797278,-0.17841758879486097,-0.011335211015133184,-0.16448993052696975,Fixed eta=0.01,5
740,-0.16220106659616151,-0.17148010597579205,-0.009279039379630538,-0.1650187738380099,Fixed eta=0.01,5
750,-0.1580652180255237,-0.16916206587586957,-0.01109684785034587,-0.1653154530581279,Fixed eta=0.01,5
760,-0.16693516340659428,-0.1780324801918657,-0.011097316785271427,-0.16555816603125414,Fixed eta=0.01,5
770,-0.16603526485576311,-0.17717838234728076,-0.01114311749151764,-0.16563993643746097,Fixed eta=0.01,5
780,-0.1543306079501481,-0.16354908731455145,-0.009218479364403342,-0.16568886851194933,Fixed eta=0.01,5
790,-0.15728659546090343,-0.16960839677589126,-0.012321801314987835,-0.16588324700565296,Fixed eta=0.01,5
800,-0.1546173428451628,-0.16671378477674673,-0.012096441931583934,-0.16606722829113987,Fixed eta=0.01,5
1,11.690648959231483,11.686308474474902,-0.004340484756580665,10.934260816997972,Fixed eta=0.01,6
10,9.578650007178084,9.530907290563896,-0.04774271661418794,9.052406869411461,Fixed eta=0.01,6
20,7.6972058409811215,7.629908560532349,-0.06729728044877259,7.333982382594441,Fixed eta=0.01,6
30,6.15833376217258,6.085050292904798,-0.07328346926778195,5.917018641124761,Fixed eta=0.01,6
40,4.959111215697542,4.8821186134878065,-0.07699260220973514,4.796767567773892,Fixed eta=0.01,6
50,3.995974722223819,3.918188825254267,-0.07778589696955196,3.893957759698394,Fixed eta=0.01,6
60,3.246162361506808,3.1771324005435395,-0.06902996096326852,3.164192842971085,Fixed eta=0.01,6
70,2.587228783612285,2.527376480399519,-0.0598523032127658,2.5404329231902674,Fixed eta=0.01,6
80,2.1099815382305636,2.059903316523556,-0.050078221707007486,2.052847797609602,Fixed eta=0.01,6
90,1.683834188080109,1.6399139599649672,-0.043920228115141846,1.640960655605555,Fixed eta=0.01,6
100,1.3397199488448268,1.301172728365765,-0.03854722047906178,1.3111475445289977,Fixed eta=0.01,6
110,1.0514323269291879,1.0182397182904037,-0.03319260863878415,1.0334024345136295,Fixed eta=0.01,6
120,0.8241490493704446,0.7917526435891643,-0.032396405781280335,0.814848641945849,Fixed eta=0.01,6
130,0.656535290775118,0.6315263855603671,-0.025008905214750854,0.6356783139846773,Fixed eta=0.01,6
140,0.5061457024551427,0.47818950728337484,-0.02795619517176784,0.49355899115408075,Fixed eta=0.01,6
150,0.39005464240517873,0.3624758915524605,-0.027578750852718215,0.38154451593804073,Fixed eta=0.01,6
160,0.31082507438532647,0.28973952190110164,-0.021085552484224834,0.2843300384218943,Fixed eta=0.01,6
170,0.22808502222363436,0.2093061619300861,-0.01877886029354825,0.20219215989396333,Fixed eta=0.01,6
180,0.14822523783692643,0.13466343915115586,-0.013561798685770565,0.13481068994587875,Fixed eta=0.01,6
190,0.09960680342825323,0.08348605012040056,-0.016120753307852675,0.08218896819244137,Fixed eta=0.01,6
200,0.05255326049776743,0.03421159504231397,-0.01834166545545346,0.04038544043316883,Fixed eta=0.01,6
210,0.006058158681305104,-0.009010372832778946,-0.01506853151408405,0.004809333368559154,Fixed eta=0.01,6
220,-0.023567053998273302,-0.03561681968753727,-0.01204976568926397,-0.023791677427890345,Fixed eta=0.01,6
230,-0.04929129595602366,-0.05878688977523128,-0.009495593819207615,-0.04886565788337571,Fixed eta=0.01,6
240,-0.05155909097984024,-0.05563853541483932,-0.00407944443499908,-0.0681997489892534,Fixed eta=0.01,6
250,-0.06781962587260998,-0.0762552679149347,-0.00843564204232472,-0.08556059325464932,Fixed eta=0.01,6
260,-0.0865597783485772,-0.09544880580101245,-0.00888902745243525,-0.09956633632418888,Fixed eta=0.01,6
270,-0.08840011023702327,-0.0965118910689417,-0.008111780831918436,-0.11191434042918397,Fixed eta=0.01,6
280,-0.10153323507862322,-0.1080066464137246,-0.0064734113351013756,-0.12083383051978136,Fixed eta=0.01,6
290,-0.12304566888616564,-0.13105762064010407,-0.008011951753938429,-0.12877996971522732,Fixed eta=0.01,6
300,-0.12217843512035387,-0.13131794573310507,-0.0091395106127512,-0.13449744983946432,Fixed eta=0.01,6
310,-0.13114354350629898,-0.13616661717651557,-0.0050230736702165935,-0.13973587627002448,Fixed eta=0.01,6
320,-0.16123010925332537,-0.1653540136087288,-0.0041239043554034405,-0.1442988382411955,Fixed eta=0.01,6
330,-0.15021898057486682,-0.1512366607969583,-0.0010176802220914771,-0.14807745796030325,Fixed eta=0.01,6
340,-0.1533203248142737,-0.15824681240166305,-0.004926487587389339,-0.1508342736076771,Fixed eta=0.01,6
350,-0.1629225248681958,-0.16544784498418663,-0.0025253201159908256,-0.15354175195455466,Fixed eta=0.01,6
360,-0.15095351109643912,-0.15406675573090395,-0.003113244634464829,-0.15539863133420256,Fixed eta=0.01,6
370,-0.1712251582657393,-0.17357199294506304,-0.0023468346793237282,-0.15769576978966943,Fixed eta=0.01,6
380,-0.17293109540750895,-0.17714210849329948,-0.004211013085790527,-0.15795795572323412,Fixed eta=0.01,6
390,-0.15548829078938675,-0.156828957444217,-0.001340666654830236,-0.15908734670647573,Fixed eta=0.01,6
400,-0.1528386873564911,-0.15198658904437362,0.0008520983121174663,-0.16045441645901437,Fixed eta=0.01,6
410,-0.16011194479495494,-0.15961446996921058,0.0004974748257443595,-0.1614033178676162,Fixed eta=0.01,6
420,-0.17734478385003116,-0.17604080040133918,0.001303983448691981,-0.1621355346834572,Fixed eta=0.01,6
430,-0.1633529517014201,-0.16384896419176836,-0.0004960124903482521,-0.16295264140597987,Fixed eta=0.01,6
440,-0.19452303579953,-0.19393800443298093,0.0005850313665490825,-0.16343512928147363,Fixed eta=0.01,6
450,-0.1630061063618481,-0.16131007133050634,0.0016960350313417472,-0.16360152674783002,Fixed eta=0.01,6
460,-0.1639750568121756,-0.16228757849450431,0.0016874783176712982,-0.16401788264630723,Fixed eta=0.01,6
470,-0.15712465240637263,-0.1548655807366482,0.002259071669724444,-0.1644416750597012,Fixed eta=0.01,6
480,-0.16076976696050888,-0.15721085816266478,0.003558908797844096,-0.16465126671459157,Fixed eta=0.01,6
490,-0.18085749916177762,-0.17736786234093493,0.0034896368208426898,-0.16500159019080685,Fixed eta=0.01,6
500,-0.18193738506305346,-0.17917344671580715,0.0027639383472463086,-0.16528381484592858,Fixed eta=0.01,6
510,-0.17825017766578877,-0.1758370940119366,0.002413083653852177,-0.16555348541074932,Fixed eta=0.01,6
520,-0.16074407522240003,-0.15809074939063694,0.002653325831763087,-0.16580207210862302,Fixed eta=0.01,6
530,-0.18019631937834735,-0.1763492743039095,0.003847045074437838,-0.1660319969975214,Fixed eta=0.01,6
540,-0.17603536382047225,-0.17225671313428104,0.0037786506861912095,-0.16622963291625859,Fixed eta=0.01,6
550,-0.17510040222722817,-0.16985174026492772,0.005248661962300449,-0.1664412264316048,Fixed eta=0.01,6
560,-0.17247569658698275,-0.1671277570904438,0.005347939496538945,-0.16665579194600028,Fixed eta=0.01,6
570,-0.16724725762226267,-0.16496194788502777,0.0022853097372348974,-0.16685512451348794,Fixed eta=0.01,6
580,-0.17390922314336932,-0.16905858363649273,0.004850639506876586,-0.16695548512130187,Fixed eta=0.01,6
590,-0.1685386928438371,-0.16417010505644858,0.004368587787388523,-0.1670375967122919,Fixed eta=0.01,6
600,-0.15208843249545556,-0.14660068533376303,0.0054877471616925355,-0.16711699925082585,Fixed eta=0.01,6
610,-0.15589039232125396,-0.15049206344862204,0.005398328872631919,-0.16720531554952006,Fixed eta=0.01,6
620,-0.17210036317432204,-0.1653134920395531,0.006786871134768946,-0.16719871490659632,Fixed eta=0.01,6
630,-0.1838464873342725,-0.17685117059261496,0.006995316741657542,-0.16718903609578778,Fixed eta=0.01,6
640,-0.17336467673957634,-0.16708221777322252,0.006282458966353821,-0.16712298887520294,Fixed eta=0.01,6
650,-0.1547550586731395,-0.15070210711938697,0.004052951553752515,-0.16705958462089993,Fixed eta=0.01,6
660,-0.16343046971462089,-0.15741366609241875,0.006016803622202138,-0.16709143303965862,Fixed eta=0.01,6
670,-0.16574911704577666,-0.16084062900627555,0.004908488039501113,-0.16705186838746983,Fixed eta=0.01,6
680,-0.1680062209582418,-0.16275373347678923,0.005252487481452572,-0.16694606520206146,Fixed eta=0.01,6
690,-0.17024800609016166,-0.16510020587842583,0.005147800211735831,-0.16705944555589036,Fixed eta=0.01,6
700,-0.17297192249929255,-0.16957110712990503,0.003400815369387522,-0.1671164364340958,Fixed eta=0.01,6
710,-0.1615659112422696,-0.16061254922001555,0.0009533620222540451,-0.1672381098026462,Fixed eta=0.01,6
720,-0.16642746173702377,-0.1634887099009818,0.002938751836041975,-0.1672734544426449,Fixed eta=0.01,6
730,-0.15912873624557822,-0.1561492514621744,0.0029794847834038185,-0.16730912053433372,Fixed eta=0.01,6
740,-0.1668862184182352,-0.1609153800566312,0.005970838361604003,-0.1672959665784733,Fixed eta=0.01,6
750,-0.17026196359826018,-0.16523910596882868,0.005022857629431499,-0.16713359280052376,Fixed eta=0.01,6
760,-0.18541202298002102,-0.18049983951831022,0.004912183461710795,-0.1668164491834241,Fixed eta=0.01,6
770,-0.18016433843851337,-0.1756738836387825,0.00449045479973087,-0.16675656313922804,Fixed eta=0.01,6
780,-0.18627210755806956,-0.18316042517928144,0.0031116823787881165,-0.16665394918170995,Fixed eta=0.01,6
790,-0.1998599556836682,-0.1928673968920347,0.006992558791633519,-0.1667030042368443,Fixed eta=0.01,6
800,-0.1890021503469942,-0.18206369135892758,0.006938458988066609,-0.16659248850400038,Fixed eta=0.01,6
1,12.581775386196446,12.582592493329374,0.00081710713292793,12.632715082763902,Fixed eta=0.01,7
10,10.49366300739527,10.505164596800299,0.011501589405028767,10.521522927239419,Fixed eta=0.01,7
20,8.547289850230632,8.562624544634204,0.015334694403572158,8.570622850448144,Fixed eta=0.01,7
30,6.946655748174108,6.964099474591045,0.017443726416936478,6.971455815541496,Fixed eta=0.01,7
40,5.626821881816882,5.647847779512681,0.021025897695798434,5.653639311475871,Fixed eta=0.01,7
50,4.538554159636141,4.565306056999311,0.02675189736316952,4.573721121395193,Fixed eta=0.01,7
60,3.6676404097861557,3.6980342810343227,0.03039387124816706,3.7024795463791538,Fixed eta=0.01,7
70,2.945442416781181,2.9776909410302586,0.03224852424907754,2.99452996299937,Fixed eta=0.01,7
80,2.3729056640509483,2.4040544381186773,0.03114877406772898,2.419460770996029,Fixed eta=0.01,7
90,1.920838422514045,1.9455343924444113,0.02469596993036638,1.9518507988741205,Fixed eta=0.01,7
100,1.5313523711465904,1.5512818797008712,0.019929508554280773,1.5688898528270323,Fixed eta=0.01,7
110,1.2027357115017216,1.2223139394091687,0.01957822790744701,1.256624171312338,Fixed eta=0.01,7
120,0.9483559468475778,0.9690536885572986,0.02069774170972072,1.0018331292130318,Fixed eta=0.01,7
130,0.7699213730469718,0.7895627709827895,0.01964139793581765,0.7948252307435245,Fixed eta=0.01,7
140,0.6043243306209201,0.6216588255823785,0.017334494961458446,0.626190669103455,Fixed eta=0.01,7
150,0.4655466419018325,0.4811372297743253,0.015590587872492845,0.48738536069768956,Fixed eta=0.01,7
160,0.3549773794885476,0.3662558127579384,0.01127843326939082,0.3730476369570352,Fixed eta=0.01,7
170,0.27035029998698323,0.28178641988789244,0.011436119900909203,0.2796854632646699,Fixed eta=0.01,7
180,0.17222234165409211,0.18428833863102378,0.01206599697693167,0.2025531848335418,Fixed eta=0.01,7
190,0.12057167067778052,0.13364899211708925,0.013077321439308731,0.1386904082258285,Fixed eta=0.01,7
200,0.06931846406229147,0.07825077871879532,0.008932314656503848,0.08577485196011181,Fixed eta=0.01,7
210,0.01460391164860475,0.02136597521302508,0.006762063564420329,0.04415005986224696,Fixed eta=0.01,7
220,-0.023384162191444346,-0.015239169696637134,0.008144992494807213,0.008249134447110118,Fixed eta=0.01,7
230,-0.07225882756110885,-0.0665711603277202,0.005687667233388649,-0.022285228777850608,Fixed eta=0.01,7
240,-0.06257771041894666,-0.058996921115386125,0.0035807893035605387,-0.045579515864834996,Fixed eta=0.01,7
250,-0.06535162599312305,-0.06518501954884759,0.00016660644427546334,-0.06478687249827503,Fixed eta=0.01,7
260,-0.10697004282932943,-0.10614448239521357,0.0008255604341158573,-0.08111097557395308,Fixed eta=0.01,7
270,-0.11154442087887989,-0.10914602864458145,0.002398392234298441,-0.09430454557222501,Fixed eta=0.01,7
280,-0.10790912747143111,-0.10701372931800313,0.0008953981534279842,-0.10501850489566217,Fixed eta=0.01,7
290,-0.12163958908869515,-0.1199559716730435,0.0016836174156516504,-0.1125471384267539,Fixed eta=0.01,7
300,-0.13739107152423302,-0.1340185708352546,0.0033725006889784304,-0.12129455848470161,Fixed eta=0.01,7
310,-0.1470394940580554,-0.14664699549022503,0.0003924985678303572,-0.1277821362977582,Fixed eta=0.01,7
320,-0.1448412118652586,-0.14201268948975176,0.002828522375506848,-0.13268937124986285,Fixed eta=0.01,7
330,-0.14514416889922277,-0.14520653854664278,-6.236964742001305e-05,-0.13593752216452365,Fixed eta=0.01,7
340,-0.13400020884369668,-0.13703417915993876,-0.003033970316242085,-0.1409915316533732,Fixed eta=0.01,7
350,-0.13874733574134157,-0.14343166152499887,-0.004684325783657295,-0.14523078431398506,Fixed eta=0.01,7
360,-0.1473703377425486,-0.14770636575850998,-0.0003360280159613871,-0.14754328847165704,Fixed eta=0.01,7
370,-0.1634706117562158,-0.16065058462826004,0.00282002712795576,-0.1499242497920107,Fixed eta=0.01,7
380,-0.1630920186929537,-0.16052134755498793,0.0025706711379657743,-0.15078577207945204,Fixed eta=0.01,7
390,-0.15703281623521925,-0.1588121836633858,-0.001779367428166534,-0.15175015092080257,Fixed eta=0.01,7
400,-0.14775030931611904,-0.1523003413392347,-0.004550032023115658,-0.15331087317431463,Fixed eta=0.01,7
410,-0.14846133497734404,-0.15060368398562213,-0.0021423490082780883,-0.1544533132580324,Fixed eta=0.01,7
420,-0.14964512892423726,-0.14901467149051267,0.000630457433724585,-0.15522259317161385,Fixed eta=0.01,7
430,-0.13717653099193022,-0.13890751565071302,-0.001730984658782797,-0.1556938911174583,Fixed eta=0.01,7
440,-0.1560911206373055,-0.16091183277071286,-0.0048207121334073455,-0.15663470552013187,Fixed eta=0.01,7
450,-0.14968934403712375,-0.15707140620652454,-0.007382062169400794,-0.1571053166427543,Fixed eta=0.01,7
460,-0.16121464542468106,-0.16863642928431666,-0.0074217838596356,-0.1575702655531585,Fixed eta=0.01,7
470,-0.15720746817873016,-0.16276085521636857,-0.005553387037638413,-0.15758681392399182,Fixed eta=0.01,7
480,-0.17058720850691356,-0.1753717541054362,-0.004784545598522649,-0.15787573536811483,Fixed eta=0.01,7
490,-0.16999279117952515,-0.1721082128229518,-0.0021154216434266515,-0.15797108614731425,Fixed eta=0.01,7
500,-0.1660568363816355,-0.16289831869608407,0.0031585176855514208,-0.15906214901419435,Fixed eta=0.01,7
510,-0.16162241626195084,-0.16180149783051945,-0.00017908156856860646,-0.15949977759381173,Fixed eta=0.01,7
520,-0.1586527732811447,-0.15929464897094503,-0.0006418756898003419,-0.15933924591875198,Fixed eta=0.01,7
530,-0.15323116279911025,-0.15361459173787362,-0.0003834289387633638,-0.15913813193854015,Fixed eta=0.01,7
540,-0.14644348820013664,-0.14807884712773994,-0.0016353589276033031,-0.15899837316154458,Fixed eta=0.01,7
550,-0.16060137960958065,-0.16188017908473784,-0.0012787994751571885,-0.15891121984006285,Fixed eta=0.01,7
560,-0.14969480108726102,-0.15034712159123226,-0.0006523205039712376,-0.15883888953219893,Fixed eta=0.01,7
570,-0.13797785731661466,-0.1390241678838267,-0.0010463105672120498,-0.1586644783418334,Fixed eta=0.01,7
580,-0.12512485259632772,-0.13002678825692104,-0.004901935660593326,-0.15940027380718097,Fixed eta=0.01,7
590,-0.13417956089765476,-0.13742462508914433,-0.003245064191489566,-0.159005256483373,Fixed eta=0.01,7
600,-0.13357965159152024,-0.13631411144866584,-0.002734459857145599,-0.15841371152387784,Fixed eta=0.01,7
610,-0.129401254473274,-0.1350080875253618,-0.005606833052087812,-0.15918156243929077,Fixed eta=0.01,7
620,-0.13249277598058873,-0.13699404422959138,-0.0045012682490026545,-0.15925361859728282,Fixed eta=0.01,7
630,-0.15107342983088812,-0.15783481975190405,-0.006761389921015937,-0.15957608243453553,Fixed eta=0.01,7
640,-0.14951994135980962,-0.1563433373883069,-0.006823396028497297,-0.16004819354088778,Fixed eta=0.01,7
650,-0.1380290243160111,-0.14016208880448316,-0.0021330644884720584,-0.16032977892437028,Fixed eta=0.01,7
660,-0.15508718334034322,-0.15908812300366898,-0.004000939663325764,-0.1609563820100518,Fixed eta=0.01,7
670,-0.147127792422113,-0.1510292640828234,-0.0039014716607104205,-0.16145326092950169,Fixed eta=0.01,7
680,-0.1701625473144298,-0.17883230549055473,-0.00866975817612492,-0.16200798263118527,Fixed eta=0.01,7
690,-0.16674046323086394,-0.1753286007045668,-0.00858813747370285,-0.16216293597157444,Fixed eta=0.01,7
700,-0.14801140747687258,-0.15587145431772426,-0.007860046840851675,-0.1621071752509003,Fixed eta=0.01,7
710,-0.16912741191797043,-0.17812659658758512,-0.00899918466961469,-0.16222852103262742,Fixed eta=0.01,7
720,-0.15421474886238667,-0.15839036258291406,-0.0041756137205273824,-0.1626224307662424,Fixed eta=0.01,7
730,-0.15992955977433382,-0.16683078880298535,-0.006901229028651534,-0.16268920648379553,Fixed eta=0.01,7
740,-0.16155967768894858,-0.16728065919154472,-0.005720981502596145,-0.16248084069771146,Fixed eta=0.01,7
750,-0.17679570092610875,-0.18328902243025863,-0.006493321504149885,-0.16243723926037112,Fixed eta=0.01,7
760,-0.16744832191111875,-0.17291203971231356,-0.005463717801194812,-0.162526556665942,Fixed eta=0.01,7
770,-0.1491526580504663,-0.15513483053153349,-0.005982172481067194,-0.16294729422389997,Fixed eta=0.01,7
780,-0.1512257761459687,-0.15635027912568547,-0.005124502979716783,-0.1630918704028034,Fixed eta=0.01,7
790,-0.14012655295264337,-0.1433659853271414,-0.0032394323744980302,-0.16324401521716925,Fixed eta=0.01,7
800,-0.1453044456623121,-0.15044746636660666,-0.005143020704294565,-0.16338317125395285,Fixed eta=0.01,7
1,11.113629212256841,11.11345763340575,-0.00017157885109142512,11.04678214266583,Fixed eta=0.02,0
10,7.664474072814829,7.666760362855741,0.0022862900409119646,7.637501520630245,Fixed eta=0.02,0
20,5.078351069888237,5.079452683552689,0.0011016136644519392,5.05357324513863,Fixed eta=0.02,0
30,3.3418015354057804,3.344425274673079,0.0026237392672987525,3.3294739031081577,Fixed eta=0.02,0
40,2.1693478545896583,2.1747000114601303,0.005352156870471969,2.1780956803003355,Fixed eta=0.02,0
50,1.4059127995898404,1.410338443522844,0.004425643933003709,1.4084188178385373,Fixed eta=0.02,0
60,0.8956819442185322,0.8999517322669375,0.004269788048405276,0.8937171538380817,Fixed eta=0.02,0
70,0.5641734706300593,0.5673360683985182,0.0031625977684589524,0.5498485266276739,Fixed eta=0.02,0
80,0.32012137289986503,0.32576984161764766,0.005648468717782629,0.3197685976917278,Fixed eta=0.02,0
90,0.16534048236264898,0.17133326469140753,0.00599278232875855,0.16512523738934765,Fixed eta=0.02,0
100,0.06030843659384605,0.06705464362222957,0.006746207028383522,0.06096724170451451,Fixed eta=0.02,0
110,-0.013739458761140078,-0.005486247057158555,0.008253211703981522,-0.00927450349607406,Fixed eta=0.02,0
120,-0.0707611014185881,-0.05921470233555187,0.01154639908303623,-0.05684489683830557,Fixed eta=0.02,0
130,-0.09190620327346494,-0.0807203909501778,0.011185812323287136,-0.09041822027379581,Fixed eta=0.02,0
140,-0.11996980425268444,-0.10621029813840666,0.013759506114277786,-0.1119296088603538,Fixed eta=0.02,0
150,-0.14350586170565116,-0.12733476208853806,0.016171099617113105,-0.1276364192128095,Fixed eta=0.02,0
160,-0.14652406460957923,-0.13031997868388084,0.016204085925698386,-0.13833464735783113,Fixed eta=0.02,0
170,-0.15936266490714607,-0.1408784809041232,0.018484184003022874,-0.14767300268589612,Fixed eta=0.02,0
180,-0.17350775207367808,-0.15306627419093954,0.020441477882738535,-0.15250621843148887,Fixed eta=0.02,0
190,-0.17294400860146614,-0.15094890883307055,0.021995099768395587,-0.15682876229196574,Fixed eta=0.02,0
200,-0.17558041275363595,-0.150318453468477,0.025261959285158953,-0.16010797247689718,Fixed eta=0.02,0
210,-0.16906962424730654,-0.14416764712118518,0.024901977126121355,-0.16276009591473156,Fixed eta=0.02,0
220,-0.17983530783484475,-0.15336800544004242,0.026467302394802328,-0.1641876043632695,Fixed eta=0.02,0
230,-0.17534721814636006,-0.1484588765799666,0.02688834156639347,-0.16521684864803388,Fixed eta=0.02,0
240,-0.20327294974968552,-0.17033753680112312,0.03293541294856239,-0.16588353031385628,Fixed eta=0.02,0
250,-0.21541209116571247,-0.17924034364436148,0.036171747521350994,-0.16627932918520744,Fixed eta=0.02,0
260,-0.21198137509096265,-0.17740574559863415,0.03457562949232851,-0.1665271979531236,Fixed eta=0.02,0
270,-0.19900185495714107,-0.16568841615024332,0.033313438806897744,-0.16669704089076898,Fixed eta=0.02,0
280,-0.21195924695154877,-0.17436584184423243,0.03759340510731635,-0.16642987368859707,Fixed eta=0.02,0
290,-0.21110077533148425,-0.17306245956491834,0.03803831576656591,-0.16638679633101416,Fixed eta=0.02,0
300,-0.20399421703431087,-0.16491459887140847,0.039079618162902396,-0.16599218775714208,Fixed eta=0.02,0
310,-0.2060715395951742,-0.16859497983623395,0.037476559758940264,-0.1662762273406026,Fixed eta=0.02,0
320,-0.21140278045463723,-0.169988905646148,0.04141387480848924,-0.164956228564756,Fixed eta=0.02,0
330,-0.19366391392552412,-0.15715098210762307,0.03651293181790105,-0.16552181631910518,Fixed eta=0.02,0
340,-0.17578058623594361,-0.14094367555074333,0.034836910685200284,-0.1653675252343656,Fixed eta=0.02,0
350,-0.17016272815850275,-0.133503698511171,0.03665902964733175,-0.16383175103212932,Fixed eta=0.02,0
360,-0.16909247701069507,-0.13286801402791754,0.03622446298277754,-0.16383958614945915,Fixed eta=0.02,0
370,-0.18359409441028463,-0.1458736402406437,0.03772045416964093,-0.16400072735377957,Fixed eta=0.02,0
380,-0.18103374142269468,-0.14462155280139022,0.036412188621304464,-0.1640108347266548,Fixed eta=0.02,0
390,-0.18500988785454414,-0.14561638410274197,0.03939350375180217,-0.16333882398984662,Fixed eta=0.02,0
400,-0.1961643477433731,-0.15706687128752062,0.03909747645585249,-0.163829368490768,Fixed eta=0.02,0
410,-0.20200019968268257,-0.1617901837118716,0.040210015970810975,-0.1642236888452948,Fixed eta=0.02,0
420,-0.18777626769423011,-0.1501081355307748,0.037668132163455326,-0.16453299929157789,Fixed eta=0.02,0
430,-0.20758598851191995,-0.16420352299552082,0.04338246551639913,-0.1640621799755258,Fixed eta=0.02,0
440,-0.2181049112337683,-0.17141065919973264,0.046694252034035655,-0.16380178771454612,Fixed eta=0.02,0
450,-0.20655817476982063,-0.16094438494198682,0.04561378982783382,-0.16279822764038454,Fixed eta=0.02,0
460,-0.19781543607696006,-0.1548654332332554,0.04295000284370465,-0.16284114848926778,Fixed eta=0.02,0
470,-0.22042314013266456,-0.17346774030487494,0.04695539982778962,-0.16315455077476898,Fixed eta=0.02,0
480,-0.19297675032695727,-0.14974531541480496,0.04323143491215231,-0.1626029387296487,Fixed eta=0.02,0
490,-0.2276760768933801,-0.176115234040238,0.05156084285314211,-0.16161245080423403,Fixed eta=0.02,0
500,-0.23629235072896537,-0.17714281488264494,0.059149535846320433,-0.15669153050723184,Fixed eta=0.02,0
510,-0.2332302870074665,-0.1726663504369138,0.0605639365705527,-0.15574210297745172,Fixed eta=0.02,0
520,-0.25792402772220924,-0.18904894761704383,0.06887508010516541,-0.15378351818460767,Fixed eta=0.02,0
530,-0.25617103730956414,-0.18621496530550452,0.06995607200405962,-0.15231708812897204,Fixed eta=0.02,0
540,-0.22429457112145634,-0.16044806833249825,0.06384650278895809,-0.15173397169823,Fixed eta=0.02,0
550,-0.20078726091379095,-0.14363314370407898,0.057154117209711974,-0.15328367470146564,Fixed eta=0.02,0
560,-0.20407404018476538,-0.14925405047307727,0.05481998971168811,-0.15571151489798563,Fixed eta=0.02,0
570,-0.21521184250494574,-0.15942578597365364,0.055786056531292094,-0.15691110188053958,Fixed eta=0.02,0
580,-0.18840322674821391,-0.14193684661022915,0.046466380137984764,-0.15903556629421794,Fixed eta=0.02,0
590,-0.19312624608469864,-0.14523157259922137,0.04789467348547727,-0.15895998559128433,Fixed eta=0.02,0
600,-0.18463252992002838,-0.13586730180328926,0.04876522811673911,-0.1567943159760407,Fixed eta=0.02,0
610,-0.16173363404881058,-0.11612441344182234,0.04560922060698824,-0.1554991911266017,Fixed eta=0.02,0
620,-0.17175417088301026,-0.12243446629786037,0.04931970458514989,-0.1551309283802701,Fixed eta=0.02,0
630,-0.1671620215593565,-0.11943966678472956,0.04772235477462694,-0.15585159634286866,Fixed eta=0.02,0
640,-0.17334074441320618,-0.12835992933223345,0.044980815080972736,-0.15703103634041365,Fixed eta=0.02,0
650,-0.1865023683311392,-0.14006913584188474,0.04643323248925446,-0.1577262450147624,Fixed eta=0.02,0
660,-0.1714992301196298,-0.125603362339256,0.0458958677803738,-0.15631205625753614,Fixed eta=0.02,0
670,-0.17960820580700998,-0.13249644038688102,0.04711176542012896,-0.1570073384689823,Fixed eta=0.02,0
680,-0.16434169601067483,-0.12177210080408829,0.04256959520658654,-0.15738199855953905,Fixed eta=0.02,0
690,-0.18792206145382995,-0.1418873542101835,0.046034707243646444,-0.15778191552765153,Fixed eta=0.02,0
700,-0.17381075230198223,-0.1303393504979325,0.043471401804049736,-0.15850125012864097,Fixed eta=0.02,0
710,-0.19197351801347118,-0.1445687820420093,0.04740473597146189,-0.15778832979567914,Fixed eta=0.02,0
720,-0.17151526728860556,-0.1279395571374835,0.04357571015112205,-0.15792616791251501,Fixed eta=0.02,0
730,-0.20982117667723998,-0.15724701841342403,0.05257415826381595,-0.1581933102224068,Fixed eta=0.02,0
740,-0.19062320774215624,-0.13938053927596428,0.051242668466191965,-0.15754554840915613,Fixed eta=0.02,0
750,-0.20339402460593314,-0.14795483536579201,0.05543918924014113,-0.1561916405099213,Fixed eta=0.02,0
760,-0.208887618550877,-0.15233691070506072,0.056550707845816284,-0.1561764150792445,Fixed eta=0.02,0
770,-0.18129041974748433,-0.13120999074619005,0.05008042900129428,-0.15671299368476327,Fixed eta=0.02,0
780,-0.1620615794170795,-0.11658214347515289,0.045479435941926605,-0.15739723716146253,Fixed eta=0.02,0
790,-0.17160943200935286,-0.12301025790929554,0.04859917410005732,-0.15616752999975358,Fixed eta=0.02,0
800,-0.17632833052773073,-0.129669164685484,0.04665916584224672,-0.15738691495409213,Fixed eta=0.02,0
1,12.927617446133965,12.928734622250708,0.0011171761167432237,12.623986053910455,Fixed eta=0.02,1
10,8.936891408010261,8.941900979259767,0.00500957124950574,8.706936233567246,Fixed eta=0.02,1
20,5.882166447323259,5.894293619853182,0.012127172529923236,5.752042590460763,Fixed eta=0.02,1
30,3.8789981949751438,3.8913166460429762,0.01231845106783247,3.7989802099620196,Fixed eta=0.02,1
40,2.5353933036979317,2.549481689400443,0.014088385702511363,2.510848099950907,Fixed eta=0.02,1
50,1.6622828523021251,1.6758971090673633,0.013614256765238197,1.665052044874022,Fixed eta=0.02,1
60,1.111126660574034,1.1222668932589575,0.011140232684923479,1.110108040462682,Fixed eta=0.02,1
70,0.7729038929342419,0.7804100807419496,0.0075061878077077315,0.7457549051565068,Fixed eta=0.02,1
80,0.520671753457652,0.5265310186470279,0.005859265189375851,0.49238907357676004,Fixed eta=0.02,1
90,0.32811548834896054,0.3349160072770587,0.006800518928098187,0.3237868239346495,Fixed eta=0.02,1
100,0.20285194645096943,0.20923800062780296,0.006386054176833522,0.2066686934450634,Fixed eta=0.02,1
110,0.11145547553813989,0.11880435384305096,0.007348878304911072,0.13387733599893667,Fixed eta=0.02,1
120,0.0710497906828195,0.07697838282589639,0.005928592143076894,0.08310942604975087,Fixed eta=0.02,1
130,0.03747589370808346,0.04097832899105372,0.0035024352829702565,0.0371549384643618,Fixed eta=0.02,1
140,0.0025088791705152047,0.0050648081823701785,0.002555929011854974,0.002966113813850896,Fixed eta=0.02,1
150,-0.02205501673333346,-0.020274239946994538,0.0017807767863389223,-0.022183332752379104,Fixed eta=0.02,1
160,-0.043756197390640725,-0.04223807153157903,0.001518125859061692,-0.04113163952420028,Fixed eta=0.02,1
170,-0.056583429765558524,-0.05554288979233027,0.001040539973228255,-0.05542020387023358,Fixed eta=0.02,1
180,-0.07017761920975135,-0.06941936879012514,0.0007582504196262108,-0.06777535627026049,Fixed eta=0.02,1
190,-0.07898948961498602,-0.07834651544309641,0.0006429741718896043,-0.07610384361163415,Fixed eta=0.02,1
200,-0.08688142169050336,-0.08647575255824572,0.00040566913225764667,-0.08408091307044777,Fixed eta=0.02,1
210,-0.09353896913257068,-0.09340264484569497,0.00013632428687571085,-0.09186256193855086,Fixed eta=0.02,1
220,-0.10081240049210852,-0.10083147960266109,-1.9079110552572276e-05,-0.09966849516303594,Fixed eta=0.02,1
230,-0.10746653936269297,-0.10741950129011095,4.703807258202297e-05,-0.1059563007489971,Fixed eta=0.02,1
240,-0.11472486063557448,-0.11449246466416955,0.00023239597140492507,-0.11287533606695456,Fixed eta=0.02,1
250,-0.12038279991101272,-0.1201570846658328,0.00022571524517991937,-0.11877374388557851,Fixed eta=0.02,1
260,-0.13026225109283052,-0.12955249104005673,0.0007097600527737891,-0.1239161182469783,Fixed eta=0.02,1
270,-0.1359642617565753,-0.13494625684525646,0.0010180049113188427,-0.12873841973439779,Fixed eta=0.02,1
280,-0.13624820726091963,-0.13524387263437365,0.0010043346265459774,-0.13287794557538046,Fixed eta=0.02,1
290,-0.13823854718621134,-0.13706024386481844,0.001178303321392904,-0.13675490384921765,Fixed eta=0.02,1
300,-0.13868410093579067,-0.13746699770346002,0.0012171032323306519,-0.13969025297707385,Fixed eta=0.02,1
310,-0.14588767390429047,-0.14400228989767222,0.0018853840066182515,-0.14241580413022947,Fixed eta=0.02,1
320,-0.16503713572725365,-0.16147433093579927,0.003562804791454377,-0.14485584660988465,Fixed eta=0.02,1
330,-0.16366881638273104,-0.15982550143413907,0.0038433149485919693,-0.14807292231406596,Fixed eta=0.02,1
340,-0.14956849348084159,-0.14684869376156448,0.002719799719277105,-0.14996467800605814,Fixed eta=0.02,1
350,-0.1550436298750707,-0.15176218553879622,0.003281444336274475,-0.15220905052288974,Fixed eta=0.02,1
360,-0.14914967343410016,-0.14622991690861073,0.0029197565254894253,-0.1536482506185897,Fixed eta=0.02,1
370,-0.15405787377179353,-0.15053188901854625,0.00352598475324728,-0.15515143747334853,Fixed eta=0.02,1
380,-0.1509441014696971,-0.1474078690424374,0.0035362324272597,-0.15646401291993284,Fixed eta=0.02,1
390,-0.16187302370687573,-0.1571895660523514,0.004683457654524326,-0.15799992605678181,Fixed eta=0.02,1
400,-0.16971218384208572,-0.16408054266570407,0.005631641176381652,-0.15919444319826345,Fixed eta=0.02,1
410,-0.1644205692842522,-0.15873663901520613,0.005683930269046067,-0.16068949233700058,Fixed eta=0.02,1
420,-0.1619159909532516,-0.1562357031802517,0.005680287772999892,-0.16165695155067145,Fixed eta=0.02,1
430,-0.1681592353969094,-0.16135984996658564,0.006799385430323768,-0.16296624009242255,Fixed eta=0.02,1
440,-0.17200766826822844,-0.16433623945463655,0.007671428813591896,-0.1638896820543252,Fixed eta=0.02,1
450,-0.16402660124741897,-0.15682737913016165,0.00719922211725732,-0.1645060747799877,Fixed eta=0.02,1
460,-0.16671291963766832,-0.15953305369661053,0.007179865941057795,-0.16479761781765434,Fixed eta=0.02,1
470,-0.17101076347711294,-0.16323935026794426,0.007771413209168687,-0.1648591675023017,Fixed eta=0.02,1
480,-0.1636806325226115,-0.15653066667173365,0.0071499658508778485,-0.16478958606457572,Fixed eta=0.02,1
490,-0.1835851369070965,-0.1744198598584768,0.009165277048619691,-0.16515726829869515,Fixed eta=0.02,1
500,-0.15984682064020989,-0.15252745258557965,0.0073193680546302375,-0.16528547761786516,Fixed eta=0.02,1
510,-0.1690243595785128,-0.1607948953031358,0.008229464275377019,-0.1654748021285779,Fixed eta=0.02,1
520,-0.1694840962264057,-0.16142872500788347,0.008055371218522234,-0.16565441632689543,Fixed eta=0.02,1
530,-0.19476880871049512,-0.18377199051887655,0.010996818191618574,-0.1661843701042794,Fixed eta=0.02,1
540,-0.1864169255606306,-0.17543701889285407,0.01097990666777654,-0.16652428144704234,Fixed eta=0.02,1
550,-0.17689394013845583,-0.16625541980646596,0.010638520331989865,-0.16672972894866678,Fixed eta=0.02,1
560,-0.1814703021486137,-0.1701671598574791,0.011303142291134605,-0.16690391530038623,Fixed eta=0.02,1
570,-0.1707313877239915,-0.16083410132490022,0.009897286399091265,-0.16708384462118603,Fixed eta=0.02,1
580,-0.1742134490782637,-0.164171609308899,0.01004183976936468,-0.16713236738746812,Fixed eta=0.02,1
590,-0.15593494887770104,-0.14750589003316694,0.008429058844534099,-0.16720026210533545,Fixed eta=0.02,1
600,-0.1749826362399084,-0.1641336028838138,0.010849033356094606,-0.16720923226454154,Fixed eta=0.02,1
610,-0.16373581950191746,-0.15327980086725296,0.010456018634664499,-0.16721809381696057,Fixed eta=0.02,1
620,-0.1691890004965113,-0.1587547804227496,0.010434220073761713,-0.16718397625953385,Fixed eta=0.02,1
630,-0.15619004783370022,-0.14677775196634185,0.009412295867358367,-0.16717624417478216,Fixed eta=0.02,1
640,-0.16691227383398138,-0.15688339834734694,0.010028875486634448,-0.16713282720419936,Fixed eta=0.02,1
650,-0.15334525736237947,-0.14474418258686328,0.008601074775516193,-0.16689094381688452,Fixed eta=0.02,1
660,-0.1471855135240438,-0.13914847381894274,0.008037039705101057,-0.16677343329701655,Fixed eta=0.02,1
670,-0.17093141348665913,-0.16121556903940715,0.009715844447251987,-0.16675262641137323,Fixed eta=0.02,1
680,-0.15748531567631774,-0.14808249428013448,0.009402821396183259,-0.1671290216630012,Fixed eta=0.02,1
690,-0.17454058521298954,-0.1638885518506331,0.010652033362356428,-0.16732898459988232,Fixed eta=0.02,1
700,-0.19300112206058662,-0.18086745767379747,0.012133664386789145,-0.1671180966325061,Fixed eta=0.02,1
710,-0.1822746080651368,-0.17024614553303896,0.012028462532097828,-0.16720858832009633,Fixed eta=0.02,1
720,-0.2119521651246229,-0.19695898658072708,0.014993178543895813,-0.16702462714612248,Fixed eta=0.02,1
730,-0.19053471157246293,-0.17637198832242795,0.014162723250034981,-0.16651355177291244,Fixed eta=0.02,1
740,-0.17361081208863527,-0.16074788349289865,0.012862928595736622,-0.16661646888337434,Fixed eta=0.02,1
750,-0.16633839337252204,-0.15396815319506651,0.012370240177455527,-0.1668010507928504,Fixed eta=0.02,1
760,-0.16381199687290732,-0.15211752208442714,0.01169447478848018,-0.16708134018564663,Fixed eta=0.02,1
770,-0.1670763829036071,-0.15523680577497273,0.011839577128634371,-0.16706629289537878,Fixed eta=0.02,1
780,-0.18420249473955486,-0.1713747374933684,0.012827757246186455,-0.16712582961054895,Fixed eta=0.02,1
790,-0.20057925100304397,-0.1856294250323619,0.014949825970682062,-0.16698322386400372,Fixed eta=0.02,1
800,-0.17685446308573416,-0.16295775912461474,0.013896703961119417,-0.1665045286952409,Fixed eta=0.02,1
1,11.93840451724372,11.945417049632947,0.007012532389227388,12.133020841153519,Fixed eta=0.02,2
10,8.27925391913318,8.292739860715523,0.013485941582342065,8.398734783664928,Fixed eta=0.02,2
20,5.4858023423224145,5.501031034614566,0.01522869229215118,5.5371326942984815,Fixed eta=0.02,2
30,3.615130410695545,3.6290402683926852,0.013909857697140371,3.6134231047136804,Fixed eta=0.02,2
40,2.3145149531491516,2.313444825539327,-0.0010701276098243895,2.3092472110726034,Fixed eta=0.02,2
50,1.4575998580647653,1.4500805866737196,-0.00751927139104569,1.446897071915349,Fixed eta=0.02,2
60,0.9038718738812818,0.8939183219502027,-0.009953551931079052,0.8778509846170607,Fixed eta=0.02,2
70,0.5510980135829869,0.5406885504313661,-0.010409463151620835,0.5113205210081355,Fixed eta=0.02,2
80,0.31776489728072643,0.30809630131589955,-0.009668595964826887,0.27343176312596296,Fixed eta=0.02,2
90,0.170929241804319,0.16305577828801737,-0.007873463516301638,0.1199957926548248,Fixed eta=0.02,2
100,0.059704204290283,0.05031535908665141,-0.00938884520363159,0.022239763281739766,Fixed eta=0.02,2
110,0.003315372739009559,-0.0041788897498754585,-0.007494262488885017,-0.04314006191820502,Fixed eta=0.02,2
120,-0.05946272513873041,-0.07016213733442128,-0.010699412195690872,-0.08548836031037316,Fixed eta=0.02,2
130,-0.10718987999173013,-0.1208702485797401,-0.013680368588009972,-0.11317533166569288,Fixed eta=0.02,2
140,-0.11518328650532139,-0.1286214609248223,-0.013438174419500903,-0.13063544828146512,Fixed eta=0.02,2
150,-0.11912077681680577,-0.1308139586782247,-0.011693181861418933,-0.14228800324828322,Fixed eta=0.02,2
160,-0.12346902023316392,-0.13334656798180333,-0.009877547748639415,-0.14969310285558096,Fixed eta=0.02,2
170,-0.13134117346996235,-0.14235413142037692,-0.01101295795041457,-0.15480530966332887,Fixed eta=0.02,2
180,-0.15071147082773223,-0.1640088494055516,-0.013297378577819374,-0.15782288898035984,Fixed eta=0.02,2
190,-0.14636897411656086,-0.1585006276021224,-0.012131653485561555,-0.15992862185263684,Fixed eta=0.02,2
200,-0.14701346502174778,-0.1601284173204387,-0.013114952298690918,-0.16174482107356208,Fixed eta=0.02,2
210,-0.1555494603516322,-0.1691303131408674,-0.01358085278923521,-0.16269504474961627,Fixed eta=0.02,2
220,-0.14676786386490742,-0.15954360033834164,-0.012775736473434218,-0.1631445668039589,Fixed eta=0.02,2
230,-0.15464838770178085,-0.16898395704282249,-0.014335569341041632,-0.16376954375700742,Fixed eta=0.02,2
240,-0.14562534571930288,-0.15889787732680674,-0.013272531607503857,-0.16423333132121196,Fixed eta=0.02,2
250,-0.1636807700487996,-0.18025379295736382,-0.016573022908564217,-0.16456368920892,Fixed eta=0.02,2
260,-0.16476995489393909,-0.18100180747911498,-0.0162318525851759,-0.1647473743112362,Fixed eta=0.02,2
270,-0.1501996810527999,-0.1640037362436792,-0.013804055190879294,-0.16459220508459937,Fixed eta=0.02,2
280,-0.1637097876996046,-0.17860662854863102,-0.014896840849026427,-0.1646801931725928,Fixed eta=0.02,2
290,-0.15964543997285674,-0.17154627205708095,-0.011900832084224211,-0.16411974245476352,Fixed eta=0.02,2
300,-0.16428232473128268,-0.17707450307067402,-0.012792178339391336,-0.16310799507504203,Fixed eta=0.02,2
310,-0.16108432823235042,-0.1721637284397055,-0.011079400207355095,-0.16263784735102987,Fixed eta=0.02,2
320,-0.15633518944356178,-0.16552721514319457,-0.009192025699632789,-0.16219907508999665,Fixed eta=0.02,2
330,-0.1632971858887642,-0.17410149388701332,-0.010804307998249107,-0.16031079758242747,Fixed eta=0.02,2
340,-0.17324833273137014,-0.18709188156568912,-0.013843548834318986,-0.16205706037741535,Fixed eta=0.02,2
350,-0.1683506329420518,-0.18288737396015672,-0.014536741018104926,-0.16286749887482807,Fixed eta=0.02,2
360,-0.1621973655732979,-0.17708542604295968,-0.01488806046966179,-0.16333493542591265,Fixed eta=0.02,2
370,-0.15899943959263452,-0.17253435809602435,-0.013534918503389837,-0.16378767625617158,Fixed eta=0.02,2
380,-0.1615134382047208,-0.17524547066560447,-0.01373203246088367,-0.16377153144342793,Fixed eta=0.02,2
390,-0.16420330508399722,-0.1788152219764812,-0.014611916892483978,-0.16363580473987216,Fixed eta=0.02,2
400,-0.1541969477763108,-0.16721071601636586,-0.013013768240055068,-0.16405907727143978,Fixed eta=0.02,2
410,-0.16092941347865256,-0.17773306855889312,-0.016803655080240565,-0.16472076858749232,Fixed eta=0.02,2
420,-0.1628796213511293,-0.1816569175836534,-0.01877729623252411,-0.1652631853448052,Fixed eta=0.02,2
430,-0.17644983973671494,-0.19923290808110103,-0.022783068344386093,-0.16561530820835615,Fixed eta=0.02,2
440,-0.16786981305336712,-0.18659295350189553,-0.018723140448528408,-0.16605866376309725,Fixed eta=0.02,2
450,-0.15701811455396855,-0.17301614027466491,-0.015998025720696363,-0.1660719886381419,Fixed eta=0.02,2
460,-0.1645040797993974,-0.18167644907195685,-0.01717236927255944,-0.1658422457526061,Fixed eta=0.02,2
470,-0.14728738677012515,-0.16125746956254966,-0.01397008279242451,-0.1661473877910959,Fixed eta=0.02,2
480,-0.1443972966358117,-0.1565514779061445,-0.012154181270332798,-0.16545266101985,Fixed eta=0.02,2
490,-0.14435781214284313,-0.155275289019676,-0.010917476876832866,-0.16510417021028553,Fixed eta=0.02,2
500,-0.15517603105689465,-0.16751633888965028,-0.012340307832755637,-0.16428649141229912,Fixed eta=0.02,2
510,-0.15668862603944916,-0.16930207688525667,-0.012613450845807506,-0.1644367393243451,Fixed eta=0.02,2
520,-0.1413016048029195,-0.15098916964100426,-0.00968756483808475,-0.1638894988007588,Fixed eta=0.02,2
530,-0.13494041728625433,-0.1434284022168299,-0.008487984930575565,-0.16362927629029284,Fixed eta=0.02,2
540,-0.13598741056202066,-0.14367541008133503,-0.00768799951931437,-0.1630879872566017,Fixed eta=0.02,2
550,-0.1408564581454387,-0.14867637776892254,-0.007819919623483829,-0.16246224306765508,Fixed eta=0.02,2
560,-0.14626504567978393,-0.1544068774034717,-0.008141831723687765,-0.16203824684594542,Fixed eta=0.02,2
570,-0.1517983604250844,-0.16009110968638304,-0.008292749261298638,-0.16166864025300234,Fixed eta=0.02,2
580,-0.16000965884963303,-0.16850556037820585,-0.008495901528572825,-0.15934396962115932,Fixed eta=0.02,2
590,-0.15489737802271414,-0.16223584493288762,-0.00733846691017348,-0.15947174921873614,Fixed eta=0.02,2
600,-0.15991679556572225,-0.16885382237963797,-0.008937026813915727,-0.1592736658067624,Fixed eta=0.02,2
610,-0.15613872624117797,-0.16397309803337606,-0.007834371792198092,-0.1590933979658144,Fixed eta=0.02,2
620,-0.15767941636102606,-0.16696977146651665,-0.009290355105490589,-0.15995441906181934,Fixed eta=0.02,2
630,-0.16245392849877816,-0.17366078018619624,-0.011206851687418085,-0.16063364963360216,Fixed eta=0.02,2
640,-0.15408954045579953,-0.1647961857493101,-0.010706645293510564,-0.16066943647954468,Fixed eta=0.02,2
650,-0.1526995178129128,-0.16178681795634603,-0.00908730014343323,-0.16044206733806188,Fixed eta=0.02,2
660,-0.15430499410080434,-0.16362322166094195,-0.009318227560137615,-0.16131264886678298,Fixed eta=0.02,2
670,-0.1451975262266693,-0.1537604222091948,-0.00856289598252552,-0.16190422627226778,Fixed eta=0.02,2
680,-0.14974900117951723,-0.15903669062408882,-0.00928768944457159,-0.16197439536929398,Fixed eta=0.02,2
690,-0.14251429369326962,-0.1504316953842364,-0.007917401690966774,-0.1620467521960815,Fixed eta=0.02,2
700,-0.1525877145693732,-0.16171618611152877,-0.00912847154215557,-0.16156457912301347,Fixed eta=0.02,2
710,-0.15982365108803437,-0.17175761061953904,-0.011933959531504668,-0.16238175576947672,Fixed eta=0.02,2
720,-0.15500306675843845,-0.1653973305037571,-0.010394263745318655,-0.16234333619370755,Fixed eta=0.02,2
730,-0.16568554326696044,-0.17718776124043112,-0.011502217973470674,-0.1609822251862857,Fixed eta=0.02,2
740,-0.1772948651721466,-0.19127264810033273,-0.013977782928186133,-0.16112468738119623,Fixed eta=0.02,2
750,-0.17268562554407849,-0.18594719119106193,-0.013261565646983442,-0.16116952148522465,Fixed eta=0.02,2
760,-0.1678669183861735,-0.17996093599183716,-0.012094017605663643,-0.16087995273424371,Fixed eta=0.02,2
770,-0.16523180460970271,-0.17646767357635695,-0.011235868966654239,-0.16133602355721027,Fixed eta=0.02,2
780,-0.15779479471266994,-0.16944842739266625,-0.011653632679996306,-0.16181590055777734,Fixed eta=0.02,2
790,-0.14761003453817867,-0.15790161746308423,-0.010291582924905562,-0.16227041196978909,Fixed eta=0.02,2
800,-0.1488844485837403,-0.15890503978276196,-0.010020591199021656,-0.16261891543946735,Fixed eta=0.02,2
1,12.409804988162128,12.413949935363169,0.004144947201041305,12.870558875172607,Fixed eta=0.02,3
10,8.656070736904631,8.69039171894519,0.034320982040558334,8.924598795697973,Fixed eta=0.02,3
20,5.760431107572786,5.797964701954601,0.037533594381814694,5.893458271617158,Fixed eta=0.02,3
30,3.8161711483752665,3.846857895860237,0.030686747484970578,3.8610353597777483,Fixed eta=0.02,3
40,2.485472879018778,2.5036184882634864,0.018145609244708538,2.49538119136811,Fixed eta=0.02,3
50,1.6002600937702964,1.613117937245865,0.01285784347556862,1.5763831611595955,Fixed eta=0.02,3
60,1.0236247487702075,1.032204551398475,0.008579802628267519,0.9824419343492747,Fixed eta=0.02,3
70,0.6430180733042916,0.6490447163293509,0.006026643025059286,0.5896598026962079,Fixed eta=0.02,3
80,0.3902599932442583,0.3944939241929998,0.004233930948741471,0.33631442488075136,Fixed eta=0.02,3
90,0.2140858785660131,0.2150935693750202,0.001007690809007089,0.17345964561514624,Fixed eta=0.02,3
100,0.09800726157775055,0.09682231833341517,-0.0011849432443353791,0.06980561356975373,Fixed eta=0.02,3
110,0.02232001411579146,0.02023461872504978,-0.002085395390741679,-0.0001252659954854296,Fixed eta=0.02,3
120,-0.027460231309315075,-0.030111299557362248,-0.0026510682480471726,-0.044564001955522514,Fixed eta=0.02,3
130,-0.06058264019370818,-0.06355736982404969,-0.0029747296303415105,-0.0738684770159144,Fixed eta=0.02,3
140,-0.08725256655605682,-0.09171269275373761,-0.004460126197680797,-0.09430777278643471,Fixed eta=0.02,3
150,-0.09926045412507173,-0.10371614550110864,-0.004455691376036908,-0.10986036393958015,Fixed eta=0.02,3
160,-0.1172703341946914,-0.12321738623999134,-0.005947052045299939,-0.12071186343716384,Fixed eta=0.02,3
170,-0.1199081265793725,-0.12596144634667095,-0.0060533197672984485,-0.12902366681411576,Fixed eta=0.02,3
180,-0.11825711257998306,-0.12281455512774586,-0.004557442547762802,-0.1351048817621146,Fixed eta=0.02,3
190,-0.12009642272387999,-0.12322090679122116,-0.003124484067341171,-0.13909508352405642,Fixed eta=0.02,3
200,-0.12985006523605003,-0.13651178134169012,-0.006661716105640092,-0.14268662666580845,Fixed eta=0.02,3
210,-0.13584816378164127,-0.14333442997328777,-0.007486266191646496,-0.1458886328112899,Fixed eta=0.02,3
220,-0.1356447500037095,-0.14299680703666778,-0.00735205703295827,-0.1481305758171454,Fixed eta=0.02,3
230,-0.1307866705395001,-0.1368760816590615,-0.006089411119561405,-0.1492199747284318,Fixed eta=0.02,3
240,-0.14136855118692368,-0.14996854604358853,-0.00859999485666485,-0.1501404187790362,Fixed eta=0.02,3
250,-0.14808632048970705,-0.1587678402815736,-0.010681519791866545,-0.15056753132381417,Fixed eta=0.02,3
260,-0.14978142757593982,-0.16292881712350532,-0.013147389547565502,-0.15260104167645505,Fixed eta=0.02,3
270,-0.1488670381860772,-0.16146828742005867,-0.012601249233981482,-0.15365553229478637,Fixed eta=0.02,3
280,-0.15293657160482987,-0.16879528028094803,-0.01585870867611816,-0.15493090250898145,Fixed eta=0.02,3
290,-0.15002508123997838,-0.16589647441808136,-0.015871393178102988,-0.1565057021048643,Fixed eta=0.02,3
300,-0.14997683127900507,-0.16548958492231441,-0.01551275364330934,-0.15681609384535988,Fixed eta=0.02,3
310,-0.1511111649295665,-0.1669784777092742,-0.01586731277970771,-0.1574247777441995,Fixed eta=0.02,3
320,-0.14351028767840868,-0.15701115416822692,-0.013500866489818242,-0.15825983346401085,Fixed eta=0.02,3
330,-0.14794154213499097,-0.1639786773385152,-0.016037135203524233,-0.15839493334691204,Fixed eta=0.02,3
340,-0.13722526408101318,-0.15154062385226727,-0.014315359771254088,-0.15866506937981004,Fixed eta=0.02,3
350,-0.12896456109893908,-0.1395451245606463,-0.010580563461707215,-0.1587686468914559,Fixed eta=0.02,3
360,-0.13837280463763918,-0.15121113112321283,-0.012838326485573648,-0.15864956544270764,Fixed eta=0.02,3
370,-0.1353515662584128,-0.14671165188396187,-0.011360085625549077,-0.15827003453657076,Fixed eta=0.02,3
380,-0.14026791652937712,-0.153530864536942,-0.01326294800756489,-0.15828913494010913,Fixed eta=0.02,3
390,-0.14141613638046843,-0.1550372917394323,-0.013621155358963855,-0.15929080336530668,Fixed eta=0.02,3
400,-0.14857524175929882,-0.16600453291891643,-0.01742929115961761,-0.15999320067826517,Fixed eta=0.02,3
410,-0.15273861530215915,-0.17126912635040065,-0.018530511048241494,-0.1600788463328489,Fixed eta=0.02,3
420,-0.14838027449315483,-0.1655209427540194,-0.017140668260864578,-0.1592468864176318,Fixed eta=0.02,3
430,-0.141850770886227,-0.15704845792131106,-0.015197687035084062,-0.15925652673088792,Fixed eta=0.02,3
440,-0.13709755191113931,-0.15065272701748922,-0.013555175106349904,-0.1596525152421412,Fixed eta=0.02,3
450,-0.13015792929101586,-0.14206366780570998,-0.01190573851469412,-0.16008548851687873,Fixed eta=0.02,3
460,-0.1337401989439153,-0.14670951155311512,-0.012969312609199812,-0.15981233784032273,Fixed eta=0.02,3
470,-0.1310014143943632,-0.1435456357278942,-0.012544221333531003,-0.15991706515284893,Fixed eta=0.02,3
480,-0.1297976934946287,-0.14138684276258853,-0.011589149267959842,-0.1599116876937394,Fixed eta=0.02,3
490,-0.13150178782326202,-0.14296957524395146,-0.011467787420689435,-0.1591607306142924,Fixed eta=0.02,3
500,-0.13100977739153574,-0.1414343582310859,-0.010424580839550168,-0.15881850003381515,Fixed eta=0.02,3
510,-0.13868337099987915,-0.15117705231866274,-0.01249368131878359,-0.15755772940930945,Fixed eta=0.02,3
520,-0.1446339556511604,-0.15895086256689248,-0.014316906915732064,-0.1570441158129169,Fixed eta=0.02,3
530,-0.1404474760402001,-0.15213317426583686,-0.011685698225636754,-0.15702016417072542,Fixed eta=0.02,3
540,-0.13505045955683107,-0.1445890182506893,-0.009538558693858223,-0.15703854550907023,Fixed eta=0.02,3
550,-0.12880039006067312,-0.1345589427196554,-0.0057585526589822855,-0.1557538555356212,Fixed eta=0.02,3
560,-0.12916636888245964,-0.13497692918175014,-0.0058105602992905014,-0.15479632623495587,Fixed eta=0.02,3
570,-0.12952536846896828,-0.13625078892744508,-0.006725420458476794,-0.15422949638356415,Fixed eta=0.02,3
580,-0.12766774142532406,-0.13413974417430385,-0.006472002748979799,-0.1542772712360757,Fixed eta=0.02,3
590,-0.1371595389445024,-0.14641725587365467,-0.009257716929152282,-0.15445304072870192,Fixed eta=0.02,3
600,-0.14986140707934387,-0.1643090436191441,-0.014447636539800246,-0.15499260635248235,Fixed eta=0.02,3
610,-0.1457519499070592,-0.15849788730800085,-0.012745937400941654,-0.15596640509297582,Fixed eta=0.02,3
620,-0.14432762358969364,-0.1566450656145441,-0.012317442024850467,-0.1551131971279492,Fixed eta=0.02,3
630,-0.13828903270144,-0.148711024426875,-0.01042199172543501,-0.15608435269301824,Fixed eta=0.02,3
640,-0.14037305583135998,-0.1518494309238472,-0.011476375092487223,-0.1563838168670789,Fixed eta=0.02,3
650,-0.14290200514533985,-0.15570448459173158,-0.012802479446391735,-0.15650651892945738,Fixed eta=0.02,3
660,-0.14682852175844652,-0.1607941076431933,-0.013965585884746778,-0.1560030758269781,Fixed eta=0.02,3
670,-0.1581183354203719,-0.17568462342141195,-0.017566288001040042,-0.15610989398558522,Fixed eta=0.02,3
680,-0.16319380186382826,-0.18377235597676678,-0.02057855411293852,-0.15615087174284892,Fixed eta=0.02,3
690,-0.16106868078155692,-0.18077103412288772,-0.019702353341330803,-0.1559582966642176,Fixed eta=0.02,3
700,-0.14741005576385194,-0.16287113727854344,-0.0154610815146915,-0.15697557175727797,Fixed eta=0.02,3
710,-0.14871678316827752,-0.16571996609664152,-0.017003182928364002,-0.1576758598829613,Fixed eta=0.02,3
720,-0.1475081660558422,-0.16281758415573136,-0.015309418099889172,-0.15696168817310638,Fixed eta=0.02,3
730,-0.1436846927735068,-0.1574822353836279,-0.013797542610121116,-0.1576750054750695,Fixed eta=0.02,3
740,-0.13420357135509925,-0.14598701201038555,-0.011783440655286304,-0.15788944105657776,Fixed eta=0.02,3
750,-0.12944833947617598,-0.13835242705823222,-0.008904087582056242,-0.15651460606693793,Fixed eta=0.02,3
760,-0.13060714849502936,-0.13974698054121187,-0.009139832046182517,-0.1560710440093454,Fixed eta=0.02,3
770,-0.1280567045630818,-0.1350268813388816,-0.006970176775799808,-0.1552962044022779,Fixed eta=0.02,3
780,-0.13301245413218615,-0.14148518103009605,-0.008472726897909899,-0.1550984683694283,Fixed eta=0.02,3
790,-0.1381251048724369,-0.14881494656821992,-0.01068984169578302,-0.15478765816291862,Fixed eta=0.02,3
800,-0.1356392633401067,-0.14454918611643555,-0.008909922776328849,-0.1549430779712382,Fixed eta=0.02,3
1,11.580602120310388,11.582210900837572,0.0016087805271833844,11.26206027877769,Fixed eta=0.02,4
10,7.930697665513439,7.942136871022218,0.011439205508779082,7.793988174437694,Fixed eta=0.02,4
20,5.2578895619532435,5.270297699330036,0.01240813737679236,5.180341165277911,Fixed eta=0.02,4
30,3.4883003224694114,3.5009039101938404,0.012603587724429044,3.440437493953956,Fixed eta=0.02,4
40,2.3022610368890817,2.3155318969208176,0.013270860031735943,2.2841947063934462,Fixed eta=0.02,4
50,1.5188532498858285,1.5302866917585525,0.011433441872723993,1.509529621910886,Fixed eta=0.02,4
60,0.9779713277049606,0.9898172925526055,0.011845964847644885,0.998862735138983,Fixed eta=0.02,4
70,0.6332941285643727,0.6443024631336516,0.011008334569278855,0.6601165703656112,Fixed eta=0.02,4
80,0.4006006585433781,0.40954153060834897,0.00894087206497085,0.42719550699096354,Fixed eta=0.02,4
90,0.2658892062220605,0.2730139000023097,0.007124693780249158,0.27618443453472585,Fixed eta=0.02,4
100,0.15416928207794756,0.1601201826833984,0.005950900605450837,0.16993160593383072,Fixed eta=0.02,4
110,0.07652755935998962,0.08190218169011976,0.005374622330130141,0.09707357204563727,Fixed eta=0.02,4
120,0.04333245492338028,0.04751533710922251,0.004182882185842229,0.0488903671238578,Fixed eta=0.02,4
130,0.003621823194164875,0.007315762906650869,0.003693939712485994,0.013588715462406475,Fixed eta=0.02,4
140,-0.027214502357699122,-0.023586578321621865,0.003627924036077257,-0.007964042565038687,Fixed eta=0.02,4
150,-0.043314109474300255,-0.040109507565092295,0.0032046019092079603,-0.027681410478253565,Fixed eta=0.02,4
160,-0.05383827889555795,-0.0513374332518389,0.002500845643719052,-0.04049817930231439,Fixed eta=0.02,4
170,-0.07114180230916506,-0.0687991236926358,0.002342678616529259,-0.05322040385172766,Fixed eta=0.02,4
180,-0.07188853817952057,-0.0702658170768066,0.0016227211027139699,-0.0633326384745164,Fixed eta=0.02,4
190,-0.07747193847779596,-0.07623277579968626,0.0012391626781096954,-0.07227895070649987,Fixed eta=0.02,4
200,-0.08098376463743759,-0.08014991154225456,0.0008338530951830236,-0.07976008175702023,Fixed eta=0.02,4
210,-0.08622196488879416,-0.08557650835717204,0.0006454565316221239,-0.08591824964409722,Fixed eta=0.02,4
220,-0.09304995357743198,-0.09247786644314429,0.000572087134287691,-0.09101026595740114,Fixed eta=0.02,4
230,-0.09917051743651767,-0.09874710076088641,0.0004234166756312552,-0.09642994266621632,Fixed eta=0.02,4
240,-0.10367648442604793,-0.10326379184036685,0.00041269258568107925,-0.10006596022689584,Fixed eta=0.02,4
250,-0.10279477430235148,-0.10261510021775663,0.00017967408459484968,-0.10296256546181509,Fixed eta=0.02,4
260,-0.10802309391329298,-0.10767905782250042,0.0003440360907925599,-0.10490780957400322,Fixed eta=0.02,4
270,-0.1076970338416611,-0.10740548416141144,0.0002915496802496642,-0.10799221592410946,Fixed eta=0.02,4
280,-0.11078062702275462,-0.11036972295488584,0.00041090406786878364,-0.11244793027182862,Fixed eta=0.02,4
290,-0.11300824736398207,-0.11280105250696684,0.00020719485701523044,-0.11695122762448112,Fixed eta=0.02,4
300,-0.11214285129016119,-0.11209680024343038,4.605104673080507e-05,-0.12029708240090722,Fixed eta=0.02,4
310,-0.11809810717915792,-0.11775985817003226,0.00033824900912565736,-0.12416369095166604,Fixed eta=0.02,4
320,-0.11152722253455571,-0.11198565679732231,-0.0004584342627665938,-0.12703777935100224,Fixed eta=0.02,4
330,-0.12407548675241142,-0.1236500932120756,0.00042539354033582777,-0.12933914989585932,Fixed eta=0.02,4
340,-0.124559528802407,-0.12408725622837324,0.00047227257403376077,-0.1317135110667585,Fixed eta=0.02,4
350,-0.1278199799109041,-0.12707599611670856,0.0007439837941955463,-0.1335708560279787,Fixed eta=0.02,4
360,-0.1337689990540063,-0.1324589285560982,0.0013100704979081002,-0.1356139062127803,Fixed eta=0.02,4
370,-0.1380860986647825,-0.13634648401531207,0.0017396146494704223,-0.13803166927874605,Fixed eta=0.02,4
380,-0.13637524701593096,-0.13474120708043896,0.0016340399354919932,-0.14049930383660114,Fixed eta=0.02,4
390,-0.13617365037458903,-0.13451958833954478,0.001654062035044257,-0.14324390852952743,Fixed eta=0.02,4
400,-0.13870910387049776,-0.13670584248167197,0.0020032613888257833,-0.14534956646361977,Fixed eta=0.02,4
410,-0.14586088216578985,-0.14321223368239427,0.002648648483395577,-0.14703785673436337,Fixed eta=0.02,4
420,-0.15414298005067698,-0.15076334008046757,0.0033796399702094027,-0.14835543173265556,Fixed eta=0.02,4
430,-0.14710169289241407,-0.14432488554411685,0.0027768073482972166,-0.15068018066538322,Fixed eta=0.02,4
440,-0.14270684416028717,-0.14010915569438642,0.0025976884659007493,-0.15253002027745816,Fixed eta=0.02,4
450,-0.1486440771079413,-0.14522231085567655,0.0034217662522647574,-0.15407551133149167,Fixed eta=0.02,4
460,-0.16042782987337414,-0.15546692268141346,0.004960907191960684,-0.15575773852112726,Fixed eta=0.02,4
470,-0.1575438531942212,-0.15269009891495688,0.004853754279264322,-0.15713756655949795,Fixed eta=0.02,4
480,-0.14987018973021513,-0.1452208119506014,0.004649377779613717,-0.15865482820540058,Fixed eta=0.02,4
490,-0.15647038603854185,-0.151417078794363,0.005053307244178851,-0.15900876053639812,Fixed eta=0.02,4
500,-0.1618084616136229,-0.15587282587020534,0.005935635743417544,-0.1596461937310089,Fixed eta=0.02,4
510,-0.16290951527525407,-0.156470113721803,0.006439401553451074,-0.1602467914054719,Fixed eta=0.02,4
520,-0.18478625131964205,-0.17643568431697493,0.00835056700266712,-0.1601432937832995,Fixed eta=0.02,4
530,-0.1875747999934467,-0.17849202393973382,0.009082776053712882,-0.16114640664530736,Fixed eta=0.02,4
540,-0.18743564960273928,-0.1778064196474145,0.00962922995532478,-0.1620897530997934,Fixed eta=0.02,4
550,-0.18161479723647178,-0.17199761803384633,0.009617179202625448,-0.16274667079758115,Fixed eta=0.02,4
560,-0.177209909842736,-0.16747541944043975,0.009734490402296236,-0.1636183391613164,Fixed eta=0.02,4
570,-0.17144676747260368,-0.16127660747648642,0.010170159996117256,-0.16436681572305883,Fixed eta=0.02,4
580,-0.16681030917519635,-0.15603387618393344,0.010776432991262908,-0.16424722111152895,Fixed eta=0.02,4
590,-0.16044076619660042,-0.15039616050953575,0.010044605687064667,-0.16473644284095418,Fixed eta=0.02,4
600,-0.1705484966660144,-0.1592601808102886,0.011288315855725817,-0.16483303850569692,Fixed eta=0.02,4
610,-0.17287237382875548,-0.1609159890949578,0.011956384733797676,-0.16505427930787364,Fixed eta=0.02,4
620,-0.17148387124778997,-0.159728206109647,0.011755665138142968,-0.1656592707789003,Fixed eta=0.02,4
630,-0.1568238109501527,-0.14596835694783183,0.010855454002320852,-0.16582560797238527,Fixed eta=0.02,4
640,-0.18606675989599636,-0.17323637727658853,0.012830382619407832,-0.16603859174306096,Fixed eta=0.02,4
650,-0.19635328682447678,-0.18187415803947826,0.014479128784998518,-0.16590015700198008,Fixed eta=0.02,4
660,-0.19295002288651147,-0.1781361385266561,0.014813884359855367,-0.1658365484277705,Fixed eta=0.02,4
670,-0.1593336133984301,-0.14679880292757175,0.01253481047085836,-0.1648548462406464,Fixed eta=0.02,4
680,-0.13680829809850614,-0.12659003337152852,0.010218264726977622,-0.16548236973469715,Fixed eta=0.02,4
690,-0.15357860341102858,-0.14181109180554824,0.01176751160548034,-0.1654592641506467,Fixed eta=0.02,4
700,-0.1741746939731716,-0.16095348346803734,0.013221210505134251,-0.16531571866570566,Fixed eta=0.02,4
710,-0.17735528507227605,-0.16421550659425616,0.013139778478019892,-0.16547764479823673,Fixed eta=0.02,4
720,-0.1866753369998888,-0.1724662486703985,0.014209088329490305,-0.1657575260475218,Fixed eta=0.02,4
730,-0.19282431738584382,-0.17819991249134903,0.014624404894494791,-0.1657547686648676,Fixed eta=0.02,4
740,-0.1701903608133079,-0.1571239620012233,0.0130663988120846,-0.16567725796133143,Fixed eta=0.02,4
750,-0.1699744889173676,-0.15744894625336364,0.012525542664003964,-0.16603424077607193,Fixed eta=0.02,4
760,-0.1511395697598341,-0.14027377070379038,0.010865799056043735,-0.16630998986581313,Fixed eta=0.02,4
770,-0.14812254445714873,-0.13742169850206287,0.010700845955085858,-0.16665329796236428,Fixed eta=0.02,4
780,-0.15924636014398308,-0.14856992141017716,0.010676438733805915,-0.1665915538715519,Fixed eta=0.02,4
790,-0.16623157186434273,-0.15448354718984902,0.011748024674493707,-0.16714600871784258,Fixed eta=0.02,4
800,-0.1674920157391474,-0.15550090223949653,0.011991113499650874,-0.1671854055357404,Fixed eta=0.02,4
1,11.24302010824837,11.242002896213243,-0.0010172120351263914,11.410802808461236,Fixed eta=0.02,5
10,7.823546169625939,7.824807331919732,0.0012611622937930278,7.898505998941689,Fixed eta=0.02,5
20,5.1784171068605245,5.179255078265328,0.0008379714048034614,5.207406889558232,Fixed eta=0.02,5
30,3.4071808398755508,3.4070602998460173,-0.00012054002953343357,3.4082029871533597,Fixed eta=0.02,5
40,2.2186543964414924,2.2177132913674495,-0.0009411050740428806,2.2113630196501277,Fixed eta=0.02,5
50,1.419984327065332,1.4186043680241864,-0.0013799590411456286,1.4130259672276684,Fixed eta=0.02,5
60,0.8937773150102227,0.891728245210186,-0.002049069800036718,0.8844840800311646,Fixed eta=0.02,5
70,0.5407814237053545,0.538584538744161,-0.0021968849611935237,0.5345680554225445,Fixed eta=0.02,5
80,0.3071436887731796,0.30455077828984456,-0.0025929104833350425,0.30445488434222556,Fixed eta=0.02,5
90,0.15022277494731168,0.14687724969583982,-0.003345525251471859,0.15209733762440875,Fixed eta=0.02,5
100,0.047533123881443984,0.04321386189926568,-0.004319261982178302,0.05104318599207708,Fixed eta=0.02,5
110,-0.025298919649997254,-0.03092186118708601,-0.005622941537088755,-0.016443316364519067,Fixed eta=0.02,5
120,-0.06297565094267871,-0.06798372263014862,-0.005008071687469917,-0.062497471789814296,Fixed eta=0.02,5
130,-0.08433236847611036,-0.08783838847022524,-0.003506019994114873,-0.09215378353854753,Fixed eta=0.02,5
140,-0.10777550972583944,-0.1116714293448276,-0.003895919618988164,-0.11293341028728077,Fixed eta=0.02,5
150,-0.1171626641377434,-0.12199357775518754,-0.004830913617444144,-0.12760405716426704,Fixed eta=0.02,5
160,-0.12815737003275257,-0.1324825590239227,-0.004325188991170126,-0.1367353370273905,Fixed eta=0.02,5
170,-0.13567430618602216,-0.1410642885271559,-0.005389982341133748,-0.14432544742962267,Fixed eta=0.02,5
180,-0.1414092487923631,-0.14625436774500816,-0.0048451189526450555,-0.15008065442742602,Fixed eta=0.02,5
190,-0.13036683309775754,-0.13417192111262555,-0.0038050880148680077,-0.15354208243544648,Fixed eta=0.02,5
200,-0.1404126363529218,-0.1455647998669479,-0.005152163514026087,-0.15524184372675362,Fixed eta=0.02,5
210,-0.13962212011329211,-0.1449398369693779,-0.005317716856085786,-0.15537688487599893,Fixed eta=0.02,5
220,-0.13707285652960696,-0.14097573468145172,-0.0039028781518447575,-0.15669622154346965,Fixed eta=0.02,5
230,-0.13890069139876876,-0.1425833760756242,-0.003682684676855452,-0.15775772106859276,Fixed eta=0.02,5
240,-0.1373259763923186,-0.1429032909646423,-0.005577314572323688,-0.15887658646754424,Fixed eta=0.02,5
250,-0.14173209027192155,-0.14773958788360617,-0.00600749761168462,-0.15990581519879102,Fixed eta=0.02,5
260,-0.15101230481460695,-0.15870356674894684,-0.007691261934339888,-0.16019936881765914,Fixed eta=0.02,5
270,-0.15377975556728152,-0.16234002632888456,-0.00856027076160304,-0.16163485696118796,Fixed eta=0.02,5
280,-0.153326409461747,-0.1615951552970016,-0.00826874583525461,-0.16274635775820465,Fixed eta=0.02,5
290,-0.15541329336785842,-0.16469698887903478,-0.00928369551117636,-0.16337157608341552,Fixed eta=0.02,5
300,-0.15459504423641968,-0.16353981651313482,-0.00894477227671514,-0.1637069980268659,Fixed eta=0.02,5
310,-0.15402463753402806,-0.16334325039988967,-0.009318612865861609,-0.16436640939182096,Fixed eta=0.02,5
320,-0.14910418942404952,-0.15844231098273404,-0.00933812155868452,-0.164548243903209,Fixed eta=0.02,5
330,-0.15097027466266555,-0.1605151742705928,-0.00954489960792726,-0.16434181190475478,Fixed eta=0.02,5
340,-0.16293776809068047,-0.17391598331799005,-0.010978215227309573,-0.16489712008085813,Fixed eta=0.02,5
350,-0.1701669004474008,-0.18186375841920205,-0.011696857971801256,-0.16528688026205712,Fixed eta=0.02,5
360,-0.16741473425280426,-0.1794596898350275,-0.012044955582223238,-0.16529952615771085,Fixed eta=0.02,5
370,-0.1600738501943232,-0.1696015727663659,-0.009527722572042707,-0.164899805576743,Fixed eta=0.02,5
380,-0.14122221005092334,-0.1494036855323998,-0.008181475481476463,-0.1644828094124135,Fixed eta=0.02,5
390,-0.15053637561143746,-0.16013631734892597,-0.009599941737488515,-0.16344366995426857,Fixed eta=0.02,5
400,-0.14497187043012685,-0.1532535748884021,-0.008281704458275252,-0.1633088597135666,Fixed eta=0.02,5
410,-0.1298355165438302,-0.13736916192041182,-0.0075336453765816325,-0.1633024967235681,Fixed eta=0.02,5
420,-0.14216934352364907,-0.15080110561628624,-0.008631762092637163,-0.16270572979187053,Fixed eta=0.02,5
430,-0.14454663670904921,-0.1529775543852206,-0.008430917676171379,-0.16267002176056417,Fixed eta=0.02,5
440,-0.1523669311263805,-0.16262938753052575,-0.010262456404145248,-0.16299334325092696,Fixed eta=0.02,5
450,-0.15826783497415084,-0.1685246913440738,-0.010256856369922962,-0.16214637745213292,Fixed eta=0.02,5
460,-0.16375988276593412,-0.17338067567966337,-0.009620792913729248,-0.16257115879450446,Fixed eta=0.02,5
470,-0.15960188226816832,-0.1675932953192714,-0.007991413051103069,-0.16276417980927213,Fixed eta=0.02,5
480,-0.15086367360682953,-0.1589314268425713,-0.00806775323574177,-0.1627658143396072,Fixed eta=0.02,5
490,-0.15677003474191012,-0.16562270643613822,-0.008852671694228098,-0.16317563664836934,Fixed eta=0.02,5
500,-0.14725781324716652,-0.1559649945161179,-0.00870718126895137,-0.163245701179711,Fixed eta=0.02,5
510,-0.1548253356239904,-0.1662197871194945,-0.01139445149550411,-0.163307363677728,Fixed eta=0.02,5
520,-0.15595508397165583,-0.1670394027232939,-0.011084318751638067,-0.1638240893415094,Fixed eta=0.02,5
530,-0.15509392152413692,-0.16373578205540346,-0.008641860531266532,-0.16334673807064237,Fixed eta=0.02,5
540,-0.15470587753455545,-0.1633658364096262,-0.008659958875070761,-0.1626814781762409,Fixed eta=0.02,5
550,-0.15155485708191097,-0.15960514255714675,-0.008050285475235786,-0.16134989509636083,Fixed eta=0.02,5
560,-0.1505760336230329,-0.1573627006992796,-0.0067866670762467,-0.16155941676231605,Fixed eta=0.02,5
570,-0.14977762953883855,-0.15762514162833252,-0.007847512089493969,-0.16241885784150434,Fixed eta=0.02,5
580,-0.15464127273610154,-0.16224286783102335,-0.007601595094921809,-0.16190796529225585,Fixed eta=0.02,5
590,-0.1605766301887444,-0.16847530303916763,-0.007898672850423227,-0.1617999535138706,Fixed eta=0.02,5
600,-0.16832150563571452,-0.17708157254510115,-0.008760066909386632,-0.16262963930572427,Fixed eta=0.02,5
610,-0.17603134024042888,-0.18439297504688595,-0.008361634806457074,-0.1631515245191515,Fixed eta=0.02,5
620,-0.17311895804028138,-0.18081177933664855,-0.007692821296367169,-0.16271385133385002,Fixed eta=0.02,5
630,-0.16366106679387507,-0.17044917323720302,-0.006788106443327946,-0.1627713325364664,Fixed eta=0.02,5
640,-0.15108135967230457,-0.1589127014765898,-0.007831341804285241,-0.1626172974021422,Fixed eta=0.02,5
650,-0.1532638043531349,-0.15923149043413415,-0.005967686080999235,-0.16257649282218206,Fixed eta=0.02,5
660,-0.161263189188628,-0.16790063047936174,-0.0066374412907337366,-0.16266930076674604,Fixed eta=0.02,5
670,-0.16079016532908325,-0.16768277276232818,-0.006892607433244935,-0.1632346507065336,Fixed eta=0.02,5
680,-0.16140032742169108,-0.16879689072283677,-0.007396563301145687,-0.16293758718758006,Fixed eta=0.02,5
690,-0.17030671311569887,-0.17951357186786496,-0.009206858752166092,-0.16416394464252423,Fixed eta=0.02,5
700,-0.1782427533541625,-0.18888991827317858,-0.010647164919016072,-0.1651774603333298,Fixed eta=0.02,5
710,-0.15331812444867352,-0.163260725097321,-0.009942600648647493,-0.16567057503113478,Fixed eta=0.02,5
720,-0.16652409781674238,-0.17928957765255898,-0.012765479835816607,-0.1660215220339118,Fixed eta=0.02,5
730,-0.16618838616290238,-0.17949524373177905,-0.013306857568876673,-0.1664013314286819,Fixed eta=0.02,5
740,-0.16023356691494545,-0.17160583741247504,-0.01137227049752959,-0.16668771823856338,Fixed eta=0.02,5
750,-0.15521424150129776,-0.1687900051518057,-0.013575763650507944,-0.16692753778442648,Fixed eta=0.02,5
760,-0.16552682898307403,-0.17916761110903912,-0.01364078212596509,-0.1670105850448168,Fixed eta=0.02,5
770,-0.16558696773903253,-0.17914074382136824,-0.013553776082335711,-0.1670667804773997,Fixed eta=0.02,5
780,-0.15374487077353183,-0.16509707554888553,-0.011352204775353703,-0.16695088944061243,Fixed eta=0.02,5
790,-0.15529225734818525,-0.1701100725951341,-0.014817815246948862,-0.1668504711729703,Fixed eta=0.02,5
800,-0.15288782615210988,-0.16753263662716295,-0.01464481047505306,-0.16713066143110633,Fixed eta=0.02,5
1,11.452722869268007,11.44842827141071,-0.004294597857295912,10.703381031047044,Fixed eta=0.02,6
10,7.7933694603386385,7.7515565234874115,-0.041812936851227,7.3170316675403955,Fixed eta=0.02,6
20,5.068630855629111,5.017075451711753,-0.05155540391735869,4.7824956898274325,Fixed eta=0.02,6
30,3.24298937382712,3.1945442342722616,-0.04844513955485841,3.091205606473361,Fixed eta=0.02,6
40,2.0880257644403075,2.0410608867955125,-0.04696487764479507,2.0087827518059442,Fixed eta=0.02,6
50,1.3294975050748616,1.284397419938372,-0.045100085136489554,1.2992063218333783,Fixed eta=0.02,6
60,0.8479826785997788,0.8110347264171693,-0.03694795218260949,0.8314078111442762,Fixed eta=0.02,6
70,0.4857942118828512,0.4579043497945199,-0.02788986208833133,0.4975760046917066,Fixed eta=0.02,6
80,0.2914225355277881,0.2705864697754463,-0.02083606575234176,0.28758098503207175,Fixed eta=0.02,6
90,0.13711508605585998,0.1210128329705017,-0.016102253085358287,0.13883203208768446,Fixed eta=0.02,6
100,0.032842309380037626,0.02029324921519482,-0.012549060164842807,0.04126530908168147,Fixed eta=0.02,6
110,-0.038668446728048034,-0.04770953945751899,-0.009041092729470956,-0.027924095850674013,Fixed eta=0.02,6
120,-0.08053768111212783,-0.08973367656342907,-0.009195995451301231,-0.0725513556927016,Fixed eta=0.02,6
130,-0.09943176107011154,-0.10412905878031598,-0.00469729771020444,-0.10301591545724753,Fixed eta=0.02,6
140,-0.11574117403177253,-0.12317362334611293,-0.007432449314340395,-0.12250832499398878,Fixed eta=0.02,6
150,-0.12778272562061943,-0.13546295248298146,-0.007680226862362027,-0.13390975057375254,Fixed eta=0.02,6
160,-0.12332401109048335,-0.12712895050499912,-0.0038049394145157622,-0.1437682455067576,Fixed eta=0.02,6
170,-0.12876261661436028,-0.13152593931398937,-0.0027633226996290894,-0.15138083955116577,Fixed eta=0.02,6
180,-0.14762570930183977,-0.14694240187530255,0.0006833074265372163,-0.15666169078799702,Fixed eta=0.02,6
190,-0.14114350054011954,-0.1428585793280417,-0.001715078787922153,-0.15969317685499013,Fixed eta=0.02,6
200,-0.1443890641089316,-0.1482080070004853,-0.0038189428915537116,-0.1612009011569686,Fixed eta=0.02,6
210,-0.1588378749227165,-0.16062210963264123,-0.0017842347099247258,-0.1627117019671101,Fixed eta=0.02,6
220,-0.16283902481136386,-0.1627634992220094,7.552558935447484e-05,-0.16354431078957932,Fixed eta=0.02,6
230,-0.1657088876903755,-0.16415045811557938,0.0015584295747961274,-0.1646958038723832,Fixed eta=0.02,6
240,-0.15562393385011752,-0.15049540621520724,0.005128527634910285,-0.16511448499348913,Fixed eta=0.02,6
250,-0.14891259950847674,-0.14755055917977644,0.001362040328700298,-0.16569180093428382,Fixed eta=0.02,6
260,-0.15209888683133255,-0.15144148316589234,0.0006574036654402038,-0.16605577949093625,Fixed eta=0.02,6
270,-0.14164180168287543,-0.14097048403395818,0.0006713176489172579,-0.16619571327903832,Fixed eta=0.02,6
280,-0.14638919152190288,-0.14472820924408009,0.0016609822778227978,-0.16601140669240677,Fixed eta=0.02,6
290,-0.15683986246400317,-0.15656587647170445,0.0002739859922987198,-0.16608671926861546,Fixed eta=0.02,6
300,-0.1504257233016179,-0.15153994451259334,-0.0011142212109754301,-0.16592080468029602,Fixed eta=0.02,6
310,-0.15855290692318763,-0.15687794290638934,0.001674964016798286,-0.16603361365049457,Fixed eta=0.02,6
320,-0.1822473654691314,-0.17982772272987263,0.002419642739258765,-0.16650691665136025,Fixed eta=0.02,6
330,-0.17154957836033452,-0.1671619543274136,0.004387624032920923,-0.1666845111778163,Fixed eta=0.02,6
340,-0.1682997992316883,-0.1672836937960459,0.0010161054356424004,-0.16678352448907774,Fixed eta=0.02,6
350,-0.1759075844125853,-0.17312763909634254,0.00277994531624276,-0.16690895728204203,Fixed eta=0.02,6
360,-0.16241853786227362,-0.1606017305412073,0.001816807321066316,-0.16685872649903044,Fixed eta=0.02,6
370,-0.17904180714871776,-0.17667586960945758,0.0023659375392601767,-0.167081056695282,Fixed eta=0.02,6
380,-0.177773439175551,-0.17712527643872217,0.0006481627368288279,-0.16641827518355534,Fixed eta=0.02,6
390,-0.16306279177107202,-0.16046698738566173,0.002595804385410294,-0.16669325306696797,Fixed eta=0.02,6
400,-0.1602938085197415,-0.1560218882488552,0.004271920270886298,-0.16682670199644972,Fixed eta=0.02,6
410,-0.16578512338671392,-0.16196751943234783,0.003817603954366089,-0.1669522650857782,Fixed eta=0.02,6
420,-0.18107807915512958,-0.17652604851128728,0.0045520306438422975,-0.1668055412593264,Fixed eta=0.02,6
430,-0.16643782048310324,-0.16375743025078093,0.002680390232322305,-0.1669841766074166,Fixed eta=0.02,6
440,-0.1949695337704181,-0.19117399938160867,0.0037955343888094184,-0.16671499207621077,Fixed eta=0.02,6
450,-0.16483941845985017,-0.1603878820595115,0.004451536400338685,-0.16623807858794226,Fixed eta=0.02,6
460,-0.16623405752105624,-0.16196848698679306,0.0042655705342631856,-0.16655492469040006,Fixed eta=0.02,6
470,-0.1605736185825304,-0.15606073622650068,0.0045128823560297016,-0.16678680936978607,Fixed eta=0.02,6
480,-0.16460490146943707,-0.15899906691789178,0.005605834551545286,-0.16677155603840033,Fixed eta=0.02,6
490,-0.18242340586765693,-0.17673403121557962,0.005689374652077306,-0.16651836073569537,Fixed eta=0.02,6
500,-0.18329699623082057,-0.178466643179915,0.004830353050905567,-0.1668119861515872,Fixed eta=0.02,6
510,-0.1799198256401202,-0.17557097130247357,0.004348854337646646,-0.16696385967619953,Fixed eta=0.02,6
520,-0.1637823438687161,-0.15943811388338436,0.004344229985331738,-0.16703480294045842,Fixed eta=0.02,6
530,-0.18240721739485743,-0.17700678841512635,0.005400428979731087,-0.16704403412198376,Fixed eta=0.02,6
540,-0.17798379322359004,-0.17276082338107235,0.0052229698425176885,-0.1669971830052085,Fixed eta=0.02,6
550,-0.1776970384755132,-0.17128114469580658,0.006415893779706638,-0.16688251977429613,Fixed eta=0.02,6
560,-0.17552223076329854,-0.16920946834149198,0.0063127624218065614,-0.16694763808445345,Fixed eta=0.02,6
570,-0.16863916273672097,-0.16506572193137187,0.003573440805349104,-0.1668661220326852,Fixed eta=0.02,6
580,-0.1759860068423535,-0.170233538790384,0.005752468051969495,-0.16686198099899835,Fixed eta=0.02,6
590,-0.1705183720774679,-0.16528449485980456,0.00523387721766333,-0.16691548157054947,Fixed eta=0.02,6
600,-0.15580726862555416,-0.14983896245397132,0.005968306171582838,-0.1668081826767413,Fixed eta=0.02,6
610,-0.15978551773853739,-0.15406952668538898,0.005715991053148406,-0.16655963326859435,Fixed eta=0.02,6
620,-0.1753303057272639,-0.16854059230475335,0.006789713422510557,-0.1661187591637616,Fixed eta=0.02,6
630,-0.1854411667942304,-0.17820587343837807,0.007235293355852324,-0.1662281123889332,Fixed eta=0.02,6
640,-0.17459416995457444,-0.16802768429899534,0.006566485655579102,-0.16598161470518363,Fixed eta=0.02,6
650,-0.15449479222746587,-0.14987803464658173,0.0046167575808841455,-0.16590243110487862,Fixed eta=0.02,6
660,-0.16362812554509748,-0.15733169934088698,0.0062964262042105035,-0.16605389850697483,Fixed eta=0.02,6
670,-0.16461246321757628,-0.15920620798902352,0.005406255228552759,-0.16603793329375738,Fixed eta=0.02,6
680,-0.16657792905763513,-0.16081186601128417,0.0057660630463509666,-0.16582779873942366,Fixed eta=0.02,6
690,-0.16876085837711746,-0.16311468368118737,0.005646174695930095,-0.16615834070909602,Fixed eta=0.02,6
700,-0.1707657299990673,-0.1666767163989144,0.004089013600152902,-0.16635128067507976,Fixed eta=0.02,6
710,-0.16002807674513386,-0.15831392702113373,0.0017141497240001358,-0.1665760050068098,Fixed eta=0.02,6
720,-0.1656203239257975,-0.1621538806142942,0.003466443311503309,-0.16675429223055788,Fixed eta=0.02,6
730,-0.1586774999911904,-0.15526280011299065,0.003414699878199756,-0.1668865828627803,Fixed eta=0.02,6
740,-0.16663340571778562,-0.1604629522873185,0.006170453430467127,-0.16694078017999908,Fixed eta=0.02,6
750,-0.16876564880692585,-0.16332181554462877,0.005443833262297082,-0.16666184856938832,Fixed eta=0.02,6
760,-0.1820766790656041,-0.17649717433215856,0.005579504733445539,-0.1660005912326658,Fixed eta=0.02,6
770,-0.17655417579372634,-0.17139150436770867,0.005162671426017673,-0.16604155636701834,Fixed eta=0.02,6
780,-0.18220208950470546,-0.17833055887559512,0.0038715306291103313,-0.16597247887433209,Fixed eta=0.02,6
790,-0.19728255281291196,-0.18970017478002,0.007582378032891968,-0.1661768637182447,Fixed eta=0.02,6
800,-0.1870642687026013,-0.17950074978310615,0.007563518919495138,-0.1660468160579751,Fixed eta=0.02,6
1,12.326370410271908,12.327182457418067,0.0008120471461587897,12.376786770320065,Fixed eta=0.02,7
10,8.543104671978288,8.553686311565848,0.010581639587559977,8.56491805307009,Fixed eta=0.02,7
20,5.644236046777761,5.657506092392615,0.013270045614854453,5.656973796417171,Fixed eta=0.02,7
30,3.6988438582136034,3.712885149431807,0.014041291218203522,3.7136571722379292,Fixed eta=0.02,7
40,2.3889964052882657,2.405992209013627,0.01699580372536147,2.4098846903265883,Fixed eta=0.02,7
50,1.5113102576716175,1.5331358812404206,0.02182562356880302,1.5470083276785083,Fixed eta=0.02,7
60,0.9474792484070998,0.970694293874941,0.023215045467841144,0.9827285200988479,Fixed eta=0.02,7
70,0.564716698652056,0.5879783992930142,0.023261700640958227,0.6109554816520739,Fixed eta=0.02,7
80,0.3243817418060556,0.3448495198203419,0.020467778014286286,0.3623915035694396,Fixed eta=0.02,7
90,0.1755402845634529,0.18843765032768978,0.01289736576423689,0.19206344316547597,Fixed eta=0.02,7
100,0.05818460360018707,0.06610405078711029,0.007919447186923223,0.0785057969120303,Fixed eta=0.02,7
110,-0.03310296123255524,-0.025689443196727335,0.007413518035827904,0.0029412661776041515,Fixed eta=0.02,7
120,-0.0821522892292414,-0.0741178908163429,0.008034398412898491,-0.04682816500023723,Fixed eta=0.02,7
130,-0.08565435925829307,-0.07911581712663379,0.006538542131659275,-0.0787406353560201,Fixed eta=0.02,7
140,-0.10364168095956189,-0.09939349080470788,0.0042481901548540035,-0.10137457698324676,Fixed eta=0.02,7
150,-0.12160734218525132,-0.1184787512054592,0.003128590979792123,-0.11807352186522119,Fixed eta=0.02,7
160,-0.13215862224513647,-0.1326125697710468,-0.0004539475259103254,-0.13031699810071923,Fixed eta=0.02,7
170,-0.13320891334709517,-0.13306004314528436,0.00014887020181081345,-0.13834395896620816,Fixed eta=0.02,7
180,-0.15896900915359136,-0.15820762241540864,0.0007613867381827122,-0.1450118928337496,Fixed eta=0.02,7
190,-0.15197022489030837,-0.14966034611406337,0.002309878776245,-0.1498169205408833,Fixed eta=0.02,7
200,-0.15664521738822637,-0.1578949412420443,-0.0012497238538179412,-0.15363585641577396,Fixed eta=0.02,7
210,-0.17110051021690287,-0.17482076523470902,-0.003720255017806151,-0.15529208240083925,Fixed eta=0.02,7
220,-0.17387803704125748,-0.17635524330013191,-0.0024772062588744315,-0.15807896681048783,Fixed eta=0.02,7
230,-0.19584982621217334,-0.20085332684896234,-0.0050035006367890045,-0.16066664928351343,Fixed eta=0.02,7
240,-0.16673794625847055,-0.17259128603458546,-0.0058533397761149075,-0.16067890799463225,Fixed eta=0.02,7
250,-0.15453865551928148,-0.16318081380026545,-0.00864215828098397,-0.16116049757225415,Fixed eta=0.02,7
260,-0.17959374996782002,-0.18764044900223742,-0.008046699034417404,-0.16188550565566484,Fixed eta=0.02,7
270,-0.170901440939563,-0.17683425218959675,-0.005932811250033754,-0.16216257930738276,Fixed eta=0.02,7
280,-0.1591797856071297,-0.16567795341335712,-0.006498167806227417,-0.16198944522596354,Fixed eta=0.02,7
290,-0.16361435621159398,-0.16902377828329962,-0.0054094220717056385,-0.16094790586091112,Fixed eta=0.02,7
300,-0.1694583391591285,-0.17342592703398707,-0.003967587874858569,-0.16256047205540392,Fixed eta=0.02,7
310,-0.17489058940841495,-0.18134069995520086,-0.006450110546785903,-0.16286060932187424,Fixed eta=0.02,7
320,-0.16662623879476768,-0.17018098005084098,-0.0035547412560733016,-0.1627142356506146,Fixed eta=0.02,7
330,-0.162600736285955,-0.16919472615960873,-0.006593989873653727,-0.16174111129195234,Fixed eta=0.02,7
340,-0.14749163185386244,-0.1572685041528133,-0.009776872298950856,-0.16305677985342,Fixed eta=0.02,7
350,-0.1511889916956765,-0.16228496826456784,-0.01109597656889133,-0.16457878498618317,Fixed eta=0.02,7
360,-0.15615529924715138,-0.16240847561526245,-0.006253176368111069,-0.1644511643685781,Fixed eta=0.02,7
370,-0.16722849695708059,-0.17054783182663175,-0.0033193348695511604,-0.1646320165916867,Fixed eta=0.02,7
380,-0.16760967790401143,-0.1704431498788161,-0.0028334719748046577,-0.16340669955315512,Fixed eta=0.02,7
390,-0.16344452114008023,-0.17004168711504752,-0.0065971659749672895,-0.16269038911768258,Fixed eta=0.02,7
400,-0.15604471276318327,-0.16478618467867118,-0.008741471915487908,-0.16281550701611686,Fixed eta=0.02,7
410,-0.15496123229604547,-0.16140008028209024,-0.006438847986044771,-0.16343005208126304,Fixed eta=0.02,7
420,-0.15328338993716578,-0.15691644313863495,-0.003633053201469172,-0.1634231195525448,Fixed eta=0.02,7
430,-0.14205692467830167,-0.14741194356996834,-0.005355018891666674,-0.1629420011112408,Fixed eta=0.02,7
440,-0.1605621501593495,-0.16910867548011166,-0.008546525320762166,-0.16338027486925677,Fixed eta=0.02,7
450,-0.15540074481451843,-0.16590272011988083,-0.010501975305362399,-0.16308244241015257,Fixed eta=0.02,7
460,-0.1663632271467788,-0.17688117617075166,-0.01051794902397285,-0.1630811005220203,Fixed eta=0.02,7
470,-0.1619592419421575,-0.17004824144340763,-0.008088999501250138,-0.16225281572556371,Fixed eta=0.02,7
480,-0.1734164157748369,-0.1810018027486316,-0.007585386973794683,-0.16242138273317108,Fixed eta=0.02,7
490,-0.17092480539361643,-0.17571613239166312,-0.0047913269980466855,-0.162122255749081,Fixed eta=0.02,7
500,-0.1638636363217989,-0.16352259255943336,0.0003410437623655449,-0.16317005515579142,Fixed eta=0.02,7
510,-0.15966343510539843,-0.16249128639130966,-0.0028278512859112315,-0.16349147934115932,Fixed eta=0.02,7
520,-0.15806943170907595,-0.16096859473125513,-0.0028991630221791853,-0.16290417634145077,Fixed eta=0.02,7
530,-0.15348261070814623,-0.15589341378697408,-0.00241080307882785,-0.16222680932232675,Fixed eta=0.02,7
540,-0.14718541027753013,-0.15065634889495627,-0.0034709386174261447,-0.1617696206106491,Fixed eta=0.02,7
550,-0.16097379117088795,-0.16401088069354486,-0.0030370895226569106,-0.16142123751345638,Fixed eta=0.02,7
560,-0.1512028496295469,-0.1533766114636826,-0.0021737618341357012,-0.16090629701353865,Fixed eta=0.02,7
570,-0.14041329111200518,-0.14272949259523726,-0.002316201483232083,-0.16047846649002684,Fixed eta=0.02,7
580,-0.12956707975058707,-0.13554619690805747,-0.005979117157470404,-0.1615043234865775,Fixed eta=0.02,7
590,-0.1381710063137763,-0.14228096985953617,-0.004109963545759876,-0.16037419944081163,Fixed eta=0.02,7
600,-0.13687617905475882,-0.1402723072087327,-0.0033961281539738875,-0.1593924998977115,Fixed eta=0.02,7
610,-0.1334339480197148,-0.13966771650016063,-0.006233768480445823,-0.160651560508002,Fixed eta=0.02,7
620,-0.1362438236171842,-0.14130687040689452,-0.005063046789710313,-0.16040458746468186,Fixed eta=0.02,7
630,-0.1538840677758741,-0.16118538444026387,-0.0073013166643897676,-0.16087608948386112,Fixed eta=0.02,7
640,-0.15148244554152718,-0.15903773723963277,-0.007555291698105593,-0.16181378825381937,Fixed eta=0.02,7
650,-0.13886314513092712,-0.1418413078757822,-0.002978162744855073,-0.1621751497470567,Fixed eta=0.02,7
660,-0.15530738277302003,-0.1603269861152431,-0.005019603342223067,-0.16295746811553458,Fixed eta=0.02,7
670,-0.1478408277838119,-0.15276625232147234,-0.004925424537660428,-0.16345860327499928,Fixed eta=0.02,7
680,-0.17102085587808447,-0.18076357997231995,-0.009742724094235489,-0.16410088752175184,Fixed eta=0.02,7
690,-0.1680756199817571,-0.17769184909510707,-0.009616229113349972,-0.16409319905600003,Fixed eta=0.02,7
700,-0.15032771291343855,-0.15905774245406507,-0.008730029540626516,-0.1638139943350374,Fixed eta=0.02,7
710,-0.17032187334990212,-0.18032417981024895,-0.010002306460346833,-0.16382273520913293,Fixed eta=0.02,7
720,-0.15464266613728886,-0.16001020174985822,-0.005367535612569363,-0.16425954513630106,Fixed eta=0.02,7
730,-0.16056218708365716,-0.1685257561300898,-0.00796356904643264,-0.16426242268273994,Fixed eta=0.02,7
740,-0.16218378440574602,-0.16881281779442767,-0.006629033388681649,-0.16357422377241068,Fixed eta=0.02,7
750,-0.17662925256296289,-0.18393430287976106,-0.007305050316798178,-0.16331857367806865,Fixed eta=0.02,7
760,-0.16782303893028377,-0.17405467954325538,-0.006231640612971601,-0.16328950858148894,Fixed eta=0.02,7
770,-0.15009809717438816,-0.15686768989961697,-0.006769592725228812,-0.16398507691492525,Fixed eta=0.02,7
780,-0.15190095177469382,-0.15783076174193605,-0.005929809967242239,-0.16397933182789792,Fixed eta=0.02,7
790,-0.1403063109952372,-0.14432236936212947,-0.004016058366892283,-0.1642012694165003,Fixed eta=0.02,7
800,-0.14486563587506923,-0.15073139257308482,-0.0058657566980155895,-0.16439985221911207,Fixed eta=0.02,7
1,9.353802766481982,9.353603391499806,-0.00019937498217537097,9.295474975278585,Decay 0.95,0
10,2.059105970761613,2.060135361909453,0.001029391147839842,2.047120201876765,Decay 0.95,0
20,0.6918879173545314,0.6922328819576302,0.0003449646030988518,0.6782961224690008,Decay 0.95,0
30,0.3224251859174712,0.324495784484707,0.002070598567235793,0.31593464714078723,Decay 0.95,0
40,0.17325513124071362,0.1778185230616367,0.0045633918209230795,0.1807580454925225,Decay 0.95,0
50,0.11821580990861863,0.12191215760274254,0.0036963476941239137,0.11920944319901622,Decay 0.95,0
60,0.08857914305823233,0.09253513874138736,0.0039559956831550225,0.0879963051484644,Decay 0.95,0
70,0.08123049991486225,0.08359758013298352,0.0023670802181212647,0.07096846751306773,Decay 0.95,0
80,0.06014329657709411,0.06445908144145923,0.004315784864365124,0.06143582764151234,Decay 0.95,0
90,0.05502621733709323,0.05909698032425914,0.00407076298716591,0.05587833367930112,Decay 0.95,0
100,0.051160468167633644,0.0552640499701344,0.004103581802500755,0.05260381897919425,Decay 0.95,0
110,0.04658846810507866,0.05100109835187455,0.00441263024679589,0.05065575350804741,Decay 0.95,0
120,0.03661947328848092,0.0429607834565231,0.00634131016804218,0.04949410989400682,Decay 0.95,0
130,0.04474564252882984,0.04971472176848463,0.004969079239654783,0.048795577178725846,Decay 0.95,0
140,0.0398752960996836,0.04572631486393536,0.005851018764251759,0.04838352486163566,Decay 0.95,0
150,0.035751785438318306,0.042048682373686586,0.006296896935368279,0.04813709271553551,Decay 0.95,0
160,0.040886184164963424,0.046722387972018775,0.005836203807055351,0.0479904346229188,Decay 0.95,0
170,0.03970521239327551,0.045783795348121936,0.006078582954846423,0.04790131258379893,Decay 0.95,0
180,0.035324230420742286,0.04214039230657851,0.006816161885836225,0.04784868609567128,Decay 0.95,0
190,0.038997955051652544,0.04494872706218456,0.005950772010532013,0.04781654545056885,Decay 0.95,0
200,0.04042769494320053,0.0470314720434033,0.006603777100202768,0.04779744713634437,Decay 0.95,0
210,0.046588798798988584,0.05205741292113736,0.005468614122148774,0.04778597812250768,Decay 0.95,0
220,0.04232228421365464,0.04813723772315187,0.005814953509497234,0.04777916936949689,Decay 0.95,0
230,0.04654532759152735,0.051695887039952815,0.005150559448425462,0.04777508051481705,Decay 0.95,0
240,0.033386604189162616,0.04090974654506002,0.007523142355897405,0.04777263363858775,Decay 0.95,0
250,0.029502782388548754,0.03795656258803781,0.008453780199489058,0.04777117182518198,Decay 0.95,0
260,0.03230898373987895,0.03999586782292003,0.007686884083041079,0.047770303538529346,Decay 0.95,0
270,0.04037791761148524,0.04662073350367124,0.006242815892186004,0.04776977882546457,Decay 0.95,0
280,0.034450018723249876,0.04176452337348108,0.007314504650231202,0.04776946455737041,Decay 0.95,0
290,0.034857658626687715,0.041987166129224485,0.007129507502536769,0.04776927605495135,Decay 0.95,0
300,0.04024001382340975,0.0469272799575281,0.006687266134118353,0.04776916298552303,Decay 0.95,0
310,0.036968243748284835,0.04333812929051811,0.006369885542233278,0.04776909592802947,Decay 0.95,0
320,0.034722500161349534,0.04158774965893264,0.0068652494975831035,0.04776905540559562,Decay 0.95,0
330,0.04216818426944419,0.047192167281658814,0.005023983012214628,0.04776903127383786,Decay 0.95,0
340,0.053379137343228744,0.057047106078960796,0.0036679687357320523,0.04776901699929842,Decay 0.95,0
350,0.054953363219499285,0.058424856513725254,0.003471493294225969,0.04776900835023529,Decay 0.95,0
360,0.05491653144522757,0.05816724670984996,0.0032507152646223947,0.047769003195899384,Decay 0.95,0
370,0.0474930293093479,0.05155666606172893,0.004063636752381028,0.047769000128632055,Decay 0.95,0
380,0.049409913190675225,0.05292320089474456,0.0035132877040693344,0.047768998291682185,Decay 0.95,0
390,0.04887854312938156,0.05277399206628519,0.003895448936903634,0.047768997190109075,Decay 0.95,0
400,0.043909843450266495,0.04819211537953866,0.004282271929272163,0.04776899653186978,Decay 0.95,0
410,0.04345705864640509,0.048205365615528406,0.004748306969123317,0.04776899613899149,Decay 0.95,0
420,0.052305094270082675,0.05592018157405432,0.0036150873039716425,0.047768995903393674,Decay 0.95,0
430,0.04296318772985802,0.04833380455406139,0.005370616824203367,0.04776899576159499,Decay 0.95,0
440,0.03891216927183505,0.045334974059039856,0.0064228047872048055,0.04776899567612902,Decay 0.95,0
450,0.0432275469336974,0.04874946670997077,0.005521919776273365,0.0477689956248008,Decay 0.95,0
460,0.0456010978526295,0.050296894652709034,0.0046957968000795325,0.047768995594247465,Decay 0.95,0
470,0.036255738269272586,0.04282950091510063,0.006573762645828041,0.047768995576002116,Decay 0.95,0
480,0.04957450804334007,0.05402801476368291,0.004453506720342837,0.04776899556501513,Decay 0.95,0
490,0.0336998498907784,0.04101657942804571,0.007316729537267308,0.04776899555843128,Decay 0.95,0
500,0.028450862188154624,0.036779412476557305,0.00832855028840268,0.047768995554401616,Decay 0.95,0
510,0.029002475289922836,0.03731025258598314,0.008307777296060304,0.04776899555199676,Decay 0.95,0
520,0.02059554606169639,0.03088491932927867,0.01028937326758228,0.047768995550557525,Decay 0.95,0
530,0.021542776554383802,0.03160777031103529,0.010064993756651486,0.047768995549695326,Decay 0.95,0
540,0.0334706012350075,0.04107754943591885,0.007606948200911345,0.047768995549178794,Decay 0.95,0
550,0.042918139686066004,0.04844639921782362,0.005528259531757618,0.04776899554887526,Decay 0.95,0
560,0.04223054695717254,0.047618183771237554,0.005387636814065011,0.04776899554869507,Decay 0.95,0
570,0.03890760138397148,0.044886061855966886,0.005978460471995406,0.04776899554858771,Decay 0.95,0
580,0.050883616302803136,0.054185222367500785,0.0033016060646976486,0.04776899554852371,Decay 0.95,0
590,0.04937714792827769,0.05305844815129901,0.003681300223021322,0.047768995548485405,Decay 0.95,0
600,0.05155544935422546,0.05484673198160772,0.0032912826273822637,0.04776899554846231,Decay 0.95,0
610,0.05935192162567299,0.06118703575646295,0.001835114130789961,0.0477689955484486,Decay 0.95,0
620,0.05579504721511247,0.05880114758182664,0.0030061003667141706,0.047768995548440385,Decay 0.95,0
630,0.05924768123365454,0.061800297678818006,0.002552616445163469,0.047768995548435444,Decay 0.95,0
640,0.05544895423613311,0.057742314204743184,0.002293359968610076,0.04776899554843245,Decay 0.95,0
650,0.05071044532378932,0.053833214629503745,0.0031227693057144235,0.047768995548430726,Decay 0.95,0
660,0.056751521016307094,0.058983067381392584,0.0022315463650854905,0.047768995548429616,Decay 0.95,0
670,0.0547809907068702,0.05758610465092251,0.0028051139440523065,0.04776899554842895,Decay 0.95,0
680,0.06089409082656394,0.06222360746630062,0.001329516639736683,0.04776899554842867,Decay 0.95,0
690,0.05133464557591044,0.05435791652135885,0.0030232709454484086,0.04776899554842862,Decay 0.95,0
700,0.058899879169480196,0.06097154812271777,0.002071668953237571,0.04776899554842862,Decay 0.95,0
710,0.04989267234985634,0.05323638606967995,0.0033437137198236155,0.04776899554842862,Decay 0.95,0
720,0.05854753852121475,0.06049298368781142,0.001945445166596671,0.04776899554842862,Decay 0.95,0
730,0.04305587058710403,0.04857994300545515,0.0055240724183511225,0.04776899554842862,Decay 0.95,0
740,0.051234343570404295,0.05561773876430676,0.004383395193902462,0.04776899554842862,Decay 0.95,0
750,0.04508997277622412,0.050481022697263234,0.005391049921039115,0.04776899554842862,Decay 0.95,0
760,0.042933580466444965,0.04873440841283505,0.005800827946390086,0.04776899554842862,Decay 0.95,0
770,0.05476433849128726,0.05833913209872943,0.0035747936074421727,0.04776899554842862,Decay 0.95,0
780,0.0639278995382011,0.06590860722297376,0.0019807076847726535,0.04776899554842862,Decay 0.95,0
790,0.05884216314227397,0.061654890039468946,0.0028127268971949726,0.04776899554842862,Decay 0.95,0
800,0.0568330236611726,0.05958861583855779,0.002755592177385191,0.04776899554842862,Decay 0.95,0
1,10.882744749033321,10.883762427505992,0.0010176784726709798,10.61089285422642,Decay 0.95,1
10,2.4361344683042416,2.4376804792440985,0.0015460109398568456,2.348178529803093,Decay 0.95,1
20,0.841662135610611,0.8444031391054869,0.0027410034948759376,0.8162254394665347,Decay 0.95,1
30,0.432099944223578,0.43411226064278924,0.0020123164192112353,0.4172118484521131,Decay 0.95,1
40,0.27359374538118575,0.27605290642735747,0.0024591610461717206,0.27149459879029225,Decay 0.95,1
50,0.20356317926413972,0.20614678645238294,0.0025836071882432143,0.20687977557025017,Decay 0.95,1
60,0.17463999757689935,0.17672794952863619,0.002087951951736833,0.17460145592287682,Decay 0.95,1
70,0.16872138853762286,0.16969117604000092,0.0009697875023780556,0.1570880095327878,Decay 0.95,1
80,0.16159239632569017,0.1621629003960437,0.000570504070353528,0.14650214540601117,Decay 0.95,1
90,0.14547010869774352,0.1468944481233156,0.0014243394255720743,0.14040452488988642,Decay 0.95,1
100,0.13704793052246061,0.1389288199542456,0.0018808894317849933,0.1368151680054056,Decay 0.95,1
110,0.12323654566571282,0.12614861593984555,0.002912070274132733,0.13482606817202178,Decay 0.95,1
120,0.12787771337919956,0.13029287107494553,0.002415157695745962,0.13365961267731052,Decay 0.95,1
130,0.13928841092453137,0.14057865243964546,0.0012902415151140878,0.13289409642659816,Decay 0.95,1
140,0.1398775364458777,0.1410588210704333,0.0011812846245556063,0.13243199412980838,Decay 0.95,1
150,0.14099175751479304,0.14205168251143493,0.0010599249966418978,0.13215710064869368,Decay 0.95,1
160,0.13518360858335168,0.13677209129002907,0.0015884827066773854,0.1319926369010913,Decay 0.95,1
170,0.13535446226764752,0.13694785380155194,0.0015933915339044202,0.13189599313376643,Decay 0.95,1
180,0.1317791584018117,0.1336674097374047,0.0018882513355930053,0.1318377368517662,Decay 0.95,1
190,0.12608473984692276,0.1285080838825025,0.0024233440355797553,0.13180419526944642,Decay 0.95,1
200,0.12678756158784865,0.1291628679888699,0.0023753064010212377,0.13178391842237222,Decay 0.95,1
210,0.13182851270837745,0.13372255046754847,0.001894037759171019,0.1317715818083804,Decay 0.95,1
220,0.13243413700803425,0.13426785741859176,0.0018337204105575156,0.13176402934697462,Decay 0.95,1
230,0.1412990522940623,0.14231567702059011,0.0010166247265278039,0.13175957945428218,Decay 0.95,1
240,0.14803670826428456,0.1484050488146419,0.0003683405503573378,0.13175684391632808,Decay 0.95,1
250,0.1407359676052728,0.14179520222955097,0.001059234624278177,0.1317551962767817,Decay 0.95,1
260,0.14465107256654058,0.14539156691770594,0.000740494351165355,0.13175421515240165,Decay 0.95,1
270,0.14388688141891015,0.14469131514207417,0.000804433723164022,0.13175361402902813,Decay 0.95,1
280,0.1397792640352556,0.14093132086043042,0.0011520568251748298,0.13175326842352098,Decay 0.95,1
290,0.13839432160183068,0.13965670350735537,0.0012623819055246899,0.1317530577229098,Decay 0.95,1
300,0.13513536286373373,0.1366891902285396,0.0015538273648058598,0.13175293276158745,Decay 0.95,1
310,0.13887744629896256,0.14009854466013696,0.0012210983611743997,0.1317528571444623,Decay 0.95,1
320,0.15193322942240797,0.15200163046621468,6.840104380670398e-05,0.13175281055213978,Decay 0.95,1
330,0.14972627944302574,0.1499555107841894,0.0002292313411636493,0.13175278263076834,Decay 0.95,1
340,0.13590349194383705,0.13736695171216629,0.0014634597683292339,0.13175276615026885,Decay 0.95,1
350,0.13615791776061326,0.13761889733249333,0.0014609795718800722,0.1317527566675028,Decay 0.95,1
360,0.1307726422933481,0.13270760974106277,0.0019349674477146805,0.13175275093289274,Decay 0.95,1
370,0.13242733646033178,0.1342158049829413,0.0017884685226095265,0.13175274755632327,Decay 0.95,1
380,0.12987929053951472,0.131881042616539,0.0020017520770242714,0.13175274550708943,Decay 0.95,1
390,0.13492224471047828,0.13648934073598387,0.0015670960255055877,0.1317527443303097,Decay 0.95,1
400,0.13879350319492048,0.1400162746732184,0.0012227714782979127,0.13175274359656255,Decay 0.95,1
410,0.13514638443828988,0.136683919941046,0.001537535502756121,0.13175274316273938,Decay 0.95,1
420,0.13213765021633192,0.1339529048476611,0.0018152546313291718,0.13175274290618258,Decay 0.95,1
430,0.1350688761821046,0.13662275066018828,0.0015538744780836666,0.1317527427548093,Decay 0.95,1
440,0.13637603069051085,0.13781505257053872,0.0014390218800278687,0.13175274266255985,Decay 0.95,1
450,0.12953539960289964,0.1316069154170128,0.0020715158141131618,0.13175274260794856,Decay 0.95,1
460,0.12649933263710472,0.12888032149063727,0.0023809888535325507,0.1317527425742052,Decay 0.95,1
470,0.12906829009072843,0.1311995943074236,0.0021313042166951623,0.1317527425539032,Decay 0.95,1
480,0.1251497153970635,0.12761685910153583,0.0024671437044723465,0.13175274254187008,Decay 0.95,1
490,0.13533643204737905,0.13689059067611636,0.0015541586287373121,0.13175274253461608,Decay 0.95,1
500,0.12465237929634188,0.12713060045950722,0.002478221163165345,0.13175274253023495,Decay 0.95,1
510,0.1293401468113479,0.13139569891448122,0.0020555521031333235,0.13175274252766284,Decay 0.95,1
520,0.12653435978930855,0.12886635019076542,0.0023319904014568738,0.13175274252611482,Decay 0.95,1
530,0.14076361176120555,0.14181389624040397,0.0010502844791984156,0.13175274252519747,Decay 0.95,1
540,0.13856723519319478,0.1397938171907308,0.0012265819975360304,0.1317527425246355,Decay 0.95,1
550,0.13371897271514183,0.1353821296758384,0.0016631569606965768,0.13175274252430708,Decay 0.95,1
560,0.13764359793794323,0.13893439291285364,0.0012907949749104142,0.13175274252410604,Decay 0.95,1
570,0.12626514047948878,0.12863544174795355,0.0023703012684647695,0.1317527425239861,Decay 0.95,1
580,0.12744834007636055,0.12971218976002294,0.002263849683662389,0.13175274252391608,Decay 0.95,1
590,0.11660131205770707,0.1198516960858405,0.003250384028133421,0.1317527425238745,Decay 0.95,1
600,0.12738280903316954,0.12965823186935155,0.0022754228361820117,0.1317527425238513,Decay 0.95,1
610,0.12688279148924003,0.12915413873823695,0.0022713472489969133,0.13175274252383634,Decay 0.95,1
620,0.1254860738885815,0.12791373262874084,0.0024276587401593497,0.1317527425238273,Decay 0.95,1
630,0.11826729109342476,0.12134746637975263,0.0030801752863278686,0.13175274252382208,Decay 0.95,1
640,0.12097594139720884,0.12382968741132061,0.0028537460141117715,0.13175274252381883,Decay 0.95,1
650,0.11455271592942713,0.11797250864246912,0.0034197927130419914,0.13175274252381686,Decay 0.95,1
660,0.11387166529895781,0.11732093166072358,0.0034492663617657626,0.13175274252381572,Decay 0.95,1
670,0.1218860690012396,0.12464730337117848,0.0027612343699388725,0.13175274252381497,Decay 0.95,1
680,0.1201941202178367,0.12306786434914194,0.002873744131305242,0.13175274252381458,Decay 0.95,1
690,0.12319384501218264,0.1258513875636334,0.002657542551450759,0.1317527425238145,Decay 0.95,1
700,0.12924311316575116,0.13138480967605012,0.0021416965102989682,0.13175274252381447,Decay 0.95,1
710,0.12958756682148165,0.13165177382603777,0.002064207004556118,0.13175274252381444,Decay 0.95,1
720,0.14097414474317282,0.14204250619582437,0.001068361452651545,0.13175274252381444,Decay 0.95,1
730,0.13634636884607665,0.13778946588769447,0.0014430970416178246,0.13175274252381444,Decay 0.95,1
740,0.12934569307798605,0.13140930083458488,0.0020636077565988342,0.13175274252381444,Decay 0.95,1
750,0.12678268708976104,0.12906718129925915,0.0022844942094981113,0.13175274252381444,Decay 0.95,1
760,0.12511423946269667,0.1275445316029587,0.0024302921402620248,0.13175274252381444,Decay 0.95,1
770,0.1257048612806974,0.12808784982661134,0.0023829885459139277,0.13175274252381444,Decay 0.95,1
780,0.1289114682119314,0.13104371728029973,0.0021322490683683415,0.13175274252381444,Decay 0.95,1
790,0.13972037871829696,0.14084923710838065,0.001128858390083698,0.13175274252381444,Decay 0.95,1
800,0.13317955346634563,0.13485967552555522,0.0016801220592095878,0.13175274252381444,Decay 0.95,1
1,10.051275859994602,10.057749902577449,0.006474042582846451,10.217388119487843,Decay 0.95,2
10,2.2380009943963683,2.242216297909651,0.004215303513282809,2.2326275437148646,Decay 0.95,2
20,0.7466237448883637,0.7471973439162618,0.0005735990278981085,0.707503626345668,Decay 0.95,2
30,0.3491277816717786,0.3471670788184227,-0.0019607028533559223,0.3093602008909048,Decay 0.95,2
40,0.1760520564983572,0.16685704837759557,-0.009195008120761627,0.16180303004142133,Decay 0.95,2
50,0.09672302877181344,0.0846293210998969,-0.012093707671916532,0.09649327201554764,Decay 0.95,2
60,0.06689765782683216,0.054289911865959994,-0.012607745960872163,0.06436410409517346,Decay 0.95,2
70,0.05771055903962452,0.04589451432654945,-0.011816044713075069,0.04712099644493928,Decay 0.95,2
80,0.05488602766256084,0.044652455177592476,-0.010233572484968367,0.03750574752826358,Decay 0.95,2
90,0.06002042133783514,0.0522524742728126,-0.00776794706502254,0.031997235777772415,Decay 0.95,2
100,0.047061001893656806,0.03888575659905835,-0.008175245294598454,0.02885525948322465,Decay 0.95,2
110,0.05856459845599543,0.05295329917124897,-0.005611299284746463,0.026945888696439824,Decay 0.95,2
120,0.03950422078889487,0.03113788746577356,-0.008366333323121311,0.025808894709344055,Decay 0.95,2
130,0.02036909231827605,0.008608503914126597,-0.011760588404149452,0.02512192190607937,Decay 0.95,2
140,0.0328370148186346,0.021416755198648996,-0.011420259619985607,0.024719700195736327,Decay 0.95,2
150,0.04186264939356599,0.03293661201773712,-0.008926037375828866,0.02448061680278041,Decay 0.95,2
160,0.04854646107232552,0.04158872894361343,-0.006957732128712091,0.024333580237904107,Decay 0.95,2
170,0.04518461616383629,0.0371757482964406,-0.008008867867395686,0.024247971361267828,Decay 0.95,2
180,0.026725935788190047,0.01540274738795988,-0.011323188400230166,0.024194904419772234,Decay 0.95,2
190,0.03579305188882076,0.02609145932621082,-0.00970159256260994,0.02416419967359995,Decay 0.95,2
200,0.03510663573780176,0.02460970416235947,-0.010496931575442292,0.02414623003077515,Decay 0.95,2
210,0.026285555069233524,0.014951815025704918,-0.011333740043528606,0.024135038815953025,Decay 0.95,2
220,0.038358814031579425,0.027769357744949597,-0.010589456286629828,0.024128390558159185,Decay 0.95,2
230,0.028766404147484548,0.016444469560293662,-0.012321934587190886,0.02412451643657121,Decay 0.95,2
240,0.039647547767171665,0.02901570292970601,-0.010631844837465654,0.024122164434708826,Decay 0.95,2
250,0.017526042338161907,0.002893084899065923,-0.014632957439095984,0.02412074818864557,Decay 0.95,2
260,0.01649547187161693,0.002429313824593493,-0.014066158047023436,0.024119902085631417,Decay 0.95,2
270,0.03532913025869572,0.02400599505729545,-0.01132313520140027,0.024119388375487327,Decay 0.95,2
280,0.01937021420888868,0.006580555297834745,-0.012789658911053936,0.024119086694948777,Decay 0.95,2
290,0.02579974026575871,0.01614453423654766,-0.00965520602921105,0.024118901681447036,Decay 0.95,2
300,0.020807915635975616,0.00902130560483172,-0.011786610031143896,0.024118789490179038,Decay 0.95,2
310,0.026145305459174928,0.01626665154117629,-0.009878653917998637,0.024118723433371847,Decay 0.95,2
320,0.0338375217753073,0.02636522231471028,-0.0074722994605970205,0.02411868441265197,Decay 0.95,2
330,0.023578129833432826,0.01224794182440414,-0.011330188009028686,0.024118660261172598,Decay 0.95,2
340,0.009842289193002063,-0.004352711320609048,-0.014195000513611111,0.024118647182646058,Decay 0.95,2
350,0.014101734199881033,-9.670610561840487e-06,-0.014111404810442874,0.024118639082069127,Decay 0.95,2
360,0.019747184586260735,0.0054136880863461245,-0.01433349649991461,0.024118634078534207,Decay 0.95,2
370,0.02267826281889973,0.010497074200649659,-0.012181188618250072,0.024118631103022425,Decay 0.95,2
380,0.020226013574792756,0.0071624549316021136,-0.013063558643190643,0.024118629254565316,Decay 0.95,2
390,0.017263579549389174,0.002855330289698421,-0.014408249259690753,0.02411862817759791,Decay 0.95,2
400,0.02910220575102246,0.017548305745577808,-0.01155390000544465,0.024118627548535276,Decay 0.95,2
410,0.018154466540884207,0.003332222863750456,-0.01482224367713375,0.02411862716892521,Decay 0.95,2
420,0.01416038208078646,-0.0019573733969275864,-0.016117755477714046,0.024118626936752097,Decay 0.95,2
430,-0.0026914615486479665,-0.021706889265661833,-0.019015427717013866,0.024118626798774745,Decay 0.95,2
440,0.006944841089917608,-0.007663643212295956,-0.014608484302213565,0.024118626713429847,Decay 0.95,2
450,0.022528395170218762,0.010614151378627756,-0.011914243791591006,0.024118626661676967,Decay 0.95,2
460,0.01732069361425903,0.0036395317635404267,-0.013681161850718604,0.024118626631288553,Decay 0.95,2
470,0.037162650658647545,0.02798456033206781,-0.009178090326579735,0.024118626613973015,Decay 0.95,2
480,0.044345327086425135,0.03634831396727545,-0.007997013119149687,0.024118626602993576,Decay 0.95,2
490,0.046335047114907546,0.03958709949967326,-0.006747947615234284,0.024118626596649095,Decay 0.95,2
500,0.034540954299752846,0.02509365516744899,-0.009447299132303855,0.024118626592754044,Decay 0.95,2
510,0.03298466402350303,0.02329141102074117,-0.009693253002761859,0.024118626590504455,Decay 0.95,2
520,0.05277456170052064,0.046253005346050924,-0.006521556354469715,0.024118626589128556,Decay 0.95,2
530,0.06070770035480144,0.055377457293188104,-0.005330243061613338,0.02411862658830577,Decay 0.95,2
540,0.059890783127175384,0.05515981530252512,-0.004730967824650267,0.02411862658780234,Decay 0.95,2
550,0.05435238598675429,0.04893632850672319,-0.0054160574800311,0.024118626587503522,Decay 0.95,2
560,0.04716092753380674,0.040932211845459476,-0.006228715688347264,0.024118626587326664,Decay 0.95,2
570,0.040215878282848116,0.03356041986646252,-0.006655458416385596,0.024118626587220415,Decay 0.95,2
580,0.029059319213452728,0.02073067708804699,-0.008328642125405739,0.024118626587154357,Decay 0.95,2
590,0.03825267143317845,0.03195384029531495,-0.006298831137863503,0.024118626587117054,Decay 0.95,2
600,0.028569089574927764,0.01897295216447642,-0.009596137410451344,0.024118626587094405,Decay 0.95,2
610,0.03361661477818151,0.025636298179433747,-0.007980316598747761,0.024118626587080638,Decay 0.95,2
620,0.028540546795334243,0.018408004406351652,-0.01013254238898259,0.024118626587072756,Decay 0.95,2
630,0.01893030649833427,0.005578885787327126,-0.013351420711007145,0.024118626587067704,Decay 0.95,2
640,0.02939487951434988,0.016415678551139623,-0.012979200963210258,0.024118626587064818,Decay 0.95,2
650,0.032994920915493275,0.022655944443998044,-0.010338976471495231,0.02411862658706304,Decay 0.95,2
660,0.030384380894381835,0.020631782259536435,-0.0097525986348454,0.024118626587061986,Decay 0.95,2
670,0.04067862151077972,0.032148108886246696,-0.008530512624533027,0.02411862658706132,Decay 0.95,2
680,0.03470223674637429,0.025051626858043574,-0.009650609888330719,0.024118626587060987,Decay 0.95,2
690,0.04514654245136557,0.03759060621235788,-0.007555936239007688,0.02411862658706082,Decay 0.95,2
700,0.03317844837091627,0.02374720296320537,-0.009431245407710898,0.02411862658706071,Decay 0.95,2
710,0.022316634962697812,0.009541254319505643,-0.012775380643192169,0.02411862658706071,Decay 0.95,2
720,0.029618890252036734,0.01909953083975574,-0.010519359412280993,0.02411862658706071,Decay 0.95,2
730,0.01581604463360725,0.002559814044720554,-0.013256230588886697,0.02411862658706071,Decay 0.95,2
740,0.0007188007566684695,-0.015985951073799576,-0.016704751830468045,0.02411862658706071,Decay 0.95,2
750,0.0077232337460669265,-0.007703798097609571,-0.015427031843676497,0.02411862658706071,Decay 0.95,2
760,0.01443152249053975,0.000519202393341911,-0.013912320097197839,0.02411862658706071,Decay 0.95,2
770,0.018284792773416603,0.006363036601300942,-0.01192175617211566,0.02411862658706071,Decay 0.95,2
780,0.025819540741860825,0.013529360245850497,-0.012290180496010328,0.02411862658706071,Decay 0.95,2
790,0.03778369085779387,0.027339899454594474,-0.010443791403199398,0.02411862658706071,Decay 0.95,2
800,0.03598569064883633,0.026242037991177025,-0.009743652657659307,0.02411862658706071,Decay 0.95,2
1,10.447456245971678,10.451187161334035,0.0037309153623574787,10.848436681092013,Decay 0.95,3
10,2.3487830114122814,2.361411303983715,0.012628292571433608,2.392624256628239,Decay 0.95,3
20,0.7860399785900264,0.7908920913644665,0.004852112774440087,0.7759310083340641,Decay 0.95,3
30,0.37794066549411376,0.37966225909864637,0.001721593604532612,0.36011707478408067,Decay 0.95,3
40,0.21912032377260834,0.2179946882969615,-0.0011256354756468412,0.20840862567517426,Decay 0.95,3
50,0.15103848925256974,0.14918629603189287,-0.0018521932206768676,0.13942369618208444,Decay 0.95,3
60,0.12077553610165279,0.11916203390332733,-0.001613502198325456,0.10586381747578794,Decay 0.95,3
70,0.113065609596598,0.11331580437891994,0.0002501947823219386,0.08731671030485935,Decay 0.95,3
80,0.10764077711371128,0.10852156273160585,0.0008807856178945639,0.07689774825753079,Decay 0.95,3
90,0.09833031249030913,0.09861976085774446,0.00028944836743532987,0.07090629567745435,Decay 0.95,3
100,0.08996714057484387,0.08933486746263605,-0.0006322731122078151,0.06746871071673091,Decay 0.95,3
110,0.0868212359151741,0.08610505415183162,-0.0007161817633424827,0.06537695511358477,Decay 0.95,3
120,0.08280691260034653,0.08161332468496926,-0.00119358791537727,0.06417540657853754,Decay 0.95,3
130,0.07737428790304166,0.07546221915940796,-0.0019120687436336992,0.06347452469754158,Decay 0.95,3
140,0.06950102288460228,0.06611529181397344,-0.003385731070628839,0.06305080235941474,Decay 0.95,3
150,0.07477073551866623,0.07227018858385742,-0.002500546934808806,0.06278854234225081,Decay 0.95,3
160,0.06286608797901089,0.058296520706365346,-0.004569567272645542,0.06263405281930509,Decay 0.95,3
170,0.06928157546984784,0.0658363732020025,-0.0034452022678453376,0.06254361571307479,Decay 0.95,3
180,0.0754175374039428,0.07327474598005362,-0.0021427914238891788,0.06248791532353784,Decay 0.95,3
190,0.07178811594865558,0.06935850630337467,-0.0024296096452809113,0.06245503223161886,Decay 0.95,3
200,0.07298089628084373,0.07020979427807975,-0.002771102002763981,0.06243508822132518,Decay 0.95,3
210,0.06510000522718923,0.06102717082324943,-0.004072834403939796,0.06242314208433458,Decay 0.95,3
220,0.06710302315267819,0.06345223816537895,-0.0036507849872992326,0.06241609537452644,Decay 0.95,3
230,0.07504776757659454,0.0729208922533881,-0.002126875323206434,0.06241194356769292,Decay 0.95,3
240,0.059694239001975735,0.05477403979791659,-0.004920199204059145,0.06240946981474038,Decay 0.95,3
250,0.05315462737049001,0.04692259381035002,-0.006232033560139988,0.06240800222509399,Decay 0.95,3
260,0.06036715491652636,0.05509218881466152,-0.005274966101864842,0.06240706835061047,Decay 0.95,3
270,0.058281239738398105,0.052797550782786806,-0.005483688955611299,0.062406520395152126,Decay 0.95,3
280,0.062262267175087455,0.057125788924180715,-0.00513647825090674,0.06240619348254631,Decay 0.95,3
290,0.06383980978917503,0.059103832286096614,-0.004735977503078415,0.062405991822736595,Decay 0.95,3
300,0.06184196899855371,0.056845184487783,-0.004996784510770708,0.062405874205092304,Decay 0.95,3
310,0.058310724576396605,0.052757659645564337,-0.005553064930832269,0.062405803885509536,Decay 0.95,3
320,0.06065877757370497,0.055834738122356786,-0.004824039451348183,0.0624057617125055,Decay 0.95,3
330,0.06299551309571613,0.058289586558791545,-0.004705926536924587,0.06240573687777157,Decay 0.95,3
340,0.08085738353570057,0.07931885340137401,-0.00153853013432656,0.062405721781265605,Decay 0.95,3
350,0.08192058808171626,0.0810034394668962,-0.0009171486148200625,0.062405712596735746,Decay 0.95,3
360,0.0694384184469014,0.06621899062622777,-0.003219427820673637,0.06240570721198746,Decay 0.95,3
370,0.07098691391290515,0.0681727819006282,-0.002814132012276954,0.06240570404567891,Decay 0.95,3
380,0.0681927213733127,0.06471113363912992,-0.0034815877341827783,0.06240570212248461,Decay 0.95,3
390,0.0602872198680407,0.055531272729000436,-0.004755947139040262,0.06240570093304504,Decay 0.95,3
400,0.05871144343561957,0.053350145514601155,-0.005361297921018415,0.062405700244222706,Decay 0.95,3
410,0.05346611914919788,0.04713098061748708,-0.006335138531710804,0.06240569983685246,Decay 0.95,3
420,0.06287875821407946,0.05819715110150436,-0.004681607112575092,0.062405699593526154,Decay 0.95,3
430,0.06964187115081746,0.06631564443277113,-0.0033262267180463323,0.06240569944666674,Decay 0.95,3
440,0.070380264498078,0.06739778805729471,-0.0029824764407832827,0.062405699357931554,Decay 0.95,3
450,0.07652990213122424,0.0747754318214933,-0.0017544703097309433,0.06240569930439535,Decay 0.95,3
460,0.07456290327167137,0.07234667613422718,-0.002216227137444182,0.062405699272860604,Decay 0.95,3
470,0.07852322651415317,0.0770272413071065,-0.0014959852070466628,0.06240569925383618,Decay 0.95,3
480,0.0753508851286264,0.07344228409470768,-0.001908601033918711,0.06240569924255515,Decay 0.95,3
490,0.07354072613485363,0.07131800783283476,-0.0022227183020188668,0.06240569923581166,Decay 0.95,3
500,0.07047562303035351,0.06784527476552438,-0.0026303482648291354,0.06240569923180317,Decay 0.95,3
510,0.06810567645465346,0.06476887014244051,-0.0033368063122129477,0.062405699229450134,Decay 0.95,3
520,0.06546510581179515,0.06142943469028905,-0.004035671121506101,0.06240569922801101,Decay 0.95,3
530,0.06222692011030362,0.057950565598495235,-0.0042763545118083834,0.062405699227156136,Decay 0.95,3
540,0.06515627448595251,0.06160323775611698,-0.0035530367298355348,0.062405699226640854,Decay 0.95,3
550,0.06465864307078845,0.061413472752163245,-0.0032451703186252012,0.06240569922633571,Decay 0.95,3
560,0.06870750097935766,0.06607103010348628,-0.0026364708758713773,0.062405699226155326,Decay 0.95,3
570,0.0776803346663319,0.07636601705935056,-0.0013143176069813356,0.06240569922604708,Decay 0.95,3
580,0.08277022584114951,0.08231569179700368,-0.0004545340441458323,0.06240569922598102,Decay 0.95,3
590,0.06965907481751948,0.0666588614766774,-0.0030002133408420784,0.062405699225941025,Decay 0.95,3
600,0.06249013141145032,0.05766071587360125,-0.004829415537849074,0.06240569922591693,Decay 0.95,3
610,0.05952494927303831,0.0544668686173746,-0.00505808065566371,0.0624056992259025,Decay 0.95,3
620,0.0652994039647381,0.061201549733943095,-0.004097854230795006,0.06240569922589412,Decay 0.95,3
630,0.06726414360160538,0.06378552109311769,-0.003478622508487683,0.06240569922588887,Decay 0.95,3
640,0.06611559669001915,0.06233060467088619,-0.00378499201913296,0.06240569922588585,Decay 0.95,3
650,0.06648018359844982,0.06260893048870964,-0.0038712531097401803,0.062405699225883876,Decay 0.95,3
660,0.0642670625885852,0.059853907067911244,-0.00441315552067395,0.06240569922588285,Decay 0.95,3
670,0.05330748083413586,0.046661323358549334,-0.006646157475586528,0.062405699225882155,Decay 0.95,3
680,0.05673337282911167,0.050305475577985426,-0.006427897251126247,0.06240569922588177,Decay 0.95,3
690,0.058214861035750964,0.05213776805535164,-0.0060770929803993234,0.0624056992258816,Decay 0.95,3
700,0.06613181292259926,0.061971167499974084,-0.0041606454226251754,0.06240569922588157,Decay 0.95,3
710,0.06819421474414628,0.06425473602047965,-0.003939478723666623,0.06240569922588157,Decay 0.95,3
720,0.06673098521685036,0.06267093661167644,-0.0040600486051739215,0.06240569922588157,Decay 0.95,3
730,0.06429770246556507,0.060072700234067106,-0.004225002231497965,0.06240569922588157,Decay 0.95,3
740,0.07824948857480915,0.07655717336107559,-0.0016923152137335584,0.06240569922588157,Decay 0.95,3
750,0.08221943719292313,0.08145152485721902,-0.0007679123357041129,0.06240569922588157,Decay 0.95,3
760,0.08265059572159561,0.08192671033049842,-0.0007238853910971899,0.06240569922588157,Decay 0.95,3
770,0.07923567975963372,0.07817744236030863,-0.0010582373993250904,0.06240569922588157,Decay 0.95,3
780,0.07400972328056893,0.07187730044519863,-0.0021324228353702956,0.06240569922588157,Decay 0.95,3
790,0.07416930173794745,0.07176052772982555,-0.0024087740081218945,0.06240569922588157,Decay 0.95,3
800,0.06909716829129664,0.06606189193657949,-0.003035276354717148,0.06240569922588157,Decay 0.95,3
1,9.745971986258963,9.747421732689277,0.0014497464303140362,9.472043331789735,Decay 0.95,4
10,2.1588956274918787,2.162998819891238,0.004103192399359301,2.1273158428173753,Decay 0.95,4
20,0.7608806422367616,0.7634027370747571,0.002522094837995592,0.7466917335406305,Decay 0.95,4
30,0.39299679918333036,0.3949502806309418,0.001953481447611427,0.3810943061303484,Decay 0.95,4
40,0.25173585896385076,0.25376077014553855,0.002024911181687794,0.24548823828235883,Decay 0.95,4
50,0.1876301129600001,0.18935993269823387,0.0017298197382337732,0.1836261524883422,Decay 0.95,4
60,0.14526979595040568,0.14745553082191193,0.002185734871506251,0.15275757487306962,Decay 0.95,4
70,0.12577897691371442,0.12799568273661277,0.002216705822898346,0.13615750830945045,Decay 0.95,4
80,0.11400485118450765,0.1160988818108864,0.002094030626378751,0.1264281255602635,Decay 0.95,4
90,0.1174475972527701,0.11904964332980744,0.0016020460770373446,0.1209377286833947,Decay 0.95,4
100,0.10945820646394788,0.11112119438067697,0.0016629879167290862,0.11761094048586918,Decay 0.95,4
110,0.10499501214104762,0.10682034618669084,0.0018253340456432232,0.11563335584996903,Decay 0.95,4
120,0.11489654172306935,0.11629827675544879,0.0014017350323794475,0.11447889366619113,Decay 0.95,4
130,0.1103291219440492,0.11186908994698702,0.0015399680029378193,0.11378359106194669,Decay 0.95,4
140,0.10193117919742906,0.10364649297893419,0.0017153137815051345,0.11338100680018043,Decay 0.95,4
150,0.10402356037014365,0.10585691024727001,0.0018333498771263557,0.11313268587007286,Decay 0.95,4
160,0.10608622164783721,0.1075411150626604,0.0014548934148231885,0.11298749010976117,Decay 0.95,4
170,0.1006959619113747,0.10244934314040555,0.0017533812290308481,0.11289802779138819,Decay 0.95,4
180,0.10986614969425185,0.11121083540101401,0.001344685706762161,0.11284458997853919,Decay 0.95,4
190,0.11143323272653938,0.11285866827302965,0.0014254355464902724,0.11281252273885689,Decay 0.95,4
200,0.11680373497970509,0.11795571167687358,0.0011519766971684886,0.11279353781426094,Decay 0.95,4
210,0.1171102190450869,0.11826657214155467,0.001156353096467777,0.11278205333688063,Decay 0.95,4
220,0.11116529711254847,0.11265424221643461,0.0014889451038861412,0.11277525046036124,Decay 0.95,4
230,0.10450486175966622,0.10636023191675947,0.0018553701570932501,0.1127711019526153,Decay 0.95,4
240,0.10246537965600988,0.1043801031343885,0.0019147234783786216,0.11276871499371816,Decay 0.95,4
250,0.1034769216346279,0.10546285445741516,0.001985932822787251,0.11276731065188866,Decay 0.95,4
260,0.09940511027787291,0.10149262755684135,0.0020875172789684426,0.11276647591587141,Decay 0.95,4
270,0.1079961953231891,0.10965842329093412,0.0016622279677450114,0.11276596248791954,Decay 0.95,4
280,0.11819874270107816,0.11931223006596187,0.001113487364883703,0.11276565056349308,Decay 0.95,4
290,0.1121592571425748,0.11364083618766513,0.001481579045090331,0.11276546059869147,Decay 0.95,4
300,0.11864932997963046,0.11993211056610195,0.0012827805864714936,0.1127653462050805,Decay 0.95,4
310,0.12050621919861468,0.12164192629592788,0.0011357070973131989,0.11276527897792454,Decay 0.95,4
320,0.11206613112956088,0.11382623094534605,0.0017600998157851766,0.11276523891408297,Decay 0.95,4
330,0.09443926221757365,0.09665414018090884,0.0022148779633351934,0.1127652148345657,Decay 0.95,4
340,0.10249372242865451,0.10440833724203019,0.0019146148133756813,0.11276520058383382,Decay 0.95,4
350,0.09834160806616898,0.10038515935941622,0.0020435512932472366,0.11276519229517129,Decay 0.95,4
360,0.10240052846659448,0.10418213468521503,0.0017816062186205572,0.11276518720197148,Decay 0.95,4
370,0.10423151648114026,0.10589053288227618,0.0016590164011359154,0.11276518413792064,Decay 0.95,4
380,0.11437134785163733,0.11571766513052317,0.0013463172788858446,0.1127651822606307,Decay 0.95,4
390,0.11165308736884083,0.11315317045210938,0.0015000830832685441,0.11276518116139561,Decay 0.95,4
400,0.10753889943751338,0.10917177746808454,0.001632878030571161,0.11276518049817907,Decay 0.95,4
410,0.11738785465802443,0.11857705174984334,0.0011891970918189165,0.11276518009605968,Decay 0.95,4
420,0.1230367343531675,0.12392170118533805,0.0008849668321705417,0.11276517984933648,Decay 0.95,4
430,0.12337659517624189,0.12443798095397551,0.0010613857777336255,0.1127651797027695,Decay 0.95,4
440,0.11552541622424045,0.11695521124647118,0.0014297950222307287,0.11276517961459925,Decay 0.95,4
450,0.1121081860148887,0.11356831423316438,0.0014601282182756803,0.112765179562958,Decay 0.95,4
460,0.10887768145254156,0.1102728520863267,0.0013951706337851366,0.11276517953219234,Decay 0.95,4
470,0.11215130391602857,0.11350697010837907,0.001355666192350502,0.11276517951396159,Decay 0.95,4
480,0.10575654139354512,0.10743720867206552,0.001680667278520398,0.11276517950287651,Decay 0.95,4
490,0.11301333245816547,0.11439969344345602,0.0013863609852905467,0.11276517949612908,Decay 0.95,4
500,0.1065212291134629,0.1080489152840502,0.0015276861705872946,0.11276517949215575,Decay 0.95,4
510,0.10054778530956332,0.10226492418890076,0.0017171388793374431,0.11276517948978626,Decay 0.95,4
520,0.10866191350986465,0.10983197746324269,0.0011700639533780421,0.11276517948839543,Decay 0.95,4
530,0.11195455232087731,0.1130193622109385,0.0010648098900611913,0.11276517948753223,Decay 0.95,4
540,0.11366894071745093,0.11470121574716358,0.0010322750297126482,0.11276517948701253,Decay 0.95,4
550,0.11915941034122612,0.1201073263872808,0.0009479160460546809,0.11276517948670428,Decay 0.95,4
560,0.12026709480995107,0.12124150411966758,0.0009744093097165119,0.1127651794865196,Decay 0.95,4
570,0.10911478456346513,0.11048802206826219,0.0013732375047970646,0.11276517948640918,Decay 0.95,4
580,0.10643160978508553,0.1079268306751448,0.0014952208900592678,0.11276517948634485,Decay 0.95,4
590,0.11032602903754352,0.11180141037384245,0.001475381336298931,0.11276517948630604,Decay 0.95,4
600,0.11860777608313972,0.11974057912545838,0.0011328030423186641,0.11276517948628273,Decay 0.95,4
610,0.11750853701847391,0.11866446356843396,0.0011559265499600513,0.11276517948626874,Decay 0.95,4
620,0.11508437321664833,0.116357449881073,0.001273076664424666,0.11276517948626014,Decay 0.95,4
630,0.10666798966864366,0.1083664752866082,0.0016984856179645402,0.11276517948625514,Decay 0.95,4
640,0.12058207984585792,0.1215909699805871,0.0010088901347291845,0.1127651794862522,Decay 0.95,4
650,0.12268123666874892,0.12353524787864112,0.0008540112098922026,0.11276517948625037,Decay 0.95,4
660,0.11739813573166558,0.11844004644711303,0.0010419107154474583,0.11276517948624915,Decay 0.95,4
670,0.1115772016347445,0.11313041959153819,0.0015532179567936955,0.11276517948624842,Decay 0.95,4
680,0.10537495420730114,0.10736013549736756,0.001985181290066418,0.1127651794862482,Decay 0.95,4
690,0.11040705393669203,0.11208125504138827,0.001674201104696238,0.1127651794862482,Decay 0.95,4
700,0.12316478515081111,0.12428566055845819,0.0011208754076470762,0.1127651794862482,Decay 0.95,4
710,0.12358804715742414,0.12469044729473672,0.0011024001373125814,0.11276517948624815,Decay 0.95,4
720,0.12128472110376709,0.12235903191378372,0.001074310810016632,0.11276517948624815,Decay 0.95,4
730,0.12207631433788313,0.12307514608312839,0.00099883174524526,0.11276517948624815,Decay 0.95,4
740,0.11772435418294563,0.1190978477279726,0.0013734935450269714,0.11276517948624815,Decay 0.95,4
750,0.11611929267645449,0.11756061596852407,0.001441323292069585,0.11276517948624815,Decay 0.95,4
760,0.10512959759672924,0.10708471770175199,0.001955120105022745,0.11276517948624815,Decay 0.95,4
770,0.10172882067859551,0.10380713414844417,0.0020783134698486583,0.11276517948624815,Decay 0.95,4
780,0.10091074181756321,0.10290848672471797,0.0019977449071547637,0.11276517948624815,Decay 0.95,4
790,0.09959534245057766,0.10153580759134323,0.0019404651407655682,0.11276517948624815,Decay 0.95,4
800,0.10094102108161257,0.1028226800936623,0.00188165901204973,0.11276517948624815,Decay 0.95,4
1,9.464134969035335,9.463204920462752,-0.0009300485725827201,9.615091301643723,Decay 0.95,5
10,2.093682815004862,2.0931885891600213,-0.0004942258448408232,2.1032899378285967,Decay 0.95,5
20,0.678760816613305,0.6769110810943922,-0.0018497355189127651,0.6728355947670744,Decay 0.95,5
30,0.3069703107471889,0.30410261384774495,-0.002867696899443939,0.3029202364036797,Decay 0.95,5
40,0.17411843965526846,0.17154980240164552,-0.0025686372536229407,0.16923925342050228,Decay 0.95,5
50,0.1109358628937187,0.10786774538907062,-0.0030681175046480824,0.10906787444351335,Decay 0.95,5
60,0.0818036621375075,0.07919064540987791,-0.0026130167276295913,0.07853208685257812,Decay 0.95,5
70,0.06750075963185653,0.06511183615911975,-0.0023889234727367814,0.06180577398364495,Decay 0.95,5
80,0.056300707961509544,0.053619252483131374,-0.0026814554783781697,0.052447660224574755,Decay 0.95,5
90,0.04806476584219577,0.044714287230598226,-0.0033504786115975405,0.047044913664847476,Decay 0.95,5
100,0.043124599024043586,0.03916975109438853,-0.003954847929655059,0.04387985024462471,Decay 0.95,5
110,0.03634584176551581,0.03156770568572809,-0.00477813607978772,0.041999996399120665,Decay 0.95,5
120,0.04115073623944504,0.03734089131732288,-0.003809844922122163,0.040859179676850044,Decay 0.95,5
130,0.046744658008261886,0.044143195789037026,-0.0026014622192248593,0.040205767392562486,Decay 0.95,5
140,0.044041868283233865,0.041261708788800866,-0.002780159494432999,0.0398090448231625,Decay 0.95,5
150,0.04438385175740933,0.04125484290419967,-0.0031290088532096583,0.03956882477457335,Decay 0.95,5
160,0.04404566338242477,0.04120591501235821,-0.0028397483700665638,0.039429444437491135,Decay 0.95,5
170,0.04225039265635966,0.038991572480462255,-0.0032588201758974034,0.039343086676039085,Decay 0.95,5
180,0.0429266356249412,0.04017668952247416,-0.002749946102467038,0.039291079169534004,Decay 0.95,5
190,0.050073254891460306,0.04825602278412067,-0.0018172321073396391,0.0392608803030941,Decay 0.95,5
200,0.04538013237877031,0.04276531892633961,-0.0026148134524306976,0.03924304103145437,Decay 0.95,5
210,0.04623278978940859,0.04351253804242483,-0.0027202517469837595,0.039232509849617736,Decay 0.95,5
220,0.05060492364014113,0.04888146683066569,-0.0017234568094754432,0.03922608257893112,Decay 0.95,5
230,0.05081469434215924,0.049272713909764065,-0.0015419804323951736,0.03922222448021784,Decay 0.95,5
240,0.04882278128172041,0.046394735636179796,-0.0024280456455406108,0.039219901158921544,Decay 0.95,5
250,0.047041578771479964,0.04446612916707321,-0.0025754496044067543,0.03921851235439844,Decay 0.95,5
260,0.04144337282056432,0.03789117241179546,-0.0035522004087688575,0.039217687959960834,Decay 0.95,5
270,0.04012363170814898,0.036405115803251675,-0.0037185159048973015,0.03921717745324654,Decay 0.95,5
280,0.04127877272299224,0.0379359169119704,-0.0033428558110218387,0.039216871806580234,Decay 0.95,5
290,0.03965332652484127,0.0359408673732195,-0.003712459151621772,0.039216690946676735,Decay 0.95,5
300,0.04089215736328289,0.03747092124552365,-0.003421236117759241,0.03921658282875379,Decay 0.95,5
310,0.04124577341911062,0.03788804920661254,-0.003357724212498081,0.0392165174723042,Decay 0.95,5
320,0.043065663088709405,0.039857468431238996,-0.003208194657470409,0.0392164790162175,Decay 0.95,5
330,0.04262164393653528,0.0392969006329304,-0.0033247433036048823,0.039216456312079984,Decay 0.95,5
340,0.037820421088155365,0.03390658322334783,-0.0039138378648075345,0.039216442330469614,Decay 0.95,5
350,0.035232051859344415,0.031050639124963253,-0.0041814127343811625,0.03921643390162416,Decay 0.95,5
360,0.03574864488449042,0.031455912172328404,-0.004292732712162017,0.039216428920364366,Decay 0.95,5
370,0.04138715705421775,0.03820793670379058,-0.00317922035042717,0.03921642599095182,Decay 0.95,5
380,0.0488791194625629,0.04652598705373051,-0.0023531324088323924,0.03921642423989813,Decay 0.95,5
390,0.04383955413664531,0.04048935347127958,-0.0033502006653657324,0.03921642320898766,Decay 0.95,5
400,0.04768904082759495,0.04502894007560415,-0.0026601007519908015,0.03921642258387992,Decay 0.95,5
410,0.05353478565333286,0.051471208032207894,-0.002063577621124968,0.0392164222074618,Decay 0.95,5
420,0.04782070389028903,0.04492135772486178,-0.0028993461654272523,0.03921642198503028,Decay 0.95,5
430,0.04726040042330237,0.04442180997212397,-0.002838590451178402,0.03921642185013485,Decay 0.95,5
440,0.042229296813571016,0.03850223873398895,-0.0037270580795820685,0.03921642176885831,Decay 0.95,5
450,0.03937761077993768,0.03528312057970501,-0.00409449020023267,0.03921642172157802,Decay 0.95,5
460,0.03856446564952987,0.03473727571148777,-0.003827189938042097,0.039216421692323644,Decay 0.95,5
470,0.042228703035859905,0.03923750934093456,-0.0029911936949253426,0.03921642167474659,Decay 0.95,5
480,0.044589367038273486,0.041622093750003364,-0.0029672732882701225,0.03921642166426342,Decay 0.95,5
490,0.04161591317873725,0.03822624842195682,-0.0033896647567804306,0.039216421657975675,Decay 0.95,5
500,0.04441752917106323,0.04120405129356214,-0.003213477877501092,0.039216421654245825,Decay 0.95,5
510,0.03791655820933759,0.033297783572754314,-0.004618774636583278,0.039216421652015776,Decay 0.95,5
520,0.038616787017522525,0.03432451274469006,-0.004292274272832464,0.0392164216506482,Decay 0.95,5
530,0.041824907823984736,0.038444097426512225,-0.0033808103974725112,0.03921642164986178,Decay 0.95,5
540,0.041745989644531134,0.03823893742262113,-0.003507052221910001,0.03921642164938777,Decay 0.95,5
550,0.043361803896775464,0.039987647484090616,-0.003374156412684848,0.039216421649109434,Decay 0.95,5
560,0.045749501255621494,0.04302887760035312,-0.0027206236552683727,0.03921642164893768,Decay 0.95,5
570,0.04429142400643138,0.0411454204341401,-0.0031460035722912782,0.03921642164883332,Decay 0.95,5
580,0.04251008090825059,0.039223157513471774,-0.003286923394778818,0.03921642164877254,Decay 0.95,5
590,0.03991217100427147,0.03629404401795944,-0.0036181269863120313,0.03921642164873557,Decay 0.95,5
600,0.03681019536435709,0.03281968676087693,-0.0039905086034801585,0.03921642164871292,Decay 0.95,5
610,0.035461958492716106,0.03158733612353165,-0.003874622369184455,0.03921642164869932,Decay 0.95,5
620,0.03697057927563241,0.033323175603206634,-0.0036474036724257752,0.03921642164869138,Decay 0.95,5
630,0.041538009658919406,0.038546059834523916,-0.00299194982439549,0.039216421648686495,Decay 0.95,5
640,0.043453766720486176,0.04018612255681103,-0.003267644163675143,0.03921642164868372,Decay 0.95,5
650,0.04578431453940218,0.04331602572864779,-0.002468288810754393,0.039216421648682,Decay 0.95,5
660,0.04242165584457386,0.03949460806223454,-0.0029270477823393204,0.039216421648680944,Decay 0.95,5
670,0.042474078708506724,0.03954330379858684,-0.0029307749099198865,0.03921642164868039,Decay 0.95,5
680,0.04134475968388335,0.03811167784397379,-0.0032330818399095573,0.039216421648680055,Decay 0.95,5
690,0.03717102811658857,0.033329592392636,-0.0038414357239525687,0.03921642164868,Decay 0.95,5
700,0.03423056849403511,0.03012970420464356,-0.004100864289391548,0.039216421648679944,Decay 0.95,5
710,0.04191689283922839,0.038587026836023275,-0.0033298660032051175,0.039216421648679944,Decay 0.95,5
720,0.035329260635098225,0.03086839404822389,-0.004460866586874335,0.039216421648679944,Decay 0.95,5
730,0.03539796807271095,0.03099681685768413,-0.004401151215026822,0.039216421648679944,Decay 0.95,5
740,0.04022568142673377,0.03700112547131834,-0.0032245559554154313,0.039216421648679944,Decay 0.95,5
750,0.03934815366261668,0.035561602334200304,-0.0037865513284163765,0.039216421648679944,Decay 0.95,5
760,0.03738396892814111,0.03360247162738861,-0.003781497300752501,0.039216421648679944,Decay 0.95,5
770,0.03793233486398445,0.034209600251315364,-0.0037227346126690875,0.039216421648679944,Decay 0.95,5
780,0.04402502410311704,0.04132995216526669,-0.0026950719378503463,0.039216421648679944,Decay 0.95,5
790,0.03922626281826758,0.03529963372766587,-0.003926629090601708,0.039216421648679944,Decay 0.95,5
800,0.0406070424937528,0.03690831315407073,-0.003698729339682072,0.039216421648679944,Decay 0.95,5
1,9.636338018678613,9.632410516015604,-0.003927502663009008,8.946031573933036,Decay 0.95,6
10,2.102754603318164,2.0846878930619397,-0.018066710256224194,1.8763483964073424,Decay 0.95,6
20,0.6817673065283447,0.6668474204032762,-0.01491988612506856,0.5958993977058266,Decay 0.95,6
30,0.2942604361706595,0.2822972774495637,-0.011963158721095823,0.260051379080668,Decay 0.95,6
40,0.16205345804052573,0.1493721849582016,-0.01268127308232414,0.13867547393192492,Decay 0.95,6
50,0.09718332794714696,0.08370220986982146,-0.013481118077325493,0.08456310883114782,Decay 0.95,6
60,0.07164349667107223,0.06098276608036146,-0.010660730590710765,0.05743078697734627,Decay 0.95,6
70,0.046820763500792506,0.037686543954880025,-0.00913421954591248,0.04168274583646081,Decay 0.95,6
80,0.05602311200030746,0.049431073058791686,-0.0065920389415157765,0.033133965116136754,Decay 0.95,6
90,0.052900998961525836,0.04634237306851663,-0.006558625893009207,0.02800658409943224,Decay 0.95,6
100,0.047329143279747465,0.04111868290776738,-0.006210460371980087,0.02504017573130729,Decay 0.95,6
110,0.04660216486053026,0.04014392404293515,-0.006458240817595107,0.023189693244481113,Decay 0.95,6
120,0.04479997369864541,0.036346658643786056,-0.008453315054859356,0.022116058593235288,Decay 0.95,6
130,0.05472567642544551,0.04858660422565653,-0.006139072199788986,0.021475779522828586,Decay 0.95,6
140,0.05035564898458311,0.040190495732071896,-0.010165153252511216,0.021108235628536254,Decay 0.95,6
150,0.04584348981828601,0.03471015208300432,-0.01113333773528169,0.020897858924100676,Decay 0.95,6
160,0.059472013092380815,0.05084791169113423,-0.008624101401246587,0.020767144482098487,Decay 0.95,6
170,0.05991475808951274,0.0508318247713857,-0.00908293331812704,0.02068547322277725,Decay 0.95,6
180,0.05129782427966967,0.04430777573585931,-0.0069900485438103566,0.020636184056751217,Decay 0.95,6
190,0.05255676800926218,0.04223070232166759,-0.010326065687594588,0.02060740195376537,Decay 0.95,6
200,0.04630709672068595,0.03308835023396006,-0.013218746486725885,0.020590900968356918,Decay 0.95,6
210,0.037599622046669556,0.02567036429482028,-0.011929257751849276,0.020580911556010384,Decay 0.95,6
220,0.036183251163607155,0.025734772733701672,-0.010448478429905483,0.020574917199844167,Decay 0.95,6
230,0.03600238663226735,0.026390026739134265,-0.009612359893133082,0.020571221450465194,Decay 0.95,6
240,0.05151489129109943,0.04581261692156591,-0.005702274369533522,0.020569071263084937,Decay 0.95,6
250,0.04923621573503073,0.038659789743274886,-0.010576425991755845,0.020567733843870895,Decay 0.95,6
260,0.044266135905429604,0.03223510928432344,-0.012031026621106167,0.02056695024253702,Decay 0.95,6
270,0.052824822109880265,0.040483367131544434,-0.01234145497833583,0.020566458377959007,Decay 0.95,6
280,0.04950115902893826,0.037991017055445386,-0.011510141973492871,0.02056617778519587,Decay 0.95,6
290,0.03569977070326147,0.021647061516442245,-0.014052709186819223,0.02056600793712421,Decay 0.95,6
300,0.03958557294606713,0.02408626155870347,-0.015499311387363657,0.020565910570330748,Decay 0.95,6
310,0.04112840265005996,0.029012331451970685,-0.012116071198089273,0.020565851616735464,Decay 0.95,6
320,0.019224144637968732,0.006948701038373639,-0.012275443599595093,0.020565815390901188,Decay 0.95,6
330,0.03536351871831128,0.025886212888987736,-0.009477305829323546,0.020565793709332036,Decay 0.95,6
340,0.02910617863997339,0.015242536201377499,-0.013863642438595891,0.020565781161854868,Decay 0.95,6
350,0.025268977853584118,0.013202316414128723,-0.012066661439455395,0.020565773306852442,Decay 0.95,6
360,0.03566747654311847,0.0229654594484342,-0.01270201709468427,0.020565768767975334,Decay 0.95,6
370,0.020331829172070992,0.007475485832683981,-0.01285634333938701,0.020565765928842683,Decay 0.95,6
380,0.01494337131648904,0.00020946925575593411,-0.014733902060733106,0.020565764359483096,Decay 0.95,6
390,0.03494320745789886,0.023343446539600743,-0.011599760918298119,0.020565763410063498,Decay 0.95,6
400,0.040985289870190345,0.031319543668394345,-0.009665746201796,0.020565762802871923,Decay 0.95,6
410,0.03436742799695003,0.023949535581769765,-0.010417892415180263,0.0205657624512936,Decay 0.95,6
420,0.020567993884828606,0.010332855278733621,-0.010235138606094984,0.020565762237215235,Decay 0.95,6
430,0.030632552227038534,0.018530957790322322,-0.012101594436716212,0.020565762110240082,Decay 0.95,6
440,0.0045128439570654155,-0.007474374980060872,-0.011987218937126287,0.02056576203199756,Decay 0.95,6
450,0.03378817384207872,0.023481082668600606,-0.010307091173478111,0.020565761985682718,Decay 0.95,6
460,0.03323522237373111,0.022773427847088468,-0.010461794526642643,0.020565761958996454,Decay 0.95,6
470,0.04097310788125769,0.031233821244193438,-0.009739286637064248,0.020565761943063365,Decay 0.95,6
480,0.040014605097323575,0.03147778784816457,-0.008536817249159001,0.020565761933372118,Decay 0.95,6
490,0.021850981296701377,0.012375841078355876,-0.009475140218345501,0.02056576192729953,Decay 0.95,6
500,0.01977969482065145,0.009460359357749581,-0.010319335462901869,0.020565761923871273,Decay 0.95,6
510,0.02280577927450078,0.012076946799441268,-0.010728832475059513,0.02056576192180426,Decay 0.95,6
520,0.03979386576786775,0.029673884789908178,-0.010119980977959575,0.020565761920560366,Decay 0.95,6
530,0.02488930404399553,0.015532971479097935,-0.009356332564897596,0.020565761919805303,Decay 0.95,6
540,0.028603768084442927,0.019137557022916585,-0.009466211061526342,0.02056576191934384,Decay 0.95,6
550,0.03373209245990527,0.025968854490539317,-0.007763237969365955,0.02056576191906545,Decay 0.95,6
560,0.037311256240920465,0.029789723544690727,-0.007521532696229738,0.020565761918904746,Decay 0.95,6
570,0.03458148411770201,0.02316831578891604,-0.011413168328785972,0.020565761918805825,Decay 0.95,6
580,0.03533804317339462,0.026944847198645816,-0.008393195974748802,0.020565761918746817,Decay 0.95,6
590,0.03916641924143405,0.030301825085030043,-0.008864594156404004,0.020565761918712844,Decay 0.95,6
600,0.058940433564789396,0.05217827595423524,-0.006762157610554154,0.020565761918692138,Decay 0.95,6
610,0.056312929851548565,0.04950458939020996,-0.006808340461338602,0.020565761918680314,Decay 0.95,6
620,0.04515952149199476,0.03993773587713223,-0.005221785614862529,0.020565761918673042,Decay 0.95,6
630,0.032892137302188706,0.027255178957385384,-0.005636958344803322,0.020565761918668546,Decay 0.95,6
640,0.041124848716408646,0.03484820115180021,-0.00627664756460844,0.020565761918665826,Decay 0.95,6
650,0.05061441172627995,0.04163326036419984,-0.008981151362080109,0.02056576191866405,Decay 0.95,6
660,0.04831728762621684,0.041809832834224125,-0.006507454791992717,0.020565761918663106,Decay 0.95,6
670,0.0410786027336536,0.032653815937707276,-0.008424786795946326,0.020565761918662606,Decay 0.95,6
680,0.03932979568062661,0.03111193874417978,-0.008217856936446832,0.020565761918662218,Decay 0.95,6
690,0.035980439627421035,0.02746994662548674,-0.008510493001934294,0.020565761918662218,Decay 0.95,6
700,0.02643636221809531,0.015149281166841222,-0.011287081051254089,0.020565761918662218,Decay 0.95,6
710,0.030336688640672294,0.01607942765750603,-0.014257260983166264,0.020565761918662218,Decay 0.95,6
720,0.032307032610334074,0.020758859195910473,-0.011548173414423601,0.020565761918662218,Decay 0.95,6
730,0.03976354942795485,0.028639731336357055,-0.011123818091597792,0.020565761918662218,Decay 0.95,6
740,0.04153925062066277,0.03438978189156938,-0.007149468729093389,0.020565761918662218,Decay 0.95,6
750,0.033466354605789894,0.024501541395420823,-0.008964813210369071,0.020565761918662218,Decay 0.95,6
760,0.01550002918192428,0.005331575764844332,-0.010168453417079948,0.020565761918662218,Decay 0.95,6
770,0.0185258431207293,0.007835257621412572,-0.01069058549931673,0.020565761918662218,Decay 0.95,6
780,0.00704352126775476,-0.005966670946967234,-0.013010192214721994,0.020565761918662218,Decay 0.95,6
790,0.007308468776000776,-0.0008247370858217584,-0.008133205861822534,0.020565761918662218,Decay 0.95,6
800,0.017934239033635002,0.010011272561336049,-0.007922966472298953,0.020565761918662218,Decay 0.95,6
1,10.376474780498178,10.377246347750182,0.0007715672520038908,10.422440417184138,Decay 0.95,7
10,2.3086349412784504,2.3149227485480472,0.006287807269596879,2.3090699623005295,Decay 0.95,7
20,0.7676638104631707,0.7734889070177631,0.005825096554592402,0.7669429023739868,Decay 0.95,7
30,0.3557101724774734,0.36071802691240773,0.005007854434934345,0.36080555147892684,Decay 0.95,7
40,0.19808919936965158,0.2029703114458391,0.0048811120761875215,0.20864597408602215,Decay 0.95,7
50,0.12440496315610064,0.1299536501062197,0.005548686950119064,0.14060858535529297,Decay 0.95,7
60,0.09420276367789288,0.10004578366475358,0.005843019986860709,0.10655436976733648,Decay 0.95,7
70,0.07065076568904757,0.0764219700478943,0.005771204358846732,0.08822910437906761,Decay 0.95,7
80,0.06441116012716508,0.0696176305012462,0.005206470374081118,0.0778995271740976,Decay 0.95,7
90,0.06742815442690478,0.07004124844528337,0.0026130940183785867,0.07190364488710374,Decay 0.95,7
100,0.057979552362721454,0.05857212399334455,0.0005925716306230955,0.0683931371246298,Decay 0.95,7
110,0.044203285163218864,0.04572639218251037,0.0015231070192915086,0.06633651106923916,Decay 0.95,7
120,0.043957391323852735,0.04682366366965013,0.0028662723457973938,0.06511476934439267,Decay 0.95,7
130,0.0613058644030654,0.06394093222454422,0.0026350678214788203,0.06438212460319759,Decay 0.95,7
140,0.060350516174264957,0.06212431411173536,0.0017737979374704005,0.0639442056495308,Decay 0.95,7
150,0.058721184618938216,0.060625822346859454,0.0019046377279212379,0.06368510452361881,Decay 0.95,7
160,0.05796429056059743,0.05811529194570003,0.00015100138510260042,0.06352883282320626,Decay 0.95,7
170,0.06336141673090392,0.06464471506813535,0.0012832983372314255,0.06343542544590877,Decay 0.95,7
180,0.04947316085146011,0.05177689712984007,0.0023037362783799586,0.06337924745948464,Decay 0.95,7
190,0.05787917526948963,0.06204420736207325,0.00416503209258362,0.06334544985644344,Decay 0.95,7
200,0.05621255606969883,0.058449107365161124,0.002236551295462297,0.06332511300693877,Decay 0.95,7
210,0.04517598095830333,0.04602839602919093,0.0008524150708875966,0.06331282878388866,Decay 0.95,7
220,0.04383865650450891,0.04639316879789951,0.0025545122933905984,0.06330544666908097,Decay 0.95,7
230,0.030271811292558404,0.031938787423002324,0.0016669761304439201,0.06330102662124368,Decay 0.95,7
240,0.05090630620736425,0.05203598298478762,0.0011296767774233718,0.06329839760871075,Decay 0.95,7
250,0.05987463882590069,0.05947558732259717,-0.00039905150330352135,0.06329683751120188,Decay 0.95,7
260,0.04401634485541556,0.04436923712143137,0.000352892266015814,0.06329591145760652,Decay 0.95,7
270,0.050363183301201236,0.05233919121402347,0.0019760079128222363,0.06329535374931872,Decay 0.95,7
280,0.05938108819634402,0.06089302915634323,0.0015119409599992084,0.06329502241734997,Decay 0.95,7
290,0.055076121280036305,0.05717841120648101,0.002102289926444706,0.0632948248379957,Decay 0.95,7
300,0.05086092122423358,0.05464561888439509,0.0037846976601615123,0.06329470596245157,Decay 0.95,7
310,0.04760587380822043,0.04968075221202192,0.0020748784038014945,0.06329463392833548,Decay 0.95,7
320,0.052992748938829964,0.05691543264777191,0.003922683708941943,0.06329459067655085,Decay 0.95,7
330,0.05260199740333643,0.05481013475654134,0.0022081373532049087,0.06329456480374904,Decay 0.95,7
340,0.06124401400365487,0.06231162701665227,0.0010676130129974037,0.0632945492520991,Decay 0.95,7
350,0.06086882575287589,0.06127467118902874,0.00040584543615285185,0.06329453986388689,Decay 0.95,7
360,0.05803606814470469,0.06133923111516654,0.003303162970461848,0.06329453428868781,Decay 0.95,7
370,0.04954179136216405,0.05511135495772426,0.005569563595560212,0.0632945309546794,Decay 0.95,7
380,0.05107964825049002,0.056522660793866475,0.005443012543376452,0.06329452896943011,Decay 0.95,7
390,0.055080491953494376,0.0578691435772315,0.0027886516237371206,0.06329452779032399,Decay 0.95,7
400,0.06257882318785937,0.06381826274928021,0.0012394395614208353,0.06329452708866953,Decay 0.95,7
410,0.06345381761845215,0.0664782956235096,0.0030244780050574516,0.06329452666688631,Decay 0.95,7
420,0.0632748881690659,0.06819337149927918,0.004918483330213275,0.0632945264136286,Decay 0.95,7
430,0.0713943588701286,0.07483872865687186,0.0034443697867432566,0.06329452626178791,Decay 0.95,7
440,0.058856777345932254,0.06036784106216983,0.0015110637162375762,0.06329452617112075,Decay 0.95,7
450,0.06330192699589773,0.06317499977612195,-0.0001269272197757798,0.06329452611666694,Decay 0.95,7
460,0.056272679138267334,0.05619746489349037,-7.521424477696659e-05,0.0632945260843994,Decay 0.95,7
470,0.05969549255453527,0.060764646675554757,0.0010691541210194888,0.06329452606510153,Decay 0.95,7
480,0.050441595743678624,0.052112147759457605,0.001670552015778981,0.06329452605354022,Decay 0.95,7
490,0.05070364441986014,0.05413486147096572,0.0034312170511055784,0.06329452604657554,Decay 0.95,7
500,0.0536214125985906,0.060747424120605076,0.007126011522014475,0.06329452604237581,Decay 0.95,7
510,0.05575184487211318,0.06078528231042943,0.005033437438316246,0.06329452603982355,Decay 0.95,7
520,0.058167985227138175,0.06285392574146093,0.004685940514322751,0.06329452603830771,Decay 0.95,7
530,0.062271986289580555,0.06712753735873767,0.00485555106915711,0.06329452603741303,Decay 0.95,7
540,0.06660090527255108,0.07066647839673068,0.0040655731241796,0.06329452603687769,Decay 0.95,7
550,0.057441120500300535,0.06166014012932958,0.004219019629029042,0.06329452603655689,Decay 0.95,7
560,0.06570575232174419,0.07037445673158918,0.004668704409844987,0.06329452603636626,Decay 0.95,7
570,0.07387211446902228,0.07828365619281391,0.004411541723791629,0.0632945260362523,Decay 0.95,7
580,0.08283191415270993,0.08482506386999722,0.0019931497172872847,0.06329452603618402,Decay 0.95,7
590,0.07747241519150272,0.08039422640600208,0.002921811214499359,0.0632945260361433,Decay 0.95,7
600,0.07746456878066565,0.08059404751778942,0.0031294787371237698,0.06329452603611899,Decay 0.95,7
610,0.08017267629309702,0.0814763545869876,0.001303678293890581,0.06329452603610444,Decay 0.95,7
620,0.07858473974631408,0.08061116336345261,0.002026423617138534,0.06329452603609559,Decay 0.95,7
630,0.06533024893329331,0.06579455620261546,0.00046430726932214506,0.06329452603609029,Decay 0.95,7
640,0.06560190652253745,0.06620741901292732,0.0006055124903898701,0.06329452603608715,Decay 0.95,7
650,0.07359881738182525,0.07752444883424953,0.0039256314524242775,0.06329452603608521,Decay 0.95,7
660,0.0617306823072567,0.06455128555948583,0.0028206032522291313,0.0632945260360841,Decay 0.95,7
670,0.0677634624903761,0.07077841658577597,0.003014954095399869,0.0632945260360834,Decay 0.95,7
680,0.05183143042706495,0.05172447161545429,-0.0001069588116106579,0.06329452603608302,Decay 0.95,7
690,0.054605131503259935,0.0545936660499689,-1.146545329103188e-05,0.0632945260360829,Decay 0.95,7
700,0.06801632821767162,0.06846452733944824,0.0004481991217766268,0.06329452603608274,Decay 0.95,7
710,0.05264438699325291,0.0524659015294876,-0.00017848546376530994,0.06329452603608271,Decay 0.95,7
720,0.0631408934194625,0.0664795774583345,0.0033386840388719974,0.06329452603608271,Decay 0.95,7
730,0.059320666570178454,0.06077900012131185,0.001458333551133395,0.06329452603608271,Decay 0.95,7
740,0.058524902565281145,0.06076274933682041,0.0022378467715392647,0.06329452603608271,Decay 0.95,7
750,0.04757214033696655,0.049286748035910155,0.0017146076989436043,0.06329452603608271,Decay 0.95,7
760,0.0548826662498223,0.05734062310117791,0.0024579568513556083,0.06329452603608271,Decay 0.95,7
770,0.0682281743825805,0.07038554878315448,0.0021573744005739803,0.06329452603608271,Decay 0.95,7
780,0.0668112665841668,0.06967871315764718,0.00286744657348037,0.06329452603608271,Decay 0.95,7
790,0.07406322156562273,0.0782514071464071,0.004188185580784376,0.06329452603608271,Decay 0.95,7
800,0.06970091734613293,0.07259779532624872,0.0028968779801157862,0.06329452603608271,Decay 0.95,7
1,9.353802766481982,9.353603391499806,-0.00019937498217537097,9.295474975278585,Decay 0.85,0
10,3.728469072575913,3.729773176629172,0.001304104053259092,3.7128938325638585,Decay 0.85,0
20,2.995964246065962,2.9965106563154897,0.000546410249527618,2.9771800649565816,Decay 0.85,0
30,2.859664022073102,2.8617057778890107,0.002041755815908708,2.8504523571031575,Decay 0.85,0
40,2.8167684949527407,2.8212705989084164,0.004502103955675629,2.82614782383705,Decay 0.85,0
50,2.817708257392107,2.8209518155328253,0.0032435581407184166,2.82138442091518,Decay 0.85,0
60,2.8209715226976027,2.8237706484847576,0.0027991257871549102,2.8204473641097088,Decay 0.85,0
70,2.830366434220433,2.831394525403942,0.0010280911835089945,2.8202629133491977,Decay 0.85,0
80,2.8178294475878314,2.8206945370185634,0.0028650894307320485,2.820226638918671,Decay 0.85,0
90,2.8168718463230897,2.81958952981909,0.0027176834960003227,2.820219495638498,Decay 0.85,0
100,2.816107109749883,2.8187925416313235,0.0026854318814404365,2.8202180882078998,Decay 0.85,0
110,2.812866874988716,2.815868553122292,0.0030016781335762133,2.8202178109976357,Decay 0.85,0
120,2.806785766036598,2.8111679285028974,0.004382162466299633,2.8202177564107074,Decay 0.85,0
130,2.8168587851432365,2.819704683975435,0.0028458988321986567,2.820217745665618,Decay 0.85,0
140,2.8129908650097493,2.816548457019903,0.0035575920101535985,2.8202177435515283,Decay 0.85,0
150,2.807610183938212,2.8117837677059434,0.004173583767731248,2.8202177431356787,Decay 0.85,0
160,2.8156618744823882,2.8189842855467417,0.003322411064353492,2.8202177430537727,Decay 0.85,0
170,2.814903047785015,2.8184033749348365,0.003500327149821292,2.8202177430376407,Decay 0.85,0
180,2.810512248904095,2.814707978599602,0.0041957296955073,2.820217743034463,Decay 0.85,0
190,2.812984775813046,2.816514381115541,0.0035296053024951313,2.8202177430338375,Decay 0.85,0
200,2.819916831205087,2.8232497675225035,0.0033329363174163795,2.820217743033715,Decay 0.85,0
210,2.825527869086071,2.8278567008176907,0.002328831731619907,2.820217743033691,Decay 0.85,0
220,2.8188390300824446,2.821839258702274,0.0030002286198294037,2.820217743033687,Decay 0.85,0
230,2.823441116449552,2.825764129396667,0.0023230129471150107,2.8202177430336874,Decay 0.85,0
240,2.8107551145386074,2.815269411599341,0.004514297060733696,2.8202177430336874,Decay 0.85,0
250,2.8087117086985303,2.8138461782223634,0.005134469523833118,2.8202177430336874,Decay 0.85,0
260,2.80986823254214,2.8145212181165595,0.00465298557441951,2.8202177430336874,Decay 0.85,0
270,2.817728311462891,2.8210483991010475,0.0033200876381567213,2.8202177430336874,Decay 0.85,0
280,2.8119117876928197,2.816251307275147,0.004339519582327256,2.8202177430336874,Decay 0.85,0
290,2.811554675821198,2.8158472895482087,0.004292613727010952,2.8202177430336874,Decay 0.85,0
300,2.819861711896209,2.8233261339806885,0.0034644220844795015,2.8202177430336874,Decay 0.85,0
310,2.8112524087327886,2.815194935974196,0.003942527241407312,2.8202177430336874,Decay 0.85,0
320,2.8099244387590305,2.81421529953999,0.004290860780959527,2.8202177430336874,Decay 0.85,0
330,2.814312552118614,2.8172998529997355,0.002987300881121424,2.8202177430336874,Decay 0.85,0
340,2.829260958798296,2.8304226974141056,0.0011617386158095933,2.8202177430336874,Decay 0.85,0
350,2.83110422766779,2.8320463403561913,0.0009421126884014974,2.8202177430336874,Decay 0.85,0
360,2.8296551762385307,2.830599253425641,0.0009440771871100928,2.8202177430336874,Decay 0.85,0
370,2.819590418474803,2.8216854564417773,0.002095037966974189,2.8202177430336874,Decay 0.85,0
380,2.820686033454494,2.822373445889533,0.001687412435039004,2.8202177430336874,Decay 0.85,0
390,2.8223413029523297,2.82406961551978,0.0017283125674505406,2.8202177430336874,Decay 0.85,0
400,2.8147235735018667,2.8171958664439076,0.002472292942040877,2.8202177430336874,Decay 0.85,0
410,2.816638967116026,2.819200447518388,0.0025614804023619264,2.8202177430336874,Decay 0.85,0
420,2.8277340026417592,2.8289022301289806,0.0011682274872213405,2.8202177430336874,Decay 0.85,0
430,2.81906259758341,2.821812826845987,0.002750229262577175,2.8202177430336874,Decay 0.85,0
440,2.8168663647292362,2.8203493709648972,0.0034830062356610014,2.8202177430336874,Decay 0.85,0
450,2.8199004303075137,2.8227164325799006,0.002816002272386875,2.8202177430336874,Decay 0.85,0
460,2.8192707717891525,2.8217335748273964,0.002462803038243866,2.8202177430336874,Decay 0.85,0
470,2.8113762111085316,2.8154098696905514,0.004033658582019761,2.8202177430336874,Decay 0.85,0
480,2.826064232936134,2.827893238922519,0.0018290059863850239,2.8202177430336874,Decay 0.85,0
490,2.81077767682485,2.815234889553576,0.004457212728726123,2.8202177430336874,Decay 0.85,0
500,2.8058951413677855,2.811249833160965,0.005354691793179711,2.8202177430336874,Decay 0.85,0
510,2.80682592129375,2.8121071433841323,0.005281222090382176,2.8202177430336874,Decay 0.85,0
520,2.8015838602909073,2.8082930857652717,0.0067092254743643664,2.8202177430336874,Decay 0.85,0
530,2.80189975397111,2.8084848969300937,0.006585142958983603,2.8202177430336874,Decay 0.85,0
540,2.811433995177024,2.816021206859393,0.0045872116823688636,2.8202177430336874,Decay 0.85,0
550,2.818006994016965,2.8210393466717383,0.003032352654773085,2.8202177430336874,Decay 0.85,0
560,2.815771323658451,2.818903229460538,0.0031319058020868873,2.8202177430336874,Decay 0.85,0
570,2.8128445535397786,2.816475871239249,0.0036313176994702268,2.8202177430336874,Decay 0.85,0
580,2.8213091812280915,2.822909242338203,0.0016000611101114615,2.8202177430336874,Decay 0.85,0
590,2.82058736660028,2.8224376628665815,0.0018502962663013989,2.8202177430336874,Decay 0.85,0
600,2.8225562148076095,2.8240825702720063,0.0015263554643967225,2.8202177430336874,Decay 0.85,0
610,2.829766020870787,2.8300177274171885,0.0002517065464013868,2.8202177430336874,Decay 0.85,0
620,2.829364711409028,2.830303996805407,0.0009392853963787751,2.8202177430336874,Decay 0.85,0
630,2.8335326628678317,2.8339652674199862,0.0004326045521545474,2.8202177430336874,Decay 0.85,0
640,2.824151448876632,2.8251639643806192,0.001012515503987288,2.8202177430336874,Decay 0.85,0
650,2.8195738903160494,2.8213495379277007,0.0017756476116512765,2.8202177430336874,Decay 0.85,0
660,2.826558621588656,2.8273439140849312,0.0007852924962752361,2.8202177430336874,Decay 0.85,0
670,2.8261492195505435,2.827231974649388,0.00108275509884459,2.8202177430336874,Decay 0.85,0
680,2.8296604728064083,2.8296970134372894,3.6540630881098934e-05,2.8202177430336874,Decay 0.85,0
690,2.8205234055070836,2.822087892159306,0.0015644866522226408,2.8202177430336874,Decay 0.85,0
700,2.830503079480329,2.83080752683284,0.00030444735251089483,2.8202177430336874,Decay 0.85,0
710,2.8198367577653487,2.821576599787472,0.0017398420221232946,2.8202177430336874,Decay 0.85,0
720,2.829185007794171,2.829498047256481,0.00031303946231009405,2.8202177430336874,Decay 0.85,0
730,2.818958140331886,2.8218939590774754,0.002935818745589458,2.8202177430336874,Decay 0.85,0
740,2.8286999456879323,2.8303199861657387,0.0016200404778063948,2.8202177430336874,Decay 0.85,0
750,2.821923319274798,2.8245768062776304,0.0026534870028323,2.8202177430336874,Decay 0.85,0
760,2.8200643459565846,2.8230533408446794,0.002988994888094787,2.8202177430336874,Decay 0.85,0
770,2.8310067829898293,2.832008303581483,0.001001520591653815,2.8202177430336874,Decay 0.85,0
780,2.8402907427249993,2.839767855301119,-0.0005228874238802916,2.8202177430336874,Decay 0.85,0
790,2.8349048329862607,2.835216557415973,0.00031172442971216796,2.8202177430336874,Decay 0.85,0
800,2.8304754640747367,2.831086075700462,0.000610611625725177,2.8202177430336874,Decay 0.85,0
1,10.882744749033321,10.883762427505992,0.0010176784726709798,10.61089285422642,Decay 0.85,1
10,4.3693681015084636,4.371712805801459,0.002344704292995381,4.233859243114942,Decay 0.85,1
20,3.479501728811825,3.4861722934648762,0.006670564653051159,3.399125935206888,Decay 0.85,1
30,3.324882332701822,3.3325792847448588,0.0076969520430365534,3.2560802762770344,Decay 0.85,1
40,3.2641140383342604,3.2757350341985116,0.011620995864251249,3.2287747535725004,Decay 0.85,1
50,3.236392665751005,3.250523630062219,0.01413096431121419,3.2234650026197365,Decay 0.85,1
60,3.239057171337064,3.2525695571969653,0.013512385859901332,3.2224297840374025,Decay 0.85,1
70,3.2725220926752545,3.2821825877396194,0.009660495064364838,3.2222275469535835,Decay 0.85,1
80,3.2808829872666454,3.2895046808828328,0.008621693616187365,3.2221869803908803,Decay 0.85,1
90,3.2398193216056903,3.253230905286935,0.013411583681244732,3.2221790287034775,Decay 0.85,1
100,3.217605179113766,3.2338983227130096,0.01629314359924372,3.222177454759439,Decay 0.85,1
110,3.1703554624560075,3.192065511751451,0.0217100492954434,3.2221771518645275,Decay 0.85,1
120,3.1897248723112885,3.2093544812565855,0.019629608945296972,3.2221770925787485,Decay 0.85,1
130,3.234283268562477,3.248576217727832,0.014292949165354951,3.22217708054885,Decay 0.85,1
140,3.2376792231413773,3.2515129751823997,0.01383375204102233,3.2221770781789223,Decay 0.85,1
150,3.2427064861372035,3.2559790439216147,0.013272557784411276,3.222177077714513,Decay 0.85,1
160,3.2217771747552044,3.2376179194468073,0.015840744691602904,3.2221770776233014,Decay 0.85,1
170,3.2230481120323913,3.2389033779466674,0.015855265914276107,3.222177077605386,Decay 0.85,1
180,3.210309087481146,3.2275333591908586,0.017224271709712635,3.2221770776018537,Decay 0.85,1
190,3.1898457420404687,3.209611442148044,0.0197657001075755,3.2221770776011636,Decay 0.85,1
200,3.1934380881531403,3.2128770444904853,0.019438956337344937,3.2221770776010263,Decay 0.85,1
210,3.2130752481908265,3.2300619203585987,0.016986672167772277,3.2221770776009993,Decay 0.85,1
220,3.216069163772764,3.2326688495639004,0.016599685791136576,3.2221770776009957,Decay 0.85,1
230,3.250142364509757,3.2626523862793673,0.012510021769610358,3.2221770776009957,Decay 0.85,1
240,3.275793414129825,3.2850683172483905,0.009274903118565714,3.2221770776009957,Decay 0.85,1
250,3.248383958194249,3.2610603532850373,0.01267639509078844,3.2221770776009957,Decay 0.85,1
260,3.263047666918123,3.2742018629850853,0.011154196066962108,3.2221770776009957,Decay 0.85,1
270,3.2598971389432947,3.271395648632306,0.011498509689011449,3.2221770776009957,Decay 0.85,1
280,3.244805622004721,3.257948865360872,0.013143243356151135,3.2221770776009957,Decay 0.85,1
290,3.240691085067403,3.2542402047244705,0.013549119657067621,3.2221770776009957,Decay 0.85,1
300,3.2287816121626967,3.2437190932574183,0.014937481094721594,3.2221770776009957,Decay 0.85,1
310,3.2428880061278345,3.2561967571785,0.013308751050665535,3.2221770776009957,Decay 0.85,1
320,3.2916004799490235,3.299335030440178,0.007734550491154568,3.2221770776009957,Decay 0.85,1
330,3.2838025672593454,3.2922366378809698,0.008434070621624379,3.2221770776009957,Decay 0.85,1
340,3.2318412141672566,3.2463004896008845,0.014459275433627905,3.2221770776009957,Decay 0.85,1
350,3.2330037931448903,3.2474482326116836,0.014444439466793302,3.2221770776009957,Decay 0.85,1
360,3.212466446337362,3.2292540428751,0.016787596537738203,3.2221770776009957,Decay 0.85,1
370,3.2176958482195634,3.233880943111208,0.016185094891644436,3.2221770776009957,Decay 0.85,1
380,3.206962110783728,3.2243085174429145,0.01734640665918663,3.2221770776009957,Decay 0.85,1
390,3.2260231553050653,3.2412483448019542,0.015225189496888891,3.2221770776009957,Decay 0.85,1
400,3.2411710233987927,3.2546493648811508,0.013478341482358047,3.2221770776009957,Decay 0.85,1
410,3.2270701681825114,3.242125823616095,0.01505565543358367,3.2221770776009957,Decay 0.85,1
420,3.2159233636305236,3.232323321325057,0.016399957694533285,3.2221770776009957,Decay 0.85,1
430,3.2265733770434877,3.2417392561701948,0.015165879126707082,3.2221770776009957,Decay 0.85,1
440,3.23107194984579,3.2457248775263743,0.014652927680584238,3.2221770776009957,Decay 0.85,1
450,3.204790126056152,3.2226097474644373,0.01781962140828508,3.2221770776009957,Decay 0.85,1
460,3.1920581205835057,3.2115743248767488,0.019516204293243078,3.2221770776009957,Decay 0.85,1
470,3.201227572182355,3.2195731787604047,0.018345606578049622,3.2221770776009957,Decay 0.85,1
480,3.186709035185711,3.206664238019398,0.019955202833687125,3.2221770776009957,Decay 0.85,1
490,3.224548937101327,3.2401013503269036,0.015552413225576434,3.2221770776009957,Decay 0.85,1
500,3.1838557631686997,3.203955678283873,0.020099915115173506,3.2221770776009957,Decay 0.85,1
510,3.201902305144956,3.2198872061569515,0.017984901011995458,3.2221770776009957,Decay 0.85,1
520,3.190677473329652,3.2101093058595565,0.019431832529904547,3.2221770776009957,Decay 0.85,1
530,3.2441809132185195,3.257346019004254,0.013165105785734266,3.2221770776009957,Decay 0.85,1
540,3.2361616542074163,3.250143948800824,0.013982294593407829,3.2221770776009957,Decay 0.85,1
550,3.2175440743010313,3.233706501508518,0.01616242720748673,3.2221770776009957,Decay 0.85,1
560,3.2329987280043513,3.247246365239182,0.014247637234830801,3.2221770776009957,Decay 0.85,1
570,3.191695705221938,3.211093397927596,0.019397692705658276,3.2221770776009957,Decay 0.85,1
580,3.197694378286873,3.216390817299498,0.018696439012624744,3.2221770776009957,Decay 0.85,1
590,3.158044223480545,3.1814327006083047,0.02338847712775971,3.2221770776009957,Decay 0.85,1
600,3.198057113307031,3.216731524559466,0.018674411252435075,3.2221770776009957,Decay 0.85,1
610,3.195806891625836,3.214467197030451,0.018660305404615052,3.2221770776009957,Decay 0.85,1
620,3.18956181409345,3.209135868175677,0.01957405408222712,3.2221770776009957,Decay 0.85,1
630,3.1615334319279667,3.1844122107447586,0.0228787788167919,3.2221770776009957,Decay 0.85,1
640,3.171762493426043,3.193543873153615,0.021781379727572325,3.2221770776009957,Decay 0.85,1
650,3.1481693310848278,3.1726353646636754,0.02446603357884758,3.2221770776009957,Decay 0.85,1
660,3.1450422981658765,3.16968308683877,0.024640788672893432,3.2221770776009957,Decay 0.85,1
670,3.1734132929491077,3.1949199552739955,0.02150666232488785,3.2221770776009957,Decay 0.85,1
680,3.1664815539965043,3.1885756931274165,0.022094139130912183,3.2221770776009957,Decay 0.85,1
690,3.1782367332409556,3.199258681183371,0.02102194794241541,3.2221770776009957,Decay 0.85,1
700,3.2011982067333093,3.2196917302459083,0.01849352351259892,3.2221770776009957,Decay 0.85,1
710,3.20297620221602,3.2209953776610747,0.018019175445054714,3.2221770776009957,Decay 0.85,1
720,3.2459054381351975,3.259069043946691,0.01316360581149345,3.2221770776009957,Decay 0.85,1
730,3.2291691505225533,3.244061114874817,0.014891964352263809,3.2221770776009957,Decay 0.85,1
740,3.2023862384613895,3.2203629903731628,0.01797675191177328,3.2221770776009957,Decay 0.85,1
750,3.19331608136041,3.2123052027016277,0.018989121341217885,3.2221770776009957,Decay 0.85,1
760,3.1882860909223094,3.20783879776605,0.01955270684374044,3.2221770776009957,Decay 0.85,1
770,3.1915568952406654,3.2107564585484845,0.019199563307819023,3.2221770776009957,Decay 0.85,1
780,3.203085032151236,3.221150256393967,0.01806522424273105,3.2221770776009957,Decay 0.85,1
790,3.243964168762343,3.2570696564686963,0.013105487706353447,3.2221770776009957,Decay 0.85,1
800,3.2201037856585613,3.235791301728781,0.015687516070219676,3.2221770776009957,Decay 0.85,1
1,10.051275859994602,10.057749902577449,0.006474042582846451,10.217388119487843,Decay 0.85,2
10,4.038310422929433,4.044861010360453,0.006550587431020105,4.075883732792803,Decay 0.85,2
20,3.2352229060951894,3.2415389860295045,0.006316079934315155,3.255964478199771,Decay 0.85,2
30,3.088820606934016,3.0964315965925797,0.0076109896585636605,3.113788821538888,Decay 0.85,2
40,3.0223050164282252,3.0200316577201205,-0.0022733587081047446,3.086024488198942,Decay 0.85,2
50,3.0025936585191353,2.9982161006188557,-0.004377557900279605,3.0805722415059225,Decay 0.85,2
60,3.012999099498058,3.0111440021080056,-0.001855097390052407,3.079495800618196,Decay 0.85,2
70,3.033804632009944,3.036794738325844,0.0029901063159001318,3.0792865518262493,Decay 0.85,2
80,3.0526748231635032,3.061764441375641,0.009089618212137829,3.0792452752267883,Decay 0.85,2
90,3.0766157502236307,3.093313465174726,0.0166977149510954,3.0792371936739036,Decay 0.85,2
100,3.0665975796991454,3.084178880506381,0.01758130080723541,3.07923560976863,Decay 0.85,2
110,3.0938665152535254,3.1187871811785066,0.02492066592498121,3.0792352935765748,Decay 0.85,2
120,3.0668625695425185,3.0863132330643457,0.019450663521827227,3.079235231319327,Decay 0.85,2
130,3.036551288003143,3.0486020314368107,0.012050743433667854,3.079235218954457,Decay 0.85,2
140,3.055147731229088,3.0678028227688623,0.01265509153977451,3.0792352165177483,Decay 0.85,2
150,3.072438911406404,3.0913340834822436,0.01889517207583946,3.079235216038329,Decay 0.85,2
160,3.0857135559087157,3.1094763574771584,0.023762801568442793,3.079235215944025,Decay 0.85,2
170,3.079713508448825,3.100908788777681,0.02119528032885576,3.0792352159255256,Decay 0.85,2
180,3.047957373366301,3.0613290542816824,0.013371680915381656,3.0792352159218517,Decay 0.85,2
190,3.0637258520768103,3.0811210413154875,0.017395189238677222,3.079235215921135,Decay 0.85,2
200,3.0610953985526184,3.076421778555164,0.015326380002545825,3.0792352159209955,Decay 0.85,2
210,3.046978223548349,3.060514544020696,0.013536320472347096,3.079235215920968,Decay 0.85,2
220,3.064454451429246,3.079255505787205,0.014801054357958865,3.079235215920963,Decay 0.85,2
230,3.0468763390292137,3.0574104072183323,0.010534068189118617,3.079235215920963,Decay 0.85,2
240,3.0647885461322524,3.0791838268514358,0.01439528071918339,3.079235215920963,Decay 0.85,2
250,3.0262635899444823,3.0309786818380315,0.004715091893549239,3.079235215920963,Decay 0.85,2
260,3.0262332424461107,3.03249359477636,0.00626035233024913,3.079235215920963,Decay 0.85,2
270,3.0577016167142532,3.07019432843945,0.012492711725196948,3.079235215920963,Decay 0.85,2
280,3.0330529132439383,3.042462517987863,0.009409604743924493,3.079235215920963,Decay 0.85,2
290,3.0485279771742686,3.066137614534324,0.017609637360055608,3.079235215920963,Decay 0.85,2
300,3.037824298589259,3.0502104248652486,0.01238612627598945,3.079235215920963,Decay 0.85,2
310,3.0498250384767673,3.0672648209051614,0.017439782428394057,3.079235215920963,Decay 0.85,2
320,3.066123868682109,3.0897878489289043,0.02366398024679528,3.079235215920963,Decay 0.85,2
330,3.0441867262568434,3.05805604098178,0.013869314724936466,3.079235215920963,Decay 0.85,2
340,3.0190761528116523,3.025883239858244,0.006807087046591498,3.079235215920963,Decay 0.85,2
350,3.0253320562012784,3.0321738868738684,0.006841830672589921,3.079235215920963,Decay 0.85,2
360,3.032364728011812,3.0382541281109905,0.005889400099178488,3.079235215920963,Decay 0.85,2
370,3.040529737255606,3.0520397250627362,0.011509987807130084,3.079235215920963,Decay 0.85,2
380,3.0346880787014046,3.0438031834408865,0.00911510473948196,3.079235215920963,Decay 0.85,2
390,3.027610918926351,3.0332305624245444,0.005619643498193216,3.079235215920963,Decay 0.85,2
400,3.049799839432712,3.062479931597422,0.01268009216471011,3.079235215920963,Decay 0.85,2
410,3.0287886581313472,3.033384170831936,0.0045955127005887775,3.079235215920963,Decay 0.85,2
420,3.021528124232459,3.0231177671234906,0.001589642891031584,3.079235215920963,Decay 0.85,2
430,2.9927576684365302,2.9874733807090035,-0.00528428772752676,3.079235215920963,Decay 0.85,2
440,3.015883409839707,3.022037088517349,0.006153678677641938,3.079235215920963,Decay 0.85,2
450,3.042984753641585,3.0555995810796355,0.012614827438050646,3.079235215920963,Decay 0.85,2
460,3.032479441138453,3.0406880593815644,0.008208618243111587,3.079235215920963,Decay 0.85,2
470,3.0685426629270185,3.087703562503935,0.019160899576916357,3.079235215920963,Decay 0.85,2
480,3.081221113389703,3.1031321620276064,0.021911048637903274,3.079235215920963,Decay 0.85,2
490,3.0869785982115174,3.1121437365144784,0.025165138302960965,3.079235215920963,Decay 0.85,2
500,3.065785724522198,3.084386378232413,0.018600653710214576,3.079235215920963,Decay 0.85,2
510,3.063395375707537,3.081501217327724,0.018105841620187135,3.079235215920963,Decay 0.85,2
520,3.0971338697367865,3.1228185865087004,0.025684716771913862,3.079235215920963,Decay 0.85,2
530,3.1099521855737366,3.1384054730221753,0.02845328744843867,3.079235215920963,Decay 0.85,2
540,3.1099835917071674,3.140126171352583,0.03014257964541578,3.079235215920963,Decay 0.85,2
550,3.1008298868329867,3.129430021484012,0.0286001346510254,3.079235215920963,Decay 0.85,2
560,3.0891045882513213,3.115821715998873,0.02671712774755175,3.079235215920963,Decay 0.85,2
570,3.078931841465987,3.104881034693137,0.025949193227150058,3.079235215920963,Decay 0.85,2
580,3.0605507946938753,3.0826470884203316,0.022096293726456384,3.079235215920963,Decay 0.85,2
590,3.077290886432946,3.1044012755885357,0.027110389155589942,3.079235215920963,Decay 0.85,2
600,3.0567875495921237,3.0754638336155775,0.018676284023453782,3.079235215920963,Decay 0.85,2
610,3.0661741797188524,3.0888503755496526,0.02267619583080016,3.079235215920963,Decay 0.85,2
620,3.0542705237731114,3.0714004917627853,0.017129967989673922,3.079235215920963,Decay 0.85,2
630,3.0343342989770714,3.043288638996644,0.008954340019572626,3.079235215920963,Decay 0.85,2
640,3.049072425927174,3.058339984554485,0.00926755862731099,3.079235215920963,Decay 0.85,2
650,3.059457316173286,3.075535158308763,0.016077842135477027,3.079235215920963,Decay 0.85,2
660,3.056875321741829,3.0745481204463836,0.017672798704554626,3.079235215920963,Decay 0.85,2
670,3.0732527292658993,3.0936366106100652,0.02038388134416591,3.079235215920963,Decay 0.85,2
680,3.063203155872813,3.0809966809181537,0.017793525045340708,3.079235215920963,Decay 0.85,2
690,3.082352455920866,3.1053253705876727,0.02297291466680651,3.079235215920963,Decay 0.85,2
700,3.062572621815534,3.0812119450789095,0.018639323263375474,3.079235215920963,Decay 0.85,2
710,3.041364000081918,3.051689471460411,0.010325471378492601,3.079235215920963,Decay 0.85,2
720,3.057131715599858,3.0733604436170174,0.016228728017159355,3.079235215920963,Decay 0.85,2
730,3.0332216721904888,3.0429757211569757,0.009754048966486906,3.079235215920963,Decay 0.85,2
740,3.005404311936644,3.0067654698316826,0.001361157895038545,3.079235215920963,Decay 0.85,2
750,3.0172248552693777,3.021508889206125,0.004284033936747367,3.079235215920963,Decay 0.85,2
760,3.02900111310628,3.036851257939791,0.007850144833510875,3.079235215920963,Decay 0.85,2
770,3.0385630229791354,3.0517040629027745,0.01314103992363913,3.079235215920963,Decay 0.85,2
780,3.0481687548969183,3.059990713926265,0.011821959029346907,3.079235215920963,Decay 0.85,2
790,3.067668281269586,3.083678840122989,0.016010558853402745,3.079235215920963,Decay 0.85,2
800,3.066533609208609,3.0845372123270134,0.01800360311840432,3.079235215920963,Decay 0.85,2
1,10.447456245971678,10.451187161334035,0.0037309153623574787,10.848436681092013,Decay 0.85,3
10,4.2342835871448115,4.253835422409042,0.019551835264230988,4.3515941352599325,Decay 0.85,3
20,3.4075182859757445,3.429435231284087,0.021916945308342317,3.47956658566629,Decay 0.85,3
30,3.2717760299960013,3.2945844714080135,0.022808441412012215,3.329388363980188,Decay 0.85,3
40,3.2304935248927986,3.249734718119072,0.019241193226273268,3.300273973533234,Decay 0.85,3
50,3.2402379339606884,3.264930870617916,0.024692936657227715,3.2945029151891854,Decay 0.85,3
60,3.256078728504013,3.2854735462621383,0.029394817758125136,3.293373247229098,Decay 0.85,3
70,3.2826541903369972,3.3173972592667353,0.03474306892973811,3.2931483005989266,Decay 0.85,3
80,3.3080656535388098,3.3501894001801955,0.04212374664138574,3.293103922843185,Decay 0.85,3
90,3.3029202098250003,3.3438796313174577,0.04095942149245735,3.29309517813494,Decay 0.85,3
100,3.2951107467758725,3.3347031646732996,0.03959241789742718,3.293093472133738,Decay 0.85,3
110,3.2896742844995916,3.3273479522176688,0.03767366771807712,3.2930931326286035,Decay 0.85,3
120,3.2830399947112476,3.319252345866998,0.036212351155750166,3.2930930665391775,Decay 0.85,3
130,3.267991893940548,3.300271376064317,0.032279482123768855,3.293093053604351,Decay 0.85,3
140,3.257079295117389,3.288165818534314,0.031086523416925083,3.2930930510430123,Decay 0.85,3
150,3.275759099101027,3.311745113377447,0.03598601427642034,3.2930930505294547,Decay 0.85,3
160,3.247639245353239,3.277387210320467,0.02974796496722787,3.2930930504291465,Decay 0.85,3
170,3.2658729115718703,3.2998181768575834,0.03394526528571307,3.2930930504093783,Decay 0.85,3
180,3.273836120837596,3.3081606147946885,0.03432449395709236,3.2930930504054308,Decay 0.85,3
190,3.251178470678472,3.278158935301897,0.02698046462342507,3.2930930504046607,Decay 0.85,3
200,3.2761012417829023,3.312312313671399,0.036211071888496704,3.2930930504045097,Decay 0.85,3
210,3.2525759068873557,3.282835995721498,0.03026008883414244,3.2930930504044804,Decay 0.85,3
220,3.2545894735603147,3.2847298612293345,0.03014038766901983,3.2930930504044755,Decay 0.85,3
230,3.2689741321315915,3.3013913737876694,0.032417241656077955,3.2930930504044755,Decay 0.85,3
240,3.2342046028817775,3.2594020631627227,0.025197460280945272,3.2930930504044755,Decay 0.85,3
250,3.224743367291362,3.248945043949047,0.024201676657685134,3.2930930504044755,Decay 0.85,3
260,3.2561584756408677,3.2895625333949594,0.03340405775409172,3.2930930504044755,Decay 0.85,3
270,3.2460601152006547,3.276261849614487,0.030201734413832337,3.2930930504044755,Decay 0.85,3
280,3.2708191240526046,3.30898128329701,0.03816215924440547,3.2930930504044755,Decay 0.85,3
290,3.2706410523355722,3.3079381330292117,0.03729708069363946,3.2930930504044755,Decay 0.85,3
300,3.2623431696283336,3.2971941432507363,0.03485097362240275,3.2930930504044755,Decay 0.85,3
310,3.2508362988798813,3.282722361621641,0.03188606274175987,3.2930930504044755,Decay 0.85,3
320,3.2442960036336865,3.2727239667178893,0.028427963084202812,3.2930930504044755,Decay 0.85,3
330,3.2618359502989986,3.2962451949187135,0.03440924461971484,3.2930930504044755,Decay 0.85,3
340,3.305863856932134,3.3500309700720288,0.04416711313989463,3.2930930504044755,Decay 0.85,3
350,3.2914584614093396,3.3294681740631082,0.038009712653768624,3.2930930504044755,Decay 0.85,3
360,3.2637602288771177,3.296198586161215,0.032438357284097386,3.2930930504044755,Decay 0.85,3
370,3.2625055433259993,3.2938659042591505,0.0313603609331512,3.2930930504044755,Decay 0.85,3
380,3.2620620706223247,3.294480647446581,0.032418576824256196,3.2930930504044755,Decay 0.85,3
390,3.238165902492847,3.2644861641105374,0.0263202616176903,3.2930930504044755,Decay 0.85,3
400,3.24751645437446,3.278143736336675,0.030627281962215314,3.2930930504044755,Decay 0.85,3
410,3.2371671554816146,3.265868072507467,0.028700917025852313,3.2930930504044755,Decay 0.85,3
420,3.261584358898984,3.2957453454575423,0.03416098655855837,3.2930930504044755,Decay 0.85,3
430,3.272035736098043,3.3073239342156175,0.03528819811757433,3.2930930504044755,Decay 0.85,3
440,3.265356760517801,3.297633868793725,0.03227710827592434,3.2930930504044755,Decay 0.85,3
450,3.273465575967993,3.3064978857514755,0.03303230978348237,3.2930930504044755,Decay 0.85,3
460,3.2719533898142354,3.305437308698541,0.033483918884305464,3.2930930504044755,Decay 0.85,3
470,3.279447665234199,3.314489799422458,0.03504213418825897,3.2930930504044755,Decay 0.85,3
480,3.2645292910926087,3.295242325935742,0.030713034843133258,3.2930930504044755,Decay 0.85,3
490,3.259289359001554,3.2887661042420535,0.02947674524049937,3.2930930504044755,Decay 0.85,3
500,3.2466050870334167,3.2724357895676874,0.025830702534270777,3.2930930504044755,Decay 0.85,3
510,3.252019406568132,3.2809854365408015,0.028966029972669727,3.2930930504044755,Decay 0.85,3
520,3.254471135204172,3.2855372672044334,0.031066132000261426,3.2930930504044755,Decay 0.85,3
530,3.2332803723454413,3.257426369802201,0.024145997456759716,3.2930930504044755,Decay 0.85,3
540,3.23290351030805,3.255632142150418,0.022728631842368063,3.2930930504044755,Decay 0.85,3
550,3.216032830825105,3.2323965107740484,0.0163636799489435,3.2930930504044755,Decay 0.85,3
560,3.2299707828201467,3.2501840430168425,0.02021326019669578,3.2930930504044755,Decay 0.85,3
570,3.262452508841835,3.291680507271577,0.029227998429742108,3.2930930504044755,Decay 0.85,3
580,3.27675563397321,3.3093390786052073,0.03258344463199725,3.2930930504044755,Decay 0.85,3
590,3.2542478662945213,3.2832189547689747,0.0289710884744534,3.2930930504044755,Decay 0.85,3
600,3.259898219883648,3.293906739531773,0.03400851964812501,3.2930930504044755,Decay 0.85,3
610,3.2422378159688834,3.270342264696647,0.028104448727763742,3.2930930504044755,Decay 0.85,3
620,3.259289693179042,3.2915664910292577,0.032276797850215644,3.2930930504044755,Decay 0.85,3
630,3.2531608425220857,3.282239390482768,0.02907854796068232,3.2930930504044755,Decay 0.85,3
640,3.2541173524176092,3.284120145061171,0.030002792643561538,3.2930930504044755,Decay 0.85,3
650,3.260861186667546,3.2933593424325975,0.03249815576505144,3.2930930504044755,Decay 0.85,3
660,3.2610450751492297,3.2946068117007035,0.033561736551473764,3.2930930504044755,Decay 0.85,3
670,3.2452173791245325,3.2772343310423078,0.032016951917775316,3.2930930504044755,Decay 0.85,3
680,3.2700953269829287,3.3102889415079,0.04019361452497128,3.2930930504044755,Decay 0.85,3
690,3.271131469516601,3.310968909726761,0.03983744021015978,3.2930930504044755,Decay 0.85,3
700,3.2705114633387993,3.3067373057633263,0.03622584242452698,3.2930930504044755,Decay 0.85,3
710,3.280923184981476,3.320401529414444,0.03947834443296827,3.2930930504044755,Decay 0.85,3
720,3.271329342496069,3.3076175851568173,0.03628824266074826,3.2930930504044755,Decay 0.85,3
730,3.2543598610916,3.2850346129331744,0.030674751841574643,3.2930930504044755,Decay 0.85,3
740,3.285686660632321,3.3228916331677327,0.03720497253541177,3.2930930504044755,Decay 0.85,3
750,3.2858319900739943,3.3215256770187787,0.035693686944784364,3.2930930504044755,Decay 0.85,3
760,3.2874356104185276,3.3236061028543027,0.03617049243577508,3.2930930504044755,Decay 0.85,3
770,3.2678135915877196,3.297745632937913,0.02993204135019356,3.2930930504044755,Decay 0.85,3
780,3.2607527825639586,3.2901065086370114,0.029353726073052755,3.2930930504044755,Decay 0.85,3
790,3.2734057198480047,3.307689404972974,0.03428368512496949,3.2930930504044755,Decay 0.85,3
800,3.2505405261448033,3.2780414283285286,0.027500902183725362,3.2930930504044755,Decay 0.85,3
1,9.745971986258963,9.747421732689277,0.0014497464303140362,9.472043331789735,Decay 0.85,4
10,3.872013364350339,3.878081464672425,0.006068100322085712,3.8102905325603347,Decay 0.85,4
20,3.1103127598972726,3.1167814035116113,0.006468643614338632,3.0678794080216787,Decay 0.85,4
30,2.974437253239529,2.9821376282384278,0.007700374998898862,2.940136899085585,Decay 0.85,4
40,2.9300799001256586,2.939849989739515,0.009770089613856392,2.915694717019471,Decay 0.85,4
50,2.9178750986672366,2.9279804631894186,0.010105364522182025,2.9108760540324212,Decay 0.85,4
60,2.8812988277125777,2.8937588726632355,0.012460044950657778,2.909934577384407,Decay 0.85,4
70,2.8716193414715097,2.884623659949786,0.013004318478276211,2.9097488684511967,Decay 0.85,4
80,2.8679926421154285,2.880763953443061,0.012771311327632429,2.9097120192950765,Decay 0.85,4
90,2.894424635888641,2.9056459473465606,0.01122131145791938,2.9097048225848385,Decay 0.85,4
100,2.883817067369395,2.895184819595461,0.011367752226065786,2.9097033925505755,Decay 0.85,4
110,2.8740243592553005,2.8861943807226833,0.012170021467382774,2.909703111025684,Decay 0.85,4
120,2.9040800754328715,2.9149755779608206,0.01089550252794913,2.909703055871077,Decay 0.85,4
130,2.8940536830533907,2.9053849257615467,0.011331242708155997,2.909703044991535,Decay 0.85,4
140,2.876509261687632,2.8881006430959646,0.011591381408332602,2.909703042856648,Decay 0.85,4
150,2.876673795317969,2.8891316852152578,0.012457889897288688,2.9097030424335664,Decay 0.85,4
160,2.891581033514347,2.9021786828707485,0.010597649356401728,2.9097030423508574,Decay 0.85,4
170,2.8743969508867706,2.886151520392117,0.011754569505346257,2.9097030423344896,Decay 0.85,4
180,2.901085754625578,2.9114561658838087,0.010370411258230572,2.9097030423312793,Decay 0.85,4
190,2.9004170387073596,2.9114266283374883,0.011009589630128769,2.9097030423306487,Decay 0.85,4
200,2.9163066948907,2.9263746081109714,0.01006791322027123,2.9097030423305243,Decay 0.85,4
210,2.916180841579604,2.926351178261383,0.010170336681778913,2.9097030423305004,Decay 0.85,4
220,2.8960350921823625,2.9075450578556237,0.011509965673261124,2.9097030423304964,Decay 0.85,4
230,2.8743465693657817,2.88728926755081,0.012942698185028245,2.9097030423304964,Decay 0.85,4
240,2.8696880628171826,2.8827623360263908,0.013074273209208176,2.9097030423304964,Decay 0.85,4
250,2.870038121698121,2.883547407527514,0.013509285829393036,2.9097030423304964,Decay 0.85,4
260,2.860922937816711,2.8745937891662763,0.01367085134956536,2.9097030423304964,Decay 0.85,4
270,2.887842592599345,2.899894093324236,0.012051500724890918,2.9097030423304964,Decay 0.85,4
280,2.9203625284972734,2.930304985115418,0.009942456618144746,2.9097030423304964,Decay 0.85,4
290,2.8993149202637465,2.9107490165532464,0.011434096289499873,2.9097030423304964,Decay 0.85,4
300,2.915164095053169,2.926111552111969,0.010947457058799959,2.9097030423304964,Decay 0.85,4
310,2.9226206453720085,2.9329285080230525,0.010307862651043997,2.9097030423304964,Decay 0.85,4
320,2.8896509231384973,2.902668440005608,0.013017516867110945,2.9097030423304964,Decay 0.85,4
330,2.8478691394706077,2.8618088064124136,0.013939666941805928,2.9097030423304964,Decay 0.85,4
340,2.8692803399357816,2.8823120972583554,0.013031757322573778,2.9097030423304964,Decay 0.85,4
350,2.8590381445020707,2.872394989320268,0.0133568448181971,2.9097030423304964,Decay 0.85,4
360,2.8735892989287897,2.885858324239568,0.012269025310778225,2.9097030423304964,Decay 0.85,4
370,2.879971519245027,2.8917417316237533,0.011770212378726441,2.9097030423304964,Decay 0.85,4
380,2.905574790744132,2.916516679613307,0.01094188886917502,2.9097030423304964,Decay 0.85,4
390,2.896110508076506,2.9076871594740554,0.011576651397549487,2.9097030423304964,Decay 0.85,4
400,2.885544606740141,2.8974824287351093,0.011937821994968179,2.9097030423304964,Decay 0.85,4
410,2.914217059430847,2.9246180381152733,0.010400978684426132,2.9097030423304964,Decay 0.85,4
420,2.932197264461926,2.941444768231876,0.009247503769949983,2.9097030423304964,Decay 0.85,4
430,2.927187230202832,2.9374398167192415,0.01025258651640959,2.9097030423304964,Decay 0.85,4
440,2.9037882236793964,2.9153458021410463,0.011557578461649953,2.9097030423304964,Decay 0.85,4
450,2.897985876521905,2.9093793200350304,0.011393443513125323,2.9097030423304964,Decay 0.85,4
460,2.895188137255809,2.9059214008283356,0.010733263572526575,2.9097030423304964,Decay 0.85,4
470,2.901856315143424,2.912632704029435,0.01077638888601129,2.9097030423304964,Decay 0.85,4
480,2.881972230920346,2.8939451919088324,0.011972960988486214,2.9097030423304964,Decay 0.85,4
490,2.902194600446502,2.913210109681019,0.011015509234516774,2.9097030423304964,Decay 0.85,4
500,2.8876393755752723,2.8988548599332917,0.011215484358019445,2.9097030423304964,Decay 0.85,4
510,2.8720660468467667,2.8838230595936696,0.011757012746902884,2.9097030423304964,Decay 0.85,4
520,2.9019545855551883,2.9114268394072442,0.009472253852055967,2.9097030423304964,Decay 0.85,4
530,2.910784196308379,2.9199675261417606,0.00918332983338166,2.9097030423304964,Decay 0.85,4
540,2.914458601749959,2.9236207051798675,0.00916210342990853,2.9097030423304964,Decay 0.85,4
550,2.925260220221365,2.934485530287369,0.009225310066004244,2.9097030423304964,Decay 0.85,4
560,2.9264165346056012,2.9358557996503203,0.009439265044719036,2.9097030423304964,Decay 0.85,4
570,2.897152865640398,2.907752642049813,0.010599776409415007,2.9097030423304964,Decay 0.85,4
580,2.8896674777078326,2.900663566197746,0.01099608848991318,2.9097030423304964,Decay 0.85,4
590,2.896198036487254,2.9074234808244914,0.011225444337237267,2.9097030423304964,Decay 0.85,4
600,2.919355061108069,2.929460477593554,0.01010541648548502,2.9097030423304964,Decay 0.85,4
610,2.9172773175471542,2.9273914105362495,0.010114092989095269,2.9097030423304964,Decay 0.85,4
620,2.9100772265894737,2.9206112904778228,0.010534063888349099,2.9097030423304964,Decay 0.85,4
630,2.883849426420349,2.89597427564166,0.012124849221311074,2.9097030423304964,Decay 0.85,4
640,2.926263329976814,2.9358767291220014,0.00961339914518744,2.9097030423304964,Decay 0.85,4
650,2.9335201191024343,2.9425138677246925,0.008993748622258213,2.9097030423304964,Decay 0.85,4
660,2.9193159745498036,2.9288722125001603,0.00955623795035665,2.9097030423304964,Decay 0.85,4
670,2.894647993566651,2.906477866219704,0.01182987265305302,2.9097030423304964,Decay 0.85,4
680,2.8711087577286545,2.8847579633245166,0.013649205595862135,2.9097030423304964,Decay 0.85,4
690,2.8877377493999745,2.900135561842897,0.012397812442922262,2.9097030423304964,Decay 0.85,4
700,2.924502635936575,2.934993570989312,0.010490935052736905,2.9097030423304964,Decay 0.85,4
710,2.9258348272638712,2.936247029460147,0.01041220219627581,2.9097030423304964,Decay 0.85,4
720,2.923486977936487,2.9335256072286002,0.010038629292113299,2.9097030423304964,Decay 0.85,4
730,2.927139466866302,2.9368473317152635,0.009707864848961467,2.9097030423304964,Decay 0.85,4
740,2.9095489613554544,2.9209064959997937,0.011357534644339307,2.9097030423304964,Decay 0.85,4
750,2.9051905337694484,2.916779019000306,0.011588485230857426,2.9097030423304964,Decay 0.85,4
760,2.872095662168556,2.8855460169416425,0.013450354773086648,2.9097030423304964,Decay 0.85,4
770,2.8627395629443626,2.876578411626406,0.013838848682043547,2.9097030423304964,Decay 0.85,4
780,2.8636569221503603,2.877004306470793,0.013347384320432809,2.9097030423304964,Decay 0.85,4
790,2.8623066430945303,2.8752805531390044,0.012973910044474124,2.9097030423304964,Decay 0.85,4
800,2.865695370756595,2.8785001623632294,0.012804791606634502,2.9097030423304964,Decay 0.85,4
1,9.464134969035335,9.463204920462752,-0.0009300485725827201,9.615091301643723,Decay 0.85,5
10,3.807392721275456,3.807660649286343,0.0002679280108872639,3.840488787325315,Decay 0.85,5
20,3.051960488148091,3.0521140334564065,0.00015354530831546143,3.067501775643506,Decay 0.85,5
30,2.927951209803981,2.928066711578253,0.0001155017742719977,2.934612686254516,Decay 0.85,5
40,2.904744406336999,2.9045411599619944,-0.00020324637500479525,2.9091558525371988,Decay 0.85,5
50,2.900710133164197,2.9008874973173007,0.00017736415310354303,2.904161458705196,Decay 0.85,5
60,2.9109205541882783,2.910115132880665,-0.0008054213076134076,2.9031764247043017,Decay 0.85,5
70,2.905853157859457,2.9051957232760364,-0.0006574345834207129,2.9029815166607356,Decay 0.85,5
80,2.9098217696778788,2.9091495368368134,-0.0006722328410653233,2.9029431656069047,Decay 0.85,5
90,2.908000634481079,2.907901393572433,-9.924090864599222e-05,2.902935603870356,Decay 0.85,5
100,2.9022944138884665,2.902928300827043,0.0006338869385764667,2.9029341133910025,Decay 0.85,5
110,2.9068981269282927,2.9077844633080425,0.0008863363797497747,2.902933819504258,Decay 0.85,5
120,2.9028639814848667,2.90334486776761,0.0004808862827432314,2.9029337611486628,Decay 0.85,5
130,2.903218956978334,2.9028946168398733,-0.00032434013846094345,2.9029337498537844,Decay 0.85,5
140,2.9103763624196697,2.909752667251226,-0.0006236951684437386,2.9029337476204873,Decay 0.85,5
150,2.8982113949376274,2.898537155140512,0.0003257602028847728,2.9029337471777548,Decay 0.85,5
160,2.906710597292368,2.9063613137595996,-0.0003492835327683075,2.9029337470909553,Decay 0.85,5
170,2.9048573925025916,2.9048991646544393,4.177215184775207e-05,2.902933747073743,Decay 0.85,5
180,2.9145459006034358,2.91368622053406,-0.0008596800693756457,2.902933747070346,Decay 0.85,5
190,2.902508973922361,2.9017376751136448,-0.000771298808716292,2.902933747069686,Decay 0.85,5
200,2.9055827971052373,2.9051533937849894,-0.00042940332024787864,2.9029337470695564,Decay 0.85,5
210,2.8985133181516005,2.8985660584209065,5.2740269306017495e-05,2.9029337470695307,Decay 0.85,5
220,2.902386213108682,2.901535839365975,-0.0008503737427072444,2.9029337470695267,Decay 0.85,5
230,2.9060197987422587,2.9048161653243647,-0.001203633417893979,2.9029337470695267,Decay 0.85,5
240,2.89306533318591,2.893191044020008,0.00012571083409795847,2.9029337470695267,Decay 0.85,5
250,2.8982532410170005,2.8981749409684587,-7.830004854181283e-05,2.9029337470695267,Decay 0.85,5
260,2.9014421147737854,2.901823934075341,0.00038181930155545274,2.9029337470695267,Decay 0.85,5
270,2.9037704238203053,2.9041219883304223,0.0003515645101170861,2.9029337470695267,Decay 0.85,5
280,2.907617159918965,2.907496639236263,-0.00012052068270174132,2.9029337470695267,Decay 0.85,5
290,2.906293220236474,2.90648684412553,0.0001936238890558606,2.9029337470695267,Decay 0.85,5
300,2.9078335126695407,2.907748946927073,-8.456574246773485e-05,2.9029337470695267,Decay 0.85,5
310,2.9077495425561253,2.907631768559276,-0.00011777399684920198,2.9029337470695267,Decay 0.85,5
320,2.9025954716940814,2.902681386874753,8.591518067158077e-05,2.9029337470695267,Decay 0.85,5
330,2.9018093391101845,2.9020099996933255,0.00020066058314105462,2.9029337470695267,Decay 0.85,5
340,2.9106832357003314,2.9107483542754538,6.51185751223693e-05,2.9029337470695267,Decay 0.85,5
350,2.9164657003747623,2.91637715614222,-8.854423254245347e-05,2.9029337470695267,Decay 0.85,5
360,2.9107072602313426,2.9110302699110826,0.00032300967973997174,2.9029337470695267,Decay 0.85,5
370,2.911259573075669,2.910818094293854,-0.0004414787818149968,2.9029337470695267,Decay 0.85,5
380,2.8950678250871595,2.8950293434267165,-3.848166044306822e-05,2.9029337470695267,Decay 0.85,5
390,2.894924180961179,2.8955331707057783,0.0006089897445993309,2.9029337470695267,Decay 0.85,5
400,2.89358721261313,2.8938061709023577,0.0002189582892277997,2.9029337470695267,Decay 0.85,5
410,2.879875294190027,2.8804853590174875,0.0006100648274602882,2.9029337470695267,Decay 0.85,5
420,2.8872411411117884,2.887945473516128,0.000704332404339425,2.9029337470695267,Decay 0.85,5
430,2.8916179575313037,2.892023084225291,0.000405126693987512,2.9029337470695267,Decay 0.85,5
440,2.893856047470529,2.8947233966660395,0.0008673491955106805,2.9029337470695267,Decay 0.85,5
450,2.898841471344436,2.899659920397207,0.0008184490527711752,2.9029337470695267,Decay 0.85,5
460,2.909862118936967,2.909877724445196,1.5605508229210585e-05,2.9029337470695267,Decay 0.85,5
470,2.9130726851292676,2.9123751426275293,-0.0006975425017383685,2.9029337470695267,Decay 0.85,5
480,2.901728574296792,2.9016950183725694,-3.3555924222827826e-05,2.9029337470695267,Decay 0.85,5
490,2.9057370566098597,2.905758004800984,2.0948191124414706e-05,2.9029337470695267,Decay 0.85,5
500,2.896289102804084,2.89675810217536,0.0004689993712760909,2.9029337470695267,Decay 0.85,5
510,2.893034545629924,2.894612714405764,0.0015781687758398277,2.9029337470695267,Decay 0.85,5
520,2.898128848167356,2.8991951630739683,0.0010663149066121314,2.9029337470695267,Decay 0.85,5
530,2.905548688380378,2.905593332199329,4.464381895097347e-05,2.9029337470695267,Decay 0.85,5
540,2.9024797378813654,2.9027863071359246,0.0003065692545591858,2.9029337470695267,Decay 0.85,5
550,2.897851409686109,2.8983265462066754,0.0004751365205661884,2.9029337470695267,Decay 0.85,5
560,2.902793341655424,2.9025421833491762,-0.00025115830624766744,2.9029337470695267,Decay 0.85,5
570,2.899355477592392,2.8995941018892903,0.0002386242968981378,2.9029337470695267,Decay 0.85,5
580,2.904870226456195,2.9048940174695015,2.3791013306517783e-05,2.9029337470695267,Decay 0.85,5
590,2.909478555832116,2.909446643294411,-3.191253770484792e-05,2.9029337470695267,Decay 0.85,5
600,2.9151189739194887,2.9149984828596196,-0.00012049105986911002,2.9029337470695267,Decay 0.85,5
610,2.9244855783596804,2.9237462735551607,-0.0007393048045196693,2.9029337470695267,Decay 0.85,5
620,2.922398880566321,2.9216339112723158,-0.0007649692940052688,2.9029337470695267,Decay 0.85,5
630,2.916195884562885,2.915358077777552,-0.0008378067853329618,2.9029337470695267,Decay 0.85,5
640,2.899144904006025,2.899475474466839,0.0003305704608140836,2.9029337470695267,Decay 0.85,5
650,2.907714777335415,2.90701792830582,-0.0006968490295951035,2.9029337470695267,Decay 0.85,5
660,2.912489668232898,2.911813008500976,-0.0006766597319218803,2.9029337470695267,Decay 0.85,5
670,2.9119094557600502,2.9112836280340053,-0.0006258277260449141,2.9029337470695267,Decay 0.85,5
680,2.909610853813379,2.90931674689678,-0.0002941069165989241,2.9029337470695267,Decay 0.85,5
690,2.9151663500326492,2.9149417534204836,-0.00022459661216567284,2.9029337470695267,Decay 0.85,5
700,2.9232911288627266,2.922745666625233,-0.0005454622374934104,2.9029337470695267,Decay 0.85,5
710,2.904758611448817,2.9047700122757645,1.1400826947394194e-05,2.9029337470695267,Decay 0.85,5
720,2.9090998904643,2.9095766686433877,0.00047677817908775566,2.9029337470695267,Decay 0.85,5
730,2.910307901257151,2.910668110723398,0.00036020946624670813,2.9029337470695267,Decay 0.85,5
740,2.916323268853622,2.915569665049315,-0.0007536038043070015,2.9029337470695267,Decay 0.85,5
750,2.9060687073537754,2.906295685768983,0.00022697841520757933,2.9029337470695267,Decay 0.85,5
760,2.916149154141379,2.915784478082858,-0.00036467605852097407,2.9029337470695267,Decay 0.85,5
770,2.914943007661099,2.9146063048341446,-0.00033670282695430487,2.9029337470695267,Decay 0.85,5
780,2.9107494041504043,2.909985552658454,-0.0007638514919503514,2.9029337470695267,Decay 0.85,5
790,2.903139293683321,2.9036280147172207,0.0004887210338995196,2.9029337470695267,Decay 0.85,5
800,2.9022191693623767,2.902621542654749,0.00040237329237235997,2.9029337470695267,Decay 0.85,5
1,9.636338018678613,9.632410516015604,-0.003927502663009008,8.946031573933036,Decay 0.85,6
10,3.7897388547776627,3.7649876303084957,-0.024751224469167,3.469059057644952,Decay 0.85,6
20,2.9776008495401145,2.945805580648996,-0.0317952688911185,2.761153257772222,Decay 0.85,6
30,2.8024353759812946,2.764879872156548,-0.037555503824746594,2.639237427477204,Decay 0.85,6
40,2.7469765475579386,2.7028077094367005,-0.044168838121238174,2.6162764451810183,Decay 0.85,6
50,2.7111707061000887,2.6614717370374272,-0.04969896906266147,2.6118097759655257,Decay 0.85,6
60,2.707436468885802,2.659639555815205,-0.0477969130705973,2.6109355547098954,Decay 0.85,6
70,2.693356480021966,2.6452295962741568,-0.048126883747809046,2.6107564553352427,Decay 0.85,6
80,2.7123316192177063,2.6678998142674732,-0.04443180495023302,2.6107223168797145,Decay 0.85,6
90,2.7085808154241695,2.6631690799897436,-0.04541173543442589,2.6107154639762027,Decay 0.85,6
100,2.7032616760965764,2.6575796319666343,-0.045682044129942145,2.6107141264611005,Decay 0.85,6
110,2.700507760523103,2.6539518913500375,-0.046555869173065645,2.610713857046321,Decay 0.85,6
120,2.689934898084001,2.639636256436947,-0.05029864164705389,2.610713804582444,Decay 0.85,6
130,2.7075635218050924,2.6615119404558407,-0.04605158134925169,2.6107137942520264,Decay 0.85,6
140,2.68663652592306,2.6333706061257933,-0.05326591979726647,2.6107137922679993,Decay 0.85,6
150,2.6771344421377514,2.621786612615832,-0.05534782952191941,2.610713791884084,Decay 0.85,6
160,2.6994736783097757,2.6490935504729562,-0.050380127836819444,2.610713791806604,Decay 0.85,6
170,2.6980058324659066,2.646921931567044,-0.05108390089886283,2.610713791790991,Decay 0.85,6
180,2.6972944555290725,2.649186318549936,-0.04810813697913652,2.6107137917879206,Decay 0.85,6
190,2.6854760044957375,2.6317122300111895,-0.053763774484548055,2.610713791787325,Decay 0.85,6
200,2.6684525664729883,2.6094222715734645,-0.05903029489952383,2.6107137917872096,Decay 0.85,6
210,2.6654383539233213,2.6081147343792206,-0.0573236195441007,2.6107137917871874,Decay 0.85,6
220,2.670487837831912,2.615675747447235,-0.054812090384676715,2.610713791787183,Decay 0.85,6
230,2.6739056295230115,2.620548431608471,-0.05335719791454041,2.610713791787183,Decay 0.85,6
240,2.704288731699134,2.6584334759019708,-0.04585525579716343,2.610713791787183,Decay 0.85,6
250,2.6833279249940736,2.629114852789332,-0.054213072204741586,2.610713791787183,Decay 0.85,6
260,2.6723469569805394,2.615249878731797,-0.05709707824874233,2.610713791787183,Decay 0.85,6
270,2.6793200112770137,2.6221295694173055,-0.05719044185970823,2.610713791787183,Decay 0.85,6
280,2.679452421911365,2.623499023960297,-0.055953397951067796,2.610713791787183,Decay 0.85,6
290,2.6562851190231425,2.5952416857063447,-0.061043433316797735,2.610713791787183,Decay 0.85,6
300,2.6546668025817755,2.5914374488098435,-0.06322935377193195,2.610713791787183,Decay 0.85,6
310,2.668698500426505,2.6110978823019186,-0.0576006181245865,2.610713791787183,Decay 0.85,6
320,2.645962504980413,2.5866375894416347,-0.05932491553877828,2.610713791787183,Decay 0.85,6
330,2.671884124299147,2.6179782742628364,-0.05390585003631054,2.610713791787183,Decay 0.85,6
340,2.648105548405853,2.5863283450908634,-0.06177720331498948,2.610713791787183,Decay 0.85,6
350,2.6510819292589565,2.592068311432052,-0.05901361782690451,2.610713791787183,Decay 0.85,6
360,2.658548937544349,2.5990699522898613,-0.05947898525448769,2.610713791787183,Decay 0.85,6
370,2.6427337435470735,2.5821381227464064,-0.06059562080066705,2.610713791787183,Decay 0.85,6
380,2.6304060052526625,2.56641697362597,-0.06398903162669267,2.610713791787183,Decay 0.85,6
390,2.6622398188070457,2.6047229918617867,-0.05751682694525906,2.610713791787183,Decay 0.85,6
400,2.6753473909536654,2.621381829775254,-0.05396556117841156,2.610713791787183,Decay 0.85,6
410,2.6661323430150703,2.610582222962063,-0.0555501200530073,2.610713791787183,Decay 0.85,6
420,2.653616352694944,2.5976665601230264,-0.055949792571917456,2.610713791787183,Decay 0.85,6
430,2.6568878925237462,2.598489200358598,-0.05839869216514826,2.610713791787183,Decay 0.85,6
440,2.6319857961206488,2.572325181842661,-0.059660614277987634,2.610713791787183,Decay 0.85,6
450,2.667602326940006,2.6125152712947717,-0.05508705564523453,2.610713791787183,Decay 0.85,6
460,2.6663615903838886,2.6109798422797077,-0.05538174810418095,2.610713791787183,Decay 0.85,6
470,2.6766037082097958,2.622948465207167,-0.053655243002628694,2.610713791787183,Decay 0.85,6
480,2.680345216015433,2.6287007116457097,-0.05164450436972334,2.610713791787183,Decay 0.85,6
490,2.6591161356800352,2.604884857401587,-0.054231278278448425,2.610713791787183,Decay 0.85,6
500,2.6540856419812653,2.5983236320801093,-0.055762009901155984,2.610713791787183,Decay 0.85,6
510,2.655175218643122,2.5987616673010554,-0.056413551342066715,2.610713791787183,Decay 0.85,6
520,2.673521482544337,2.618888946944168,-0.0546325356001689,2.610713791787183,Decay 0.85,6
530,2.661223849651402,2.6068573039746683,-0.05436654567673349,2.610713791787183,Decay 0.85,6
540,2.664204492893491,2.6097912822943696,-0.05441321059912152,2.610713791787183,Decay 0.85,6
550,2.6757882220476112,2.6245269358948553,-0.051261286152755936,2.610713791787183,Decay 0.85,6
560,2.6803778257734168,2.6297038729551274,-0.05067395281828935,2.610713791787183,Decay 0.85,6
570,2.6628799804280523,2.6055481351633913,-0.05733184526466095,2.610713791787183,Decay 0.85,6
580,2.6747173548157397,2.622393988858677,-0.05232336595706277,2.610713791787183,Decay 0.85,6
590,2.6769645727357267,2.624091295308743,-0.052873277426983556,2.610713791787183,Decay 0.85,6
600,2.704904468797361,2.656802673195961,-0.04810179560139982,2.610713791787183,Decay 0.85,6
610,2.702446481987725,2.654206145024048,-0.0482403369636768,2.610713791787183,Decay 0.85,6
620,2.697748319204313,2.6515883020434856,-0.046160017160827405,2.610713791787183,Decay 0.85,6
630,2.68436361789052,2.636925883735044,-0.04743773415547592,2.610713791787183,Decay 0.85,6
640,2.6904303366454014,2.642565239635133,-0.04786509701026853,2.610713791787183,Decay 0.85,6
650,2.689627230671462,2.63787295197812,-0.05175427869334204,2.610713791787183,Decay 0.85,6
660,2.6967518562030968,2.6490113757534717,-0.04774048044962509,2.610713791787183,Decay 0.85,6
670,2.682398604248826,2.6310389039328466,-0.051359700315979584,2.610713791787183,Decay 0.85,6
680,2.6811329351506705,2.6299722195854898,-0.05116071556518076,2.610713791787183,Decay 0.85,6
690,2.676236816861867,2.6243226279901086,-0.05191418887175825,2.610713791787183,Decay 0.85,6
700,2.6559057225413025,2.5987161827853473,-0.0571895397559552,2.610713791787183,Decay 0.85,6
710,2.6476711699616047,2.5855849033477174,-0.062086266613887275,2.610713791787183,Decay 0.85,6
720,2.6587486543729613,2.601051627366095,-0.057697027006866186,2.610713791787183,Decay 0.85,6
730,2.6671908867401535,2.6105100712963667,-0.05668081544378678,2.610713791787183,Decay 0.85,6
740,2.684110281918496,2.6341541479318185,-0.04995613398667764,2.610713791787183,Decay 0.85,6
750,2.6697808275101,2.6164449268652907,-0.05333590064480909,2.610713791787183,Decay 0.85,6
760,2.6477478108892134,2.5914046948462395,-0.05634311604297393,2.610713791787183,Decay 0.85,6
770,2.6489487818145587,2.5919550413437764,-0.05699374047078232,2.610713791787183,Decay 0.85,6
780,2.6289073159977523,2.5673743879216544,-0.06153292807609789,2.610713791787183,Decay 0.85,6
790,2.648069257222194,2.594738362135411,-0.05333089508678324,2.610713791787183,Decay 0.85,6
800,2.6596570364737384,2.607341521218533,-0.05231551525520528,2.610713791787183,Decay 0.85,6
1,10.376474780498178,10.377246347750182,0.0007715672520038908,10.422440417184138,Decay 0.85,7
10,4.167755652408345,4.175206168634523,0.0074505162261786495,4.1769224128060625,Decay 0.85,7
20,3.336462327085076,3.3448884205858866,0.008426093500810694,3.34834955489933,Decay 0.85,7
30,3.1859690574110804,3.195162858332509,0.009193800921428519,3.204798047581431,Decay 0.85,7
40,3.1528247257357185,3.162849622332792,0.010024896597073507,3.176958708916587,Decay 0.85,7
50,3.145064091478442,3.156575832614257,0.01151174113581499,3.1714644869756095,Decay 0.85,7
60,3.1498091981860252,3.1630239197906342,0.013214721604609014,3.170386223857225,Decay 0.85,7
70,3.1461207446811112,3.159855786079908,0.013735041398796888,3.1701736969478995,Decay 0.85,7
80,3.149333106819101,3.1634826548493105,0.014149548030209402,3.170132058400719,Decay 0.85,7
90,3.1515265889953077,3.164212792097191,0.012686203101883287,3.1701239425640466,Decay 0.85,7
100,3.142124985812774,3.152852725705517,0.010727739892742783,3.170122340041576,Decay 0.85,7
110,3.1351665774996347,3.146507494014241,0.011340916514606114,3.170122025572476,Decay 0.85,7
120,3.139999906816168,3.153082929955245,0.013083023139077277,3.1701219628646693,Decay 0.85,7
130,3.1554615098623655,3.1696771364162943,0.014215626553928828,3.1701219503903437,Decay 0.85,7
140,3.1530122987671603,3.1664752569530354,0.013462958185875173,3.170121947942138,Decay 0.85,7
150,3.152248827438349,3.165867328364366,0.013618500926016797,3.170121947466822,Decay 0.85,7
160,3.1474310968596027,3.159290889648137,0.011859792788534218,3.1701219473732385,Decay 0.85,7
170,3.155227454173805,3.168623252325588,0.013395798151783378,3.1701219473547773,Decay 0.85,7
180,3.145964220082408,3.1595803465078482,0.01361612642544019,3.17012194735115,Decay 0.85,7
190,3.1580443739719484,3.174148679336169,0.016104305364220473,3.170121947350432,Decay 0.85,7
200,3.151536769979979,3.1655912613461643,0.014054491366185307,3.1701219473502915,Decay 0.85,7
210,3.138434569294451,3.1503841998679634,0.011949630573512504,3.1701219473502635,Decay 0.85,7
220,3.1419443481184812,3.1555721407915005,0.013627792673019279,3.170121947350259,Decay 0.85,7
230,3.1282699370158507,3.1401448208694087,0.01187488385355806,3.170121947350259,Decay 0.85,7
240,3.144877453305506,3.1574937729297416,0.012616319624235484,3.170121947350259,Decay 0.85,7
250,3.148711691641193,3.1603010203997974,0.011589328758604633,3.170121947350259,Decay 0.85,7
260,3.1367538942028763,3.148087389352926,0.011333495150049888,3.170121947350259,Decay 0.85,7
270,3.146161900424131,3.1595169603804085,0.013355059956277504,3.170121947350259,Decay 0.85,7
280,3.1524309560119246,3.165846261889222,0.013415305877297445,3.170121947350259,Decay 0.85,7
290,3.150171421695945,3.1639633422822726,0.0137919205863275,3.170121947350259,Decay 0.85,7
300,3.150823794055755,3.1660937586710336,0.015269964615278742,3.170121947350259,Decay 0.85,7
310,3.1435862210063146,3.1568513235051117,0.013265102498797088,3.170121947350259,Decay 0.85,7
320,3.15293680924741,3.1684075928394053,0.015470783591995385,3.170121947350259,Decay 0.85,7
330,3.1480142548171526,3.1616228059213447,0.013608551104192124,3.170121947350259,Decay 0.85,7
340,3.152610840037219,3.1655636255412167,0.012952785503997699,3.170121947350259,Decay 0.85,7
350,3.150572425694018,3.1628422099451172,0.012269784251099036,3.170121947350259,Decay 0.85,7
360,3.155325867413404,3.17040060668886,0.015074739275455773,3.170121947350259,Decay 0.85,7
370,3.1538771984160046,3.170785758750022,0.01690856033401733,3.170121947350259,Decay 0.85,7
380,3.1550477598762066,3.1719277679788274,0.016880008102620803,3.170121947350259,Decay 0.85,7
390,3.1518853661544015,3.1662650377570283,0.014379671602626765,3.170121947350259,Decay 0.85,7
400,3.1544108658328174,3.1676146143608555,0.013203748528038073,3.170121947350259,Decay 0.85,7
410,3.159637413216463,3.174708465215763,0.015071051999300256,3.170121947350259,Decay 0.85,7
420,3.1643723112192617,3.1813860492822172,0.017013738062955586,3.170121947350259,Decay 0.85,7
430,3.167538280577561,3.183486105615696,0.015947825038134855,3.170121947350259,Decay 0.85,7
440,3.1515996943074507,3.164726325428486,0.013126631121035182,3.170121947350259,Decay 0.85,7
450,3.1516787242532893,3.1634525334641803,0.011773809210890995,3.170121947350259,Decay 0.85,7
460,3.1460431882317934,3.1574847464137727,0.011441558181979339,3.170121947350259,Decay 0.85,7
470,3.1518882477807733,3.1647306303690415,0.012842382588268197,3.170121947350259,Decay 0.85,7
480,3.1451178616533397,3.1579752444887044,0.012857382835364639,3.170121947350259,Decay 0.85,7
490,3.1494603068219416,3.1641200688792437,0.014659762057302128,3.170121947350259,Decay 0.85,7
500,3.1608818566457364,3.1794859409110243,0.018604084265287923,3.170121947350259,Decay 0.85,7
510,3.15712485162348,3.1736818906250215,0.016557039001541263,3.170121947350259,Decay 0.85,7
520,3.1583083167617807,3.17465877604508,0.01635045928329948,3.170121947350259,Decay 0.85,7
530,3.1622931978545927,3.179071075243139,0.01677787738854608,3.170121947350259,Decay 0.85,7
540,3.164155583244862,3.180397310321124,0.016241727076262258,3.170121947350259,Decay 0.85,7
550,3.1567639927951623,3.172574336277911,0.015810343482748568,3.170121947350259,Decay 0.85,7
560,3.1653790957489827,3.1821758544175447,0.016796758668562006,3.170121947350259,Decay 0.85,7
570,3.1718728976818005,3.1889179546493516,0.017045056967551098,3.170121947350259,Decay 0.85,7
580,3.173242487972619,3.188354719794091,0.015112231821472033,3.170121947350259,Decay 0.85,7
590,3.1705726685216225,3.1862526318441455,0.015679963322523083,3.170121947350259,Decay 0.85,7
600,3.1709367633195376,3.1868340801770976,0.015897316857560018,3.170121947350259,Decay 0.85,7
610,3.168468190523617,3.182658527708834,0.014190337185216784,3.170121947350259,Decay 0.85,7
620,3.1688470985887953,3.183702479157236,0.014855380568440602,3.170121947350259,Decay 0.85,7
630,3.153502604251717,3.165964471989062,0.0124618677373447,3.170121947350259,Decay 0.85,7
640,3.154232094804824,3.166903275620961,0.012671180816137273,3.170121947350259,Decay 0.85,7
650,3.17000134663773,3.1866805424811964,0.01667919584346622,3.170121947350259,Decay 0.85,7
660,3.157147644587379,3.171979711650447,0.014832067063067722,3.170121947350259,Decay 0.85,7
670,3.162774884877116,3.178164038354857,0.015389153477740614,3.170121947350259,Decay 0.85,7
680,3.1407575909274983,3.1518973054370343,0.011139714509535992,3.170121947350259,Decay 0.85,7
690,3.14317250395025,3.154535849838314,0.011363345888064202,3.170121947350259,Decay 0.85,7
700,3.1554721007947815,3.1680811067773718,0.012609005982590293,3.170121947350259,Decay 0.85,7
710,3.1403515910573017,3.151316508573948,0.010964917516646189,3.170121947350259,Decay 0.85,7
720,3.1587841938368317,3.174064685424283,0.015280491587451372,3.170121947350259,Decay 0.85,7
730,3.15100734096812,3.164112895814225,0.013105554846104983,3.170121947350259,Decay 0.85,7
740,3.1524127333770986,3.166266569291538,0.01385383591443956,3.170121947350259,Decay 0.85,7
750,3.141684627168641,3.154333852296317,0.012649225127675745,3.170121947350259,Decay 0.85,7
760,3.1502068516826833,3.164131959497999,0.013925107815315751,3.170121947350259,Decay 0.85,7
770,3.1613671835521,3.175901036198094,0.014533852645993939,3.170121947350259,Decay 0.85,7
780,3.1620570845934326,3.177283562544388,0.015226477950955442,3.170121947350259,Decay 0.85,7
790,3.1718001021369298,3.188880687692513,0.017080585555583117,3.170121947350259,Decay 0.85,7
800,3.1646017775631856,3.1800550646376236,0.015453287074437938,3.170121947350259,Decay 0.85,7
