step,val,test,gap,phi_pop,K,seed,solver
1,11.344139810950221,11.343971706615516,-0.00016810433470482167,11.276206800820958,1,0,HSGDA
50,4.123721194270573,4.128989069628821,0.00526787535824802,4.127717494564811,1,0,HSGDA
100,1.4194626497208653,1.425656404328921,0.006193754608055713,1.4261633717000386,1,0,HSGDA
150,0.41630265888078083,0.42709410936899106,0.01079145048821023,0.4336690970703625,1,0,HSGDA
200,0.05777433015119682,0.07104930654523223,0.01327497639403541,0.06274771856874733,1,0,HSGDA
250,-0.10731523603499138,-0.08718548440883112,0.020129751626160264,-0.07865872324135725,1,0,HSGDA
300,-0.15121498150657064,-0.12932487342708954,0.021890108079481108,-0.13308435702391808,1,0,HSGDA
350,-0.15035439552411461,-0.13013215822585067,0.020222237298263945,-0.1544717663829187,1,0,HSGDA
400,-0.1809528641892918,-0.15642865111249232,0.024524213076799473,-0.16198246994429794,1,0,HSGDA
450,-0.19196443677830155,-0.1616602769651801,0.030304159813121456,-0.16553596296020556,1,0,HSGDA
500,-0.22536699409639938,-0.18415072221109363,0.041216271885305744,-0.16586287583421422,1,0,HSGDA
550,-0.1969068940314736,-0.15613704289397418,0.040769851137499424,-0.1642520298822721,1,0,HSGDA
600,-0.17924687181493415,-0.14284900732368289,0.036397864491251264,-0.1642672784329653,1,0,HSGDA
650,-0.1807867515573206,-0.1440951642988485,0.0366915872584721,-0.1638172312531201,1,0,HSGDA
700,-0.16863367794670264,-0.13277455520395492,0.03585912274274772,-0.1631428096357252,1,0,HSGDA
750,-0.20062896339341618,-0.15389123957650097,0.04673772381691521,-0.16194559402773978,1,0,HSGDA
800,-0.17428564699387533,-0.1336851018222271,0.04060054517164824,-0.16173404495252747,1,0,HSGDA
850,-0.17409305901836153,-0.12708460749454725,0.047008451523814276,-0.15856102520169674,1,0,HSGDA
900,-0.21347385660108875,-0.16031945813680504,0.053154398464283714,-0.1582410917622621,1,0,HSGDA
950,-0.2687657833922561,-0.19823018986160912,0.07053559353064698,-0.15282142694023626,1,0,HSGDA
1000,-0.19914159678754556,-0.14129670959031443,0.05784488719723113,-0.15358832274814466,1,0,HSGDA
1050,-0.19944074568355558,-0.14206018455412422,0.05738056112943135,-0.15381602418087686,1,0,HSGDA
1100,-0.21910586800022713,-0.16080539546100314,0.05830047253922399,-0.15519834244737896,1,0,HSGDA
1150,-0.1768134267768191,-0.12986208734487914,0.046951339431939965,-0.1564257865762413,1,0,HSGDA
1200,-0.20805152101992364,-0.1593323894905625,0.04871913152936114,-0.15902088859561603,1,0,HSGDA
1250,-0.22762717475583433,-0.16967540243749718,0.05795177231833715,-0.15615970780361882,1,0,HSGDA
1300,-0.2076675581566812,-0.14380262835726215,0.06386492979941905,-0.1508536335379546,1,0,HSGDA
1350,-0.1664563530621127,-0.10702829813843406,0.05942805492367864,-0.14535736476535033,1,0,HSGDA
1400,-0.15354675213745633,-0.09773915508418024,0.05580759705327609,-0.14562015894552188,1,0,HSGDA
1450,-0.22044940866122542,-0.1528039206926749,0.06764548796855052,-0.14478346048295176,1,0,HSGDA
1500,-0.25348628005616647,-0.18341271846087182,0.07007356159529465,-0.14947580908088787,1,0,HSGDA
1550,-0.20109854872607436,-0.14041939890303035,0.06067914982304401,-0.1498357798685226,1,0,HSGDA
1600,-0.25689967732631347,-0.17774578584811462,0.07915389147819885,-0.14166538848199983,1,0,HSGDA
1650,-0.24702253225050674,-0.1670792069867274,0.07994332526377934,-0.13830706713696728,1,0,HSGDA
1700,-0.224044198287629,-0.14953521955327653,0.07450897873435247,-0.14019698906724576,1,0,HSGDA
1750,-0.21732911645962916,-0.14790487212374848,0.06942424433588068,-0.1442089356056515,1,0,HSGDA
1800,-0.16612139628972244,-0.10687309903106523,0.05924829725865721,-0.14636698501464873,1,0,HSGDA
1850,-0.23599036625015463,-0.16403293374135114,0.07195743250880349,-0.14580489026086035,1,0,HSGDA
1900,-0.23566257986877792,-0.16737287295094105,0.06828970691783687,-0.14947987554633912,1,0,HSGDA
1950,-0.2376248230013167,-0.1654577670670485,0.0721670559342682,-0.14519412622203065,1,0,HSGDA
2000,-0.18904548605861804,-0.12301617044363744,0.0660293156149806,-0.13962597779814578,1,0,HSGDA
1,11.340900770144284,11.341184397306698,0.0002836271624140352,11.276206800820958,1,0,TSGDA-1
50,4.135184197204444,4.138484402017142,0.0033002048126986594,4.132191744739465,1,0,TSGDA-1
100,1.4244981400660592,1.4282227886177856,0.003724648551726384,1.432479491841403,1,0,TSGDA-1
150,0.4341051423125697,0.43763271471205445,0.0035275723994847574,0.4419209630953465,1,0,TSGDA-1
200,0.08237292323628437,0.08373740668340368,0.0013644834471193135,0.07623216711489167,1,0,TSGDA-1
250,-0.048926709793484235,-0.04797931963540941,0.0009473901580748234,-0.05818451331328811,1,0,TSGDA-1
300,-0.09505896143559328,-0.09520930266095029,-0.0001503412253570091,-0.10803504778665707,1,0,TSGDA-1
350,-0.13104899386841273,-0.12747565643919812,0.003573337429214618,-0.12821734839122118,1,0,TSGDA-1
400,-0.13917590385198048,-0.1355118783555812,0.0036640254963992702,-0.13601179296078353,1,0,TSGDA-1
450,-0.12020627166236092,-0.12083653106926423,-0.0006302594069033107,-0.1383921277800116,1,0,TSGDA-1
500,-0.1324963863064345,-0.13072895029416576,0.0017674360122687527,-0.1388196737145012,1,0,TSGDA-1
550,-0.14558174702646015,-0.14107930687300346,0.004502440153456688,-0.1400551962026687,1,0,TSGDA-1
600,-0.1425978942685501,-0.13860050880853728,0.003997385460012826,-0.14107634628782015,1,0,TSGDA-1
650,-0.1441439990442246,-0.1401929943078024,0.003951004736422181,-0.14116493454317314,1,0,TSGDA-1
700,-0.12503304066320203,-0.12439735441802025,0.000635686245181788,-0.14131352728961766,1,0,TSGDA-1
750,-0.14254601435905215,-0.1389731402802711,0.003572874078781041,-0.14071494044033686,1,0,TSGDA-1
800,-0.13307212455427175,-0.1314012286732461,0.001670895881025647,-0.14045752831020697,1,0,TSGDA-1
850,-0.14498829163948948,-0.14083494291700246,0.004153348722487016,-0.1411681603225001,1,0,TSGDA-1
900,-0.14746731200502847,-0.14252448759970673,0.004942824405321733,-0.14112067001705816,1,0,TSGDA-1
950,-0.13690667125625117,-0.13413725677391913,0.0027694144823320332,-0.14097966507986504,1,0,TSGDA-1
1000,-0.14678676213262065,-0.14155328569731973,0.005233476435300921,-0.14081816219454568,1,0,TSGDA-1
1050,-0.13786892674933357,-0.13517308760299332,0.002695839146340251,-0.14132189947045629,1,0,TSGDA-1
1100,-0.1394137018968677,-0.1357951450593825,0.0036185568374851873,-0.14194731108667108,1,0,TSGDA-1
1150,-0.14782958959395578,-0.14251987197829438,0.005309717615661402,-0.1417475373661771,1,0,TSGDA-1
1200,-0.17075685591054185,-0.16023579736227556,0.010521058548266293,-0.14152108029554955,1,0,TSGDA-1
1250,-0.1514020831283469,-0.14506032827768306,0.00634175485066385,-0.14136897772810708,1,0,TSGDA-1
1300,-0.1513998968498811,-0.14488080501191303,0.006519091837968061,-0.14137302825311482,1,0,TSGDA-1
1350,-0.13666950225643856,-0.13321057602086803,0.0034589262355705364,-0.1410811225869363,1,0,TSGDA-1
1400,-0.12892034785876716,-0.12751017031266026,0.0014101775461068944,-0.14036615468259517,1,0,TSGDA-1
1450,-0.14129721780071303,-0.13767003748921608,0.003627180311496947,-0.1402338461034055,1,0,TSGDA-1
1500,-0.1430673143933729,-0.13902646985272105,0.0040408445406518445,-0.1406577914500342,1,0,TSGDA-1
1550,-0.14475628064285367,-0.1402329109013798,0.004523369741473882,-0.14093437202900683,1,0,TSGDA-1
1600,-0.14868038948220355,-0.14350775582798328,0.005172633654220271,-0.14158002360336872,1,0,TSGDA-1
1650,-0.16455015940073478,-0.15570990012652278,0.008840259274212003,-0.14207401024925012,1,0,TSGDA-1
1700,-0.1574494820755477,-0.14982821208176933,0.007621269993778379,-0.1422500497511064,1,0,TSGDA-1
1750,-0.1359200823896235,-0.13268812199490593,0.00323196039471757,-0.14199233512040255,1,0,TSGDA-1
1800,-0.15157534182373472,-0.1450040084609256,0.006571333362809129,-0.14166204796099624,1,0,TSGDA-1
1850,-0.1360752576045811,-0.1334107166299272,0.002664540974653906,-0.14121533966328487,1,0,TSGDA-1
1900,-0.12837331318580059,-0.12784888591558013,0.0005244272702204511,-0.14165026831275523,1,0,TSGDA-1
1950,-0.12267815097681828,-0.12285704558031552,-0.00017889460349723718,-0.14152948354136502,1,0,TSGDA-1
2000,-0.1481915300357195,-0.14301370274052455,0.005177827295194948,-0.14163996577529142,1,0,TSGDA-1
1,13.195465672641063,13.196595285963314,0.0011296133222504778,12.888019666277152,1,1,HSGDA
50,4.732497594576391,4.758923890115509,0.02642629553911746,4.719289740341601,1,1,HSGDA
100,1.717357758016388,1.7379765580316116,0.02061880001522365,1.7311958558764098,1,1,HSGDA
150,0.6386922007297874,0.6502604809325322,0.011568280202744807,0.6381092459135382,1,1,HSGDA
200,0.20368486279231757,0.21235700625455248,0.00867214346223491,0.22292411417831803,1,1,HSGDA
250,0.048831563876688175,0.051826287166752416,0.002994723290064241,0.046726306292020264,1,1,HSGDA
300,-0.037430287126435924,-0.036161764742465546,0.0012685223839703774,-0.03552308455888786,1,1,HSGDA
350,-0.08063888933148754,-0.08051619925864724,0.00012269007284029798,-0.08036298925570225,1,1,HSGDA
400,-0.10517070914867901,-0.10516439325991994,6.315888759073074e-06,-0.10441077323912362,1,1,HSGDA
450,-0.11942110343485424,-0.1194034865499568,1.7616884897431184e-05,-0.12109903513247552,1,1,HSGDA
500,-0.12609765305212137,-0.1258735929654686,0.00022406008665276644,-0.13260286608557692,1,1,HSGDA
550,-0.14327780145794972,-0.14156089355346435,0.0017169079044853652,-0.14241559417092664,1,1,HSGDA
600,-0.147747495517929,-0.14556451026700543,0.002182985250923586,-0.14906837225581696,1,1,HSGDA
650,-0.13719995961356302,-0.13556881788666675,0.001631141726896268,-0.15307066337635866,1,1,HSGDA
700,-0.1660651039334045,-0.16168222931677434,0.004382874616630172,-0.15656908164437583,1,1,HSGDA
750,-0.15574540907041143,-0.15081898583361616,0.004926423236795263,-0.16098047340361268,1,1,HSGDA
800,-0.16494440651803985,-0.15819052399644265,0.006753882521597199,-0.16319374572509757,1,1,HSGDA
850,-0.15347769888437385,-0.1467459979603088,0.006731700924065054,-0.16488311271934103,1,1,HSGDA
900,-0.15125636132374937,-0.1445287270085609,0.006727634315188469,-0.16558191857467536,1,1,HSGDA
950,-0.15297881126860877,-0.14531758013579057,0.0076612311328181915,-0.16649324603426244,1,1,HSGDA
1000,-0.15550755907067493,-0.14700063298296584,0.008506926087709088,-0.16669296853703752,1,1,HSGDA
1050,-0.16335015293401128,-0.15386338262561683,0.009486770308394454,-0.16646164120415397,1,1,HSGDA
1100,-0.1691575659074665,-0.15914041261638484,0.01001715329108166,-0.1668083093614135,1,1,HSGDA
1150,-0.20451405382572357,-0.1904018244881237,0.014112229337599869,-0.16697493172108763,1,1,HSGDA
1200,-0.19946859578446752,-0.1843723482427269,0.015096247541740604,-0.16682096060462087,1,1,HSGDA
1250,-0.18942662149218886,-0.1751291356330854,0.014297485859103454,-0.16638530973035487,1,1,HSGDA
1300,-0.16128211190855535,-0.14892858053063318,0.012353531377922167,-0.16589338273846593,1,1,HSGDA
1350,-0.1635804184234731,-0.1507027586188292,0.012877659804643893,-0.16581624383267762,1,1,HSGDA
1400,-0.20468257229062198,-0.18824649668319088,0.0164360756074311,-0.16559966729814318,1,1,HSGDA
1450,-0.21937356045315748,-0.20076557889448066,0.018607981558676823,-0.1645054379570624,1,1,HSGDA
1500,-0.18122983000500337,-0.16528481894730596,0.01594501105769741,-0.16330083654058358,1,1,HSGDA
1550,-0.15749785109854902,-0.14221140150157413,0.015286449596974894,-0.16159159372316928,1,1,HSGDA
1600,-0.21273087646996036,-0.19299409618967134,0.019736780280289024,-0.1638742808931647,1,1,HSGDA
1650,-0.19670924257761468,-0.17726758208741988,0.0194416604901948,-0.16243856792211786,1,1,HSGDA
1700,-0.205532788095943,-0.18583807515723516,0.019694712938707837,-0.16268951497061035,1,1,HSGDA
1750,-0.1787369119978472,-0.16059740954087437,0.018139502456972822,-0.16325236839248253,1,1,HSGDA
1800,-0.15171914450595736,-0.13579576466017823,0.01592337984577913,-0.16255328905372313,1,1,HSGDA
1850,-0.18563272482539483,-0.16787753912128933,0.017755185704105503,-0.1627093869512145,1,1,HSGDA
1900,-0.1692698201947147,-0.15314809615656944,0.01612172403814527,-0.1635283054827127,1,1,HSGDA
1950,-0.14887000414467122,-0.13588662666662077,0.01298337747805045,-0.16486354192759056,1,1,HSGDA
2000,-0.18899859755090942,-0.1732092547299512,0.01578934282095823,-0.16535710410127907,1,1,HSGDA
1,13.202839672167874,13.202987773685656,0.00014810151778199554,12.888019666277152,1,1,TSGDA-1
50,4.736707441987794,4.752642886189405,0.015935444201611304,4.716315486097575,1,1,TSGDA-1
100,1.6654960207775233,1.6713807888417378,0.005884768064214452,1.6827374665319965,1,1,TSGDA-1
150,0.5345348320119523,0.5373186129808221,0.0027837809688697757,0.561667188827741,1,1,TSGDA-1
200,0.1309162283536724,0.13084492511665902,-7.130323701337593e-05,0.13291745107467878,1,1,TSGDA-1
250,-0.03564419015348137,-0.035562123014725514,8.206713875585914e-05,-0.035438213096480195,1,1,TSGDA-1
300,-0.10045814217455531,-0.09999263261203789,0.00046550956251742437,-0.09978040805610902,1,1,TSGDA-1
350,-0.13915541344329801,-0.13709591633216053,0.0020594971111374816,-0.1253795742956951,1,1,TSGDA-1
400,-0.13222669212205468,-0.13149472698764197,0.0007319651344127043,-0.13491219140846944,1,1,TSGDA-1
450,-0.15178205820659957,-0.1490774052421467,0.0027046529644528805,-0.13937780191411753,1,1,TSGDA-1
500,-0.13764448433807927,-0.1360880079872391,0.0015564763508401636,-0.1408421781743773,1,1,TSGDA-1
550,-0.15046474133466176,-0.1479732463661641,0.002491494968497654,-0.1413044467480289,1,1,TSGDA-1
600,-0.14987648355921157,-0.14748515296876036,0.0023913305904512128,-0.14119715108792058,1,1,TSGDA-1
650,-0.13083422889121388,-0.13017066538786765,0.0006635635033462317,-0.14135311554488372,1,1,TSGDA-1
700,-0.14718731642304814,-0.1452170580304021,0.0019702583926460293,-0.14135316423511016,1,1,TSGDA-1
750,-0.13397232490260255,-0.13297573695839546,0.0009965879442070946,-0.14125699147190027,1,1,TSGDA-1
800,-0.1321405197958092,-0.13116026033125794,0.0009802594645512697,-0.14033525438047817,1,1,TSGDA-1
850,-0.14076045590536151,-0.13912403341638863,0.0016364224889728884,-0.13886482298982605,1,1,TSGDA-1
900,-0.1426679657797158,-0.1408961328904123,0.001771832889303493,-0.14047537241802482,1,1,TSGDA-1
950,-0.1404748636985989,-0.13911267600689237,0.00136218769170654,-0.14147702953126445,1,1,TSGDA-1
1000,-0.13430998715875697,-0.13328296870235384,0.0010270184564031282,-0.14155160185718985,1,1,TSGDA-1
1050,-0.13606330795857963,-0.1347546860405795,0.0013086219180001302,-0.14159945558833748,1,1,TSGDA-1
1100,-0.13445938741157998,-0.13335837345686713,0.0011010139547128484,-0.1416139659166637,1,1,TSGDA-1
1150,-0.14891342586888856,-0.14670177139602741,0.0022116544728611465,-0.14100825918848914,1,1,TSGDA-1
1200,-0.1457782452165616,-0.143748654943368,0.0020295902731936044,-0.14121850632664187,1,1,TSGDA-1
1250,-0.14235605581842478,-0.14054223292415743,0.0018138228942673473,-0.14135559900930514,1,1,TSGDA-1
1300,-0.15127363471104904,-0.14865847580233377,0.002615158908715276,-0.1418357173197014,1,1,TSGDA-1
1350,-0.15392645698810198,-0.15107780040141772,0.0028486565866842617,-0.14228291535896975,1,1,TSGDA-1
1400,-0.14633460606981186,-0.14384342190116567,0.0024911841686461877,-0.14224144970760755,1,1,TSGDA-1
1450,-0.16778253607621457,-0.16334403363578753,0.004438502440427039,-0.14218006227337104,1,1,TSGDA-1
1500,-0.14517303250353572,-0.14280145483556753,0.0023715776679681944,-0.1417780565778585,1,1,TSGDA-1
1550,-0.14957849516187532,-0.14698449211627906,0.0025940030455962604,-0.1415440086323797,1,1,TSGDA-1
1600,-0.1372624310443994,-0.1358604453988394,0.0014019856455599888,-0.14161049515608048,1,1,TSGDA-1
1650,-0.13692743481184583,-0.13581433334561516,0.0011131014662306704,-0.141554549575988,1,1,TSGDA-1
1700,-0.13169505242557922,-0.1309454654492997,0.000749586976279526,-0.14111276009261992,1,1,TSGDA-1
1750,-0.14484338298472937,-0.14324441702419305,0.001598965960536325,-0.1409789626468141,1,1,TSGDA-1
1800,-0.14452954544082275,-0.14273455529803947,0.0017949901427832815,-0.14147790330589832,1,1,TSGDA-1
1850,-0.137306952073816,-0.13613388337512772,0.0011730686986882732,-0.14137792498126417,1,1,TSGDA-1
1900,-0.12841611499130481,-0.1277567679952101,0.0006593469960947118,-0.14096514033345028,1,1,TSGDA-1
1950,-0.138689176434844,-0.13741453406045237,0.0012746423743916213,-0.1394444363754707,1,1,TSGDA-1
2000,-0.1332353039570251,-0.1323874604875518,0.0008478434694733084,-0.13936333207704277,1,1,TSGDA-1
1,12.185581719094838,12.192661562709864,0.007079843615025894,12.383703846018669,1,2,HSGDA
50,4.406310153148328,4.411468831736271,0.005158678587942944,4.459419468400377,1,2,HSGDA
100,1.5019737895952554,1.5048255556372645,0.0028517660420090962,1.4555147531313906,1,2,HSGDA
150,0.43299272860976906,0.42367890295904087,-0.009313825650728191,0.3910254489658773,1,2,HSGDA
200,0.054325321916609715,0.03916956464348459,-0.015155757273125126,0.027179188923831088,1,2,HSGDA
250,-0.09309237701761974,-0.11338420142299488,-0.020291824405375136,-0.09814383487748002,1,2,HSGDA
300,-0.1391529355678657,-0.15556754496270245,-0.016414609394836743,-0.1421004174404009,1,2,HSGDA
350,-0.16093827934408078,-0.1785875008523523,-0.01764922150827153,-0.1565280947892862,1,2,HSGDA
400,-0.15204990077800354,-0.1673983904582166,-0.015348489680213073,-0.1622864030995083,1,2,HSGDA
450,-0.1575009328495139,-0.17469418629544767,-0.017193253445933754,-0.16526134521848632,1,2,HSGDA
500,-0.15308395466190944,-0.16698995645523168,-0.013906001793322242,-0.1652831391112662,1,2,HSGDA
550,-0.1385785725542659,-0.1479488986832412,-0.009370326128975315,-0.16441703524666976,1,2,HSGDA
600,-0.16000089706985704,-0.17087311995677207,-0.010872222886915028,-0.16244009299793288,1,2,HSGDA
650,-0.15380009330340813,-0.16459098056199636,-0.010790887258588233,-0.16246523438182667,1,2,HSGDA
700,-0.15336379741949496,-0.1636965121597671,-0.010332714740272142,-0.16285925264160478,1,2,HSGDA
750,-0.1733545820433204,-0.18772846221012798,-0.014373880166807573,-0.16242158197532966,1,2,HSGDA
800,-0.15023599154870187,-0.16080683367556248,-0.010570842126860602,-0.16301282941810286,1,2,HSGDA
850,-0.16836793522880344,-0.1812637248856157,-0.012895789656812262,-0.16333384894748465,1,2,HSGDA
900,-0.1481493370649044,-0.1583672917112569,-0.0102179546463525,-0.1641386432792618,1,2,HSGDA
950,-0.15301345433824554,-0.16435102367247967,-0.011337569334234132,-0.16323200447230518,1,2,HSGDA
1000,-0.1317963019197136,-0.1400506056577122,-0.008254303737998625,-0.16369798074011216,1,2,HSGDA
1050,-0.14721881152594654,-0.1569248995575986,-0.009706088031652071,-0.1632100683878933,1,2,HSGDA
1100,-0.14580080654573735,-0.15366383633022657,-0.007863029784489217,-0.16166259944481187,1,2,HSGDA
1150,-0.1481063784817045,-0.1563447615144516,-0.008238383032747099,-0.16070135414029924,1,2,HSGDA
1200,-0.15174412762405584,-0.16084035386515363,-0.009096226241097793,-0.16119339206951275,1,2,HSGDA
1250,-0.15856813450182056,-0.16780664281077223,-0.009238508308951676,-0.1598676771368997,1,2,HSGDA
1300,-0.13709388040793624,-0.14375403490637412,-0.006660154498437876,-0.15951299557178944,1,2,HSGDA
1350,-0.13254447236001746,-0.13680790419733843,-0.0042634318373209745,-0.15898885494608148,1,2,HSGDA
1400,-0.15317361804484741,-0.16322487881795072,-0.01005126077310331,-0.16114511296584366,1,2,HSGDA
1450,-0.13953188048859277,-0.1480837973283669,-0.008551916839774132,-0.16183471024938462,1,2,HSGDA
1500,-0.1482453843310306,-0.15973908196104034,-0.011493697630009736,-0.1631970130913495,1,2,HSGDA
1550,-0.1546838051569453,-0.16710012164459165,-0.01241631648764635,-0.16342588497484833,1,2,HSGDA
1600,-0.15314086158804288,-0.16421450539735136,-0.011073643809308475,-0.16220921363952814,1,2,HSGDA
1650,-0.15633597453599646,-0.16843265798672047,-0.01209668345072401,-0.16220673935427643,1,2,HSGDA
1700,-0.15111955003816172,-0.16034415706362062,-0.009224607025458909,-0.16192336484867706,1,2,HSGDA
1750,-0.16882935621465214,-0.18106847670553985,-0.012239120490887712,-0.16273237472897392,1,2,HSGDA
1800,-0.15518386829867842,-0.16567361140703502,-0.010489743108356597,-0.16164411877943824,1,2,HSGDA
1850,-0.16047247347501978,-0.17258941343397863,-0.01211693995895885,-0.16172373954985428,1,2,HSGDA
1900,-0.16612075342104332,-0.17910173300462634,-0.012980979583583019,-0.16250432895598377,1,2,HSGDA
1950,-0.1315595321506268,-0.13949930145747172,-0.007939769306844924,-0.16244900701155732,1,2,HSGDA
2000,-0.142553299980132,-0.15071323640071482,-0.008159936420582825,-0.16140793011275129,1,2,HSGDA
1,12.169663207038065,12.167995773751358,-0.001667433286707265,12.383703846018669,1,2,TSGDA-1
50,4.508078655879423,4.54101998300906,0.032941327129637266,4.526463486972415,1,2,TSGDA-1
100,1.5699593014899367,1.5898332630315033,0.01987396154156662,1.53739294111758,1,2,TSGDA-1
150,0.4636820099409767,0.4678327920427535,0.004150782101776829,0.46516443721140455,1,2,TSGDA-1
200,0.09193031790754541,0.0932945169400135,0.0013641990324680942,0.078731644881958,1,2,TSGDA-1
250,-0.044269964972084325,-0.044313434033618065,-4.346906153374075e-05,-0.06064043052790863,1,2,TSGDA-1
300,-0.10746646324299419,-0.1093629749423532,-0.0018965116993590048,-0.1107518442651641,1,2,TSGDA-1
350,-0.11806521756264393,-0.11855543493671095,-0.0004902173740670146,-0.12891306594992613,1,2,TSGDA-1
400,-0.14616721880694306,-0.15003129688031053,-0.0038640780733674718,-0.13558226860193517,1,2,TSGDA-1
450,-0.13764643654386338,-0.1390887800169896,-0.0014423434731262175,-0.13777267739575438,1,2,TSGDA-1
500,-0.1419128751459363,-0.1446353627989011,-0.002722487652964789,-0.13881871169341664,1,2,TSGDA-1
550,-0.1362791769508899,-0.1382779469080266,-0.0019987699571367146,-0.13909714359134115,1,2,TSGDA-1
600,-0.14244530438251318,-0.1459095222579343,-0.003464217875421116,-0.14055392470917127,1,2,TSGDA-1
650,-0.13541581928134439,-0.13702421453340008,-0.0016083952520556943,-0.14073493202087034,1,2,TSGDA-1
700,-0.12725180309182976,-0.12788138741818855,-0.0006295843263587897,-0.14054282244521477,1,2,TSGDA-1
750,-0.14029061217441968,-0.14287951321586856,-0.0025889010414488767,-0.14065474464565136,1,2,TSGDA-1
800,-0.12920565450219962,-0.13050960885288998,-0.0013039543506903617,-0.14077303113215728,1,2,TSGDA-1
850,-0.13283446562283757,-0.13598320515616935,-0.003148739533331779,-0.14067343087073475,1,2,TSGDA-1
900,-0.14389682195569925,-0.14772884434442796,-0.0038320223887287064,-0.14069558687633726,1,2,TSGDA-1
950,-0.14580430352965107,-0.14976366265319135,-0.003959359123540285,-0.1415371559451447,1,2,TSGDA-1
1000,-0.1428234887726376,-0.14635566346070514,-0.0035321746880675464,-0.14161876920114294,1,2,TSGDA-1
1050,-0.14390716120025465,-0.14751967692364104,-0.003612515723386389,-0.1415312338374637,1,2,TSGDA-1
1100,-0.1446723692732387,-0.14808990432577426,-0.0034175350525355586,-0.141349327013487,1,2,TSGDA-1
1150,-0.14241675149965358,-0.14523941105312063,-0.002822659553467055,-0.14128834573804014,1,2,TSGDA-1
1200,-0.13389162130212978,-0.13558655337894726,-0.0016949320768174791,-0.140467688047476,1,2,TSGDA-1
1250,-0.14668999143441117,-0.15074589270673036,-0.004055901272319196,-0.14096045044942854,1,2,TSGDA-1
1300,-0.15665937995791981,-0.16282008669037448,-0.006160706732454668,-0.1416208049436035,1,2,TSGDA-1
1350,-0.15436310309876747,-0.16067659046909424,-0.006313487370326776,-0.14185713768880212,1,2,TSGDA-1
1400,-0.13890377103452617,-0.14199143325715513,-0.003087662222628962,-0.14182865734828382,1,2,TSGDA-1
1450,-0.13945353952342104,-0.14304084677857293,-0.0035873072551518836,-0.14188733190899705,1,2,TSGDA-1
1500,-0.1321804453596436,-0.13461304615632005,-0.002432600796676454,-0.14144669530917667,1,2,TSGDA-1
1550,-0.13380671331733715,-0.13486949311193144,-0.001062779794594293,-0.14107912334501524,1,2,TSGDA-1
1600,-0.13745646617917368,-0.13988068172104567,-0.002424215541871999,-0.14066375698017558,1,2,TSGDA-1
1650,-0.142921042470025,-0.14631712943387978,-0.003396086963854794,-0.14093149649578743,1,2,TSGDA-1
1700,-0.1580182199278201,-0.1634165657938092,-0.005398345865989085,-0.14155381948435403,1,2,TSGDA-1
1750,-0.15350933904185066,-0.15915123403028142,-0.005641894988430762,-0.14168954302211023,1,2,TSGDA-1
1800,-0.14610262421246564,-0.1507125502999612,-0.004609926087495553,-0.14184094306980524,1,2,TSGDA-1
1850,-0.14167438323068726,-0.14512850340429378,-0.003454120173606523,-0.14177303920636686,1,2,TSGDA-1
1900,-0.1437600619049097,-0.14765557049552158,-0.0038955085906118847,-0.1418484309226023,1,2,TSGDA-1
1950,-0.1580249955032375,-0.1650182670926434,-0.0069932715894058806,-0.14191938093813983,1,2,TSGDA-1
2000,-0.13884745350524452,-0.14188656630527807,-0.00303911280003355,-0.14183344288792005,1,2,TSGDA-1
1,12.666834180508735,12.671030881689612,0.004196701180877227,13.135052239721624,1,3,HSGDA
50,4.718089795420784,4.761518878709081,0.043429083288296866,4.761918056538257,1,3,HSGDA
100,1.6283124232224164,1.645970010266728,0.01765758704431164,1.5603021454454136,1,3,HSGDA
150,0.4860556340876495,0.48468796426861593,-0.001367669819033579,0.45753383116218593,1,3,HSGDA
200,0.09303530869019125,0.0880713507396847,-0.004963957950506553,0.0777823864136907,1,3,HSGDA
250,-0.0648812461274868,-0.0733983081934731,-0.008517062065986292,-0.05847353880736478,1,3,HSGDA
300,-0.1138601487296344,-0.12338428445008309,-0.00952413572044869,-0.11453693050414787,1,3,HSGDA
350,-0.11386151920215967,-0.11889052455366891,-0.0050290053515092414,-0.13759303369964646,1,3,HSGDA
400,-0.1433441639135103,-0.15477522728136844,-0.011431063367858152,-0.14792798733022794,1,3,HSGDA
450,-0.12814162998882023,-0.135478282346992,-0.007336652358171769,-0.1526417986486454,1,3,HSGDA
500,-0.13074349858916756,-0.13784040025235633,-0.0070969016631887705,-0.15453697944526112,1,3,HSGDA
550,-0.12820005477829355,-0.13257053610575392,-0.004370481327460374,-0.15396848278247882,1,3,HSGDA
600,-0.1491160697307572,-0.16250611588462788,-0.013390046153870683,-0.15390430365778307,1,3,HSGDA
650,-0.14278347617648057,-0.15461486035217054,-0.011831384175689963,-0.15524278569990457,1,3,HSGDA
700,-0.14713165351351726,-0.16150669419287006,-0.014375040679352802,-0.15594077692832503,1,3,HSGDA
750,-0.1289485089322075,-0.1374082777202788,-0.008459768788071309,-0.15611864239652323,1,3,HSGDA
800,-0.13547888080842643,-0.14439555422693565,-0.008916673418509213,-0.15524600549485537,1,3,HSGDA
850,-0.13018198216634413,-0.13758998973290676,-0.007408007566562624,-0.15394738701830252,1,3,HSGDA
900,-0.14471851027737756,-0.15814647946786933,-0.013427969190491773,-0.15524073648244355,1,3,HSGDA
950,-0.14243783986929281,-0.1551085284061809,-0.012670688536888075,-0.1569053482368447,1,3,HSGDA
1000,-0.1381811644159387,-0.14865843957113212,-0.010477275155193422,-0.1561555662068005,1,3,HSGDA
1050,-0.1409598728529537,-0.15254282897298377,-0.011582956120030075,-0.15492022168779507,1,3,HSGDA
1100,-0.14121522506020123,-0.1520366659276428,-0.010821440867441579,-0.15383678687263042,1,3,HSGDA
1150,-0.1392048196183254,-0.14844708789614816,-0.009242268277822763,-0.15293238640435122,1,3,HSGDA
1200,-0.1365814521664206,-0.14671078028064088,-0.010129328114220293,-0.15356480215143897,1,3,HSGDA
1250,-0.1510973208900706,-0.16494386716216575,-0.01384654627209514,-0.1527794111078013,1,3,HSGDA
1300,-0.13521258059357366,-0.14260355014003206,-0.0073909695464584035,-0.15316180946108593,1,3,HSGDA
1350,-0.14238116284500382,-0.15323429501462796,-0.010853132169624136,-0.15373875784561028,1,3,HSGDA
1400,-0.13592449911600948,-0.14491929773348974,-0.00899479861748026,-0.15521118641216955,1,3,HSGDA
1450,-0.13726883681907512,-0.1465912159642114,-0.009322379145136284,-0.15497641911589663,1,3,HSGDA
1500,-0.14307889974915958,-0.15450834393009447,-0.011429444180934889,-0.15348086989017348,1,3,HSGDA
1550,-0.1290834392210285,-0.13464273542107924,-0.005559296200050745,-0.1540569554097882,1,3,HSGDA
1600,-0.1411930699444399,-0.14998435041683447,-0.00879128047239458,-0.15347946458576264,1,3,HSGDA
1650,-0.13750832384220982,-0.14575428187199216,-0.008245958029782341,-0.15398170462110414,1,3,HSGDA
1700,-0.14854456260147186,-0.16104464159499587,-0.01250007899352401,-0.15385068314503625,1,3,HSGDA
1750,-0.13996893140015,-0.14804438065014996,-0.008075449249999977,-0.1526358543801734,1,3,HSGDA
1800,-0.1489076512296406,-0.16319388362208206,-0.014286232392441478,-0.15444379847301967,1,3,HSGDA
1850,-0.13627508539605437,-0.14728893972378437,-0.01101385432773,-0.1565656983483535,1,3,HSGDA
1900,-0.15242117704844804,-0.16941346805325486,-0.016992291004806814,-0.15785970029506685,1,3,HSGDA
1950,-0.1430444927643231,-0.15786635138819885,-0.01482185862387575,-0.1585782296347336,1,3,HSGDA
2000,-0.13906746061421968,-0.14979866358024815,-0.010731202966028475,-0.15823414420523016,1,3,HSGDA
1,12.661671311928243,12.663441457627064,0.0017701456988206132,13.135052239721624,1,3,TSGDA-1
50,4.7828734930260985,4.839775519445729,0.05690202641963005,4.827951926578139,1,3,TSGDA-1
100,1.66334817781336,1.6880436359257343,0.02469545811237417,1.6330444977799015,1,3,TSGDA-1
150,0.4995216820834898,0.5030951010013539,0.003573418917864113,0.48092304288409965,1,3,TSGDA-1
200,0.08537356109669436,0.08249856055764052,-0.0028750005390538458,0.08329688580382424,1,3,TSGDA-1
250,-0.0519432209235311,-0.0548228923029484,-0.0028796713794173034,-0.05985835396278885,1,3,TSGDA-1
300,-0.11254346843915941,-0.11919530706518922,-0.006651838626029805,-0.11132624044183317,1,3,TSGDA-1
350,-0.13828481617169686,-0.1466797071029497,-0.00839489093125284,-0.1304685155866135,1,3,TSGDA-1
400,-0.1399612750491051,-0.14769603653522456,-0.007734761486119457,-0.13740209846850804,1,3,TSGDA-1
450,-0.13546869645828863,-0.1419233843507433,-0.00645468789245468,-0.13995259130731574,1,3,TSGDA-1
500,-0.12986869778791,-0.13326995563377075,-0.003401257845860761,-0.14055865312243254,1,3,TSGDA-1
550,-0.1372503100074845,-0.14310267718892467,-0.005852367181440166,-0.14008057403879098,1,3,TSGDA-1
600,-0.1405917230133533,-0.1479627468476453,-0.007371023834292001,-0.14012604599974507,1,3,TSGDA-1
650,-0.13490939529852536,-0.13949616831118433,-0.004586773012658973,-0.14048731998364683,1,3,TSGDA-1
700,-0.13609335060348648,-0.14152466200489844,-0.0054313114014119535,-0.1401106064400689,1,3,TSGDA-1
750,-0.138816848714703,-0.14504548556503538,-0.00622863685033237,-0.1401236647469874,1,3,TSGDA-1
800,-0.12904494119573412,-0.131264930502897,-0.002219989307162884,-0.14043951223571177,1,3,TSGDA-1
850,-0.13081423875603526,-0.13336218320112136,-0.0025479444450861033,-0.1402508338171889,1,3,TSGDA-1
900,-0.12778002376546035,-0.12926798061157288,-0.0014879568461125259,-0.14013151008135236,1,3,TSGDA-1
950,-0.13054089548921483,-0.13262635406731488,-0.0020854585781000523,-0.13979789039207047,1,3,TSGDA-1
1000,-0.1354243367740241,-0.14085576478276152,-0.005431428008737416,-0.13995444120706696,1,3,TSGDA-1
1050,-0.13988754149482074,-0.14617242851371082,-0.006284887018890073,-0.14029316386634622,1,3,TSGDA-1
1100,-0.12683638072095305,-0.12869321375742754,-0.0018568330364744923,-0.1402253407036863,1,3,TSGDA-1
1150,-0.1389413851144375,-0.14560708871137884,-0.0066657035969413525,-0.13995523171131335,1,3,TSGDA-1
1200,-0.1388900916876302,-0.144534607408049,-0.005644515720418797,-0.1405794756670514,1,3,TSGDA-1
1250,-0.13971691676144082,-0.1460420744024179,-0.006325157640977075,-0.14104773380300684,1,3,TSGDA-1
1300,-0.1347659227398284,-0.13963301104266307,-0.004867088302834666,-0.14151145536117715,1,3,TSGDA-1
1350,-0.13774873101746862,-0.14380056845840375,-0.006051837440935126,-0.14106336607047867,1,3,TSGDA-1
1400,-0.13304461431918463,-0.1385547736790892,-0.005510159359904565,-0.14061343384038316,1,3,TSGDA-1
1450,-0.12781063277394802,-0.12980110140435683,-0.0019904686304088037,-0.1396696904339301,1,3,TSGDA-1
1500,-0.13777784199185686,-0.1427589345555759,-0.004981092563719036,-0.13914566878782422,1,3,TSGDA-1
1550,-0.13828764772399557,-0.1437602516294114,-0.005472603905415818,-0.1403152668727852,1,3,TSGDA-1
1600,-0.13233412577053533,-0.13411109124805048,-0.0017769654775151578,-0.14079082931926828,1,3,TSGDA-1
1650,-0.1299767914667132,-0.1326501795717583,-0.0026733881050450825,-0.14001000461864987,1,3,TSGDA-1
1700,-0.13200250927691987,-0.13451953629299618,-0.002517027016076312,-0.1394427594009809,1,3,TSGDA-1
1750,-0.13096531983662252,-0.13220735566414882,-0.0012420358275263,-0.13973576749432653,1,3,TSGDA-1
1800,-0.12864275634615868,-0.13112580506110633,-0.0024830487149476443,-0.13949521719804953,1,3,TSGDA-1
1850,-0.13118442838712072,-0.1332554635521925,-0.0020710351650717884,-0.13907212928460452,1,3,TSGDA-1
1900,-0.13648886840803168,-0.14196484515623634,-0.005475976748204658,-0.13975004269570565,1,3,TSGDA-1
1950,-0.13455708482044293,-0.13839819990941316,-0.003841115088970226,-0.1396500739330398,1,3,TSGDA-1
2000,-0.13431287710076067,-0.13797994359041188,-0.003667066489651205,-0.13985237516325316,1,3,TSGDA-1
1,11.82092358228834,11.822552242077634,0.0016286597892936072,11.496831172773902,1,4,HSGDA
50,4.26218672143883,4.2825462539918755,0.020359532553045234,4.251267278380695,1,4,HSGDA
100,1.5163656936713772,1.53120452236294,0.014838828691562833,1.5361998575764642,1,4,HSGDA
150,0.5257787669761946,0.5369071931028346,0.01112842612664,0.552865515978499,1,4,HSGDA
200,0.18189766343667751,0.18825878328551188,0.006361119848834362,0.1856673096559157,1,4,HSGDA
250,0.01660834975116965,0.022487308052662525,0.005878958301492876,0.04279620604194212,1,4,HSGDA
300,-0.02207665625955052,-0.019132545666878054,0.0029441105926724664,-0.021609497563546104,1,4,HSGDA
350,-0.07478444468690396,-0.07234849925712081,0.0024359454297831484,-0.055543028745648815,1,4,HSGDA
400,-0.08353218892812544,-0.08247539218063815,0.001056796747487293,-0.07762778702968032,1,4,HSGDA
450,-0.0962621358140901,-0.09598330986732381,0.0002788259467662868,-0.09659855689808095,1,4,HSGDA
500,-0.11424854237038898,-0.1137331944185373,0.0005153479518516801,-0.11021697355036283,1,4,HSGDA
550,-0.12585263204361102,-0.12473694660444246,0.0011156854391685678,-0.12231940834750388,1,4,HSGDA
600,-0.13084910230873717,-0.12957569948763734,0.0012734028210998338,-0.13329288548152832,1,4,HSGDA
650,-0.14811567320389502,-0.14533587165026873,0.002779801553626282,-0.14165179828993485,1,4,HSGDA
700,-0.1411730817814436,-0.1388678913631523,0.002305190418291303,-0.14837449162879102,1,4,HSGDA
750,-0.14390547114890762,-0.14102376967927382,0.0028817014696337906,-0.15348785391729053,1,4,HSGDA
800,-0.15075102469667023,-0.14673516732206993,0.004015857374600307,-0.15558121257163915,1,4,HSGDA
850,-0.1472722646602041,-0.14298360010862088,0.004288664551583221,-0.15876239634856865,1,4,HSGDA
900,-0.15066576909587176,-0.1458843929838684,0.004781376112003355,-0.16076929498445452,1,4,HSGDA
950,-0.17112423507644936,-0.16407548211456946,0.0070487529618799005,-0.1627340881252553,1,4,HSGDA
1000,-0.1668074273829186,-0.15955732456314436,0.007250102819774229,-0.16393135682088927,1,4,HSGDA
1050,-0.17912546346988928,-0.16994284997087777,0.009182613499011505,-0.16542141545548217,1,4,HSGDA
1100,-0.21191710034990358,-0.198328454952938,0.013588645396965582,-0.16642082852247136,1,4,HSGDA
1150,-0.1637145391212787,-0.15450907671147013,0.009205462409808574,-0.16670092512633727,1,4,HSGDA
1200,-0.19490622268066815,-0.1833182935521252,0.011587929128542951,-0.1667098164630163,1,4,HSGDA
1250,-0.1638979345805473,-0.15491031280229856,0.008987621778248744,-0.16685984521456104,1,4,HSGDA
1300,-0.14124379252927155,-0.1337996866541336,0.007444105875137941,-0.16709718835863296,1,4,HSGDA
1350,-0.15609407973830552,-0.14593257424436,0.01016150549394551,-0.16701770264453625,1,4,HSGDA
1400,-0.200903941604335,-0.18650038802928703,0.014403553575047967,-0.1665610348630704,1,4,HSGDA
1450,-0.17622579408744254,-0.16439190511199792,0.011833888975444629,-0.16692907994819006,1,4,HSGDA
1500,-0.16201027029884962,-0.15061019167462536,0.011400078624224264,-0.16689604527281132,1,4,HSGDA
1550,-0.16733354916647725,-0.1549333791366958,0.012400170029781443,-0.16688571876789138,1,4,HSGDA
1600,-0.1616976582101372,-0.14982174026483996,0.011875917945297243,-0.166725905965518,1,4,HSGDA
1650,-0.15297891530203533,-0.14298623556185153,0.009992679740183807,-0.16666356587555875,1,4,HSGDA
1700,-0.17596290660610409,-0.16342309922238135,0.012539807383722734,-0.16653220852208722,1,4,HSGDA
1750,-0.1841913106442964,-0.17032373217781904,0.013867578466477348,-0.16701828290342186,1,4,HSGDA
1800,-0.1836988895904531,-0.16987659557840495,0.013822294012048153,-0.16679472205819523,1,4,HSGDA
1850,-0.21696193958011428,-0.20070675919961162,0.016255180380502665,-0.1663315480083259,1,4,HSGDA
1900,-0.1947048489536342,-0.1783548874228274,0.01634996153080681,-0.16578172978719152,1,4,HSGDA
1950,-0.19365009943455375,-0.17880977381702157,0.01484032561753218,-0.1665174948984383,1,4,HSGDA
2000,-0.17575226002884353,-0.1608381713511084,0.014914088677735138,-0.16521227763398233,1,4,HSGDA
1,11.815743183779219,11.817665483437032,0.001922299657813653,11.496831172773902,1,4,TSGDA-1
50,4.212978463301662,4.2286415012452,0.015663037943538072,4.241295503085186,1,4,TSGDA-1
100,1.4846663687174304,1.4935864767226497,0.008920108005219252,1.527085245835825,1,4,TSGDA-1
150,0.49270660637694597,0.49645813060632993,0.0037515242293839623,0.5132266928197822,1,4,TSGDA-1
200,0.12218317166238066,0.12351326520513647,0.001330093542755817,0.12735767960121913,1,4,TSGDA-1
250,-0.028863110090730004,-0.028660384972384573,0.0002027251183454315,-0.024268117417178603,1,4,TSGDA-1
300,-0.08202210950526012,-0.08229234434098684,-0.00027023483572671814,-0.08734798398173685,1,4,TSGDA-1
350,-0.11938780168367755,-0.11896259945110763,0.0004252022325699212,-0.11759634994691828,1,4,TSGDA-1
400,-0.1290625652061048,-0.12854544065163367,0.0005171245544711156,-0.12956994326269247,1,4,TSGDA-1
450,-0.15050753710306447,-0.14810070976461776,0.0024068273384467154,-0.13550694507135735,1,4,TSGDA-1
500,-0.14642079556571974,-0.1442094872259066,0.002211308339813145,-0.13924093875515653,1,4,TSGDA-1
550,-0.14196597024722296,-0.1401674725833581,0.001798497663864862,-0.13980829403922812,1,4,TSGDA-1
600,-0.1402292163470768,-0.13875039390467192,0.0014788224424048813,-0.1401801563761434,1,4,TSGDA-1
650,-0.14556839097665647,-0.14377059604855413,0.0017977949281023364,-0.14110642412908703,1,4,TSGDA-1
700,-0.13348503324079347,-0.13265439935559875,0.0008306338851947204,-0.14144035336412097,1,4,TSGDA-1
750,-0.13549460030473032,-0.1349032196195315,0.0005913806851988168,-0.1412602311780392,1,4,TSGDA-1
800,-0.14338903094889166,-0.14190195291886837,0.0014870780300232922,-0.1414236958941436,1,4,TSGDA-1
850,-0.13814039075744533,-0.13663938951853666,0.0015010012389086724,-0.14125454265061788,1,4,TSGDA-1
900,-0.14634766168637225,-0.14406848347967383,0.002279178206698429,-0.14137367645122229,1,4,TSGDA-1
950,-0.1414732063794652,-0.13967680228317098,0.001796404096294224,-0.14147179321453202,1,4,TSGDA-1
1000,-0.137730801062,-0.1363265261297291,0.0014042749322709103,-0.14158061305191758,1,4,TSGDA-1
1050,-0.1315903117372828,-0.13081389344982397,0.0007764182874588355,-0.14091957170863112,1,4,TSGDA-1
1100,-0.14725999295195738,-0.14497990870291458,0.002280084249042802,-0.141161185921967,1,4,TSGDA-1
1150,-0.13816676330829583,-0.1367060165052408,0.0014607468030550241,-0.1415649481512136,1,4,TSGDA-1
1200,-0.14436431412210082,-0.14234980698455973,0.0020145071375410883,-0.14155118777317333,1,4,TSGDA-1
1250,-0.14458791737210644,-0.14250702071905821,0.0020808966530482254,-0.14070662526494052,1,4,TSGDA-1
1300,-0.1359259837482178,-0.13487223919764757,0.0010537445505702236,-0.14084370479987884,1,4,TSGDA-1
1350,-0.1351046101357022,-0.13411471826708618,0.000989891868616033,-0.14081615991716015,1,4,TSGDA-1
1400,-0.15003442284964089,-0.14797938175364342,0.0020550410959974674,-0.1413376862916603,1,4,TSGDA-1
1450,-0.14056922698896807,-0.1391122342346151,0.0014569927543529593,-0.14168799813324412,1,4,TSGDA-1
1500,-0.1423078531062785,-0.1408049828543522,0.0015028702519263026,-0.14143523462502186,1,4,TSGDA-1
1550,-0.13374249487657447,-0.13269699194546725,0.0010455029311072228,-0.14147261213065532,1,4,TSGDA-1
1600,-0.1213823196097765,-0.12136193875200177,2.0380857774726646e-05,-0.13993667727073414,1,4,TSGDA-1
1650,-0.15019903368766008,-0.14771504546885073,0.002483988218809352,-0.13897274322785547,1,4,TSGDA-1
1700,-0.13323023536485215,-0.1322971363783442,0.000933098986507952,-0.1398202772707228,1,4,TSGDA-1
1750,-0.13978332445800834,-0.1383116683182592,0.0014716561397491446,-0.13985480229185754,1,4,TSGDA-1
1800,-0.1515359128296891,-0.14885760918384383,0.002678303645845259,-0.14068907207197578,1,4,TSGDA-1
1850,-0.14638589874635932,-0.1441760558756467,0.0022098428707126305,-0.14073051609848025,1,4,TSGDA-1
1900,-0.14560781579872084,-0.14338624069439254,0.0022215751043282994,-0.14054789049041833,1,4,TSGDA-1
1950,-0.14129828695588745,-0.13968297506299346,0.0016153118928939891,-0.14070394242121806,1,4,TSGDA-1
2000,-0.14340124716789376,-0.1413971038945852,0.0020041432733085562,-0.14106025635410735,1,4,TSGDA-1
1,11.476013873904733,11.474985766436788,-0.0010281074679454605,11.645721123435433,1,5,HSGDA
50,4.233351951630113,4.233909968712258,0.0005580170821444241,4.230436008739253,1,5,HSGDA
100,1.4229598787256692,1.421418781164909,-0.0015410975607601518,1.4185226454996018,1,5,HSGDA
150,0.41634121476999547,0.4133294721874304,-0.003011742582565091,0.4127032766016209,1,5,HSGDA
200,0.06014383565666698,0.05663868508867159,-0.0035051505679953854,0.0526787674794536,1,5,HSGDA
250,-0.06660814624941136,-0.07060619906375781,-0.003998052814346453,-0.07819168733281723,1,5,HSGDA
300,-0.12378391163444274,-0.1299157142066943,-0.0061318025722515435,-0.12899630817275903,1,5,HSGDA
350,-0.15328931272235746,-0.16163549861040083,-0.008346185888043367,-0.1489249208571649,1,5,HSGDA
400,-0.13792981662062098,-0.1442133447304113,-0.006283528109790326,-0.15506085485866994,1,5,HSGDA
450,-0.15324742494273902,-0.16186632873394258,-0.008618903791203558,-0.15733619982169067,1,5,HSGDA
500,-0.1458322501012833,-0.15324943272261965,-0.007417182621336338,-0.15954052964151771,1,5,HSGDA
550,-0.14911562717654286,-0.1565909310069003,-0.007475303830357438,-0.15947845145976497,1,5,HSGDA
600,-0.16493250835523202,-0.1731850854904328,-0.008252577135200778,-0.1606161237387054,1,5,HSGDA
650,-0.15124523598166228,-0.15700052565868844,-0.005755289677026154,-0.16129464483107853,1,5,HSGDA
700,-0.17608040814516915,-0.1854291346183303,-0.00934872647316115,-0.1632651924284069,1,5,HSGDA
750,-0.1580652180255237,-0.16916206587586957,-0.01109684785034587,-0.1653154530581279,1,5,HSGDA
800,-0.1546173428451628,-0.16671378477674673,-0.012096441931583934,-0.16606722829113987,1,5,HSGDA
850,-0.13182211105135044,-0.13926150574580254,-0.007439394694452095,-0.16522450902277508,1,5,HSGDA
900,-0.16123620423608562,-0.17387043804323496,-0.012634233807149342,-0.16510000733202676,1,5,HSGDA
950,-0.1839329181286869,-0.19971629539518942,-0.01578337726650253,-0.16503623506415577,1,5,HSGDA
1000,-0.15608111426041724,-0.16814532839468474,-0.012064214134267504,-0.16555184551197596,1,5,HSGDA
1050,-0.1803362252617014,-0.1933590632708868,-0.013022838009185411,-0.16497294765840098,1,5,HSGDA
1100,-0.15676658159895285,-0.1669465727927782,-0.010179991193825344,-0.16250092887988837,1,5,HSGDA
1150,-0.13943401247278742,-0.1449625815427661,-0.005528569069978673,-0.16177200523108537,1,5,HSGDA
1200,-0.15661401853114418,-0.16660356401740348,-0.0099895454862593,-0.16133218499554672,1,5,HSGDA
1250,-0.14448044045917594,-0.1524422032740008,-0.007961762814824858,-0.16212316374221505,1,5,HSGDA
1300,-0.15070412397674063,-0.15794403195449644,-0.007239907977755811,-0.16244784309141622,1,5,HSGDA
1350,-0.16248758450440878,-0.1690329957929015,-0.006545411288492731,-0.16343629573501925,1,5,HSGDA
1400,-0.15823081440459127,-0.16745415628454133,-0.009223341879950053,-0.16317998862947283,1,5,HSGDA
1450,-0.16250111034088566,-0.1716267047918768,-0.009125594450991148,-0.1625819469810617,1,5,HSGDA
1500,-0.1670642746041632,-0.17659965233128574,-0.00953537772712254,-0.16364014051763778,1,5,HSGDA
1550,-0.1587126842526987,-0.16963829260320368,-0.01092560835050499,-0.16370627738783966,1,5,HSGDA
1600,-0.16256799067921737,-0.17245651862793807,-0.009888527948720693,-0.16493573213161436,1,5,HSGDA
1650,-0.1672247835659755,-0.17768963700042248,-0.010464853434446975,-0.1651998914810591,1,5,HSGDA
1700,-0.1555043981204924,-0.1640539370004356,-0.008549538879943197,-0.16443723466207164,1,5,HSGDA
1750,-0.13590759040271733,-0.14452872163952057,-0.008621131236803248,-0.16430326306747878,1,5,HSGDA
1800,-0.156677976103974,-0.16554890299116798,-0.008870926887193986,-0.16444313080466577,1,5,HSGDA
1850,-0.16061016110723972,-0.17117697283248426,-0.01056681172524454,-0.16447442709699575,1,5,HSGDA
1900,-0.16112401888507452,-0.17044492350223603,-0.009320904617161507,-0.16403922108965344,1,5,HSGDA
1950,-0.1688910589557776,-0.18169522677125827,-0.01280416781548066,-0.16549279016033586,1,5,HSGDA
2000,-0.16841708351076495,-0.17920415203622175,-0.0107870685254568,-0.1659964906734584,1,5,HSGDA
1,11.466941158450489,11.467179342554395,0.00023818410390674671,11.645721123435433,1,5,TSGDA-1
50,4.242111420214491,4.2442420548752855,0.0021306346607943283,4.261970781809582,1,5,TSGDA-1
100,1.4287592876429522,1.4259138715291129,-0.002845416113839372,1.4288214500526806,1,5,TSGDA-1
150,0.41644164792626703,0.4124869189536561,-0.003954728972610955,0.41343929120666845,1,5,TSGDA-1
200,0.0386124078454701,0.032239476791111776,-0.006372931054358322,0.04850714766724856,1,5,TSGDA-1
250,-0.08111333539190191,-0.08787017171432682,-0.006756836322424908,-0.07874596879565521,1,5,TSGDA-1
300,-0.12797979394156375,-0.1339571336028497,-0.005977339661285941,-0.12145980217680638,1,5,TSGDA-1
350,-0.13385791302736333,-0.13608303483791395,-0.002225121810550623,-0.1364643813441399,1,5,TSGDA-1
400,-0.14792760332409435,-0.1536919144348601,-0.005764311110765752,-0.1411557201798502,1,5,TSGDA-1
450,-0.1532138273368498,-0.15838380253817264,-0.005169975201322841,-0.14195855628852405,1,5,TSGDA-1
500,-0.1449463627385736,-0.15033206833117158,-0.005385705592597989,-0.14211077065157202,1,5,TSGDA-1
550,-0.1432693200866878,-0.14737913757841886,-0.00410981749173106,-0.14156714354999078,1,5,TSGDA-1
600,-0.13157600220437238,-0.13353944679975538,-0.0019634445953830015,-0.14126245214980204,1,5,TSGDA-1
650,-0.1529124876876813,-0.1587084181124397,-0.0057959304247584,-0.14062759334236535,1,5,TSGDA-1
700,-0.139088669228704,-0.14266851218573173,-0.0035798429570277346,-0.14037987006669167,1,5,TSGDA-1
750,-0.13629323368983737,-0.13844785902104673,-0.002154625331209359,-0.13997216361988263,1,5,TSGDA-1
800,-0.13841707883495935,-0.14122639924464286,-0.0028093204096835134,-0.13989598100883122,1,5,TSGDA-1
850,-0.13545538740573138,-0.13702708803563457,-0.0015717006299031944,-0.1399385372327288,1,5,TSGDA-1
900,-0.12568329237321538,-0.12572983985521644,-4.654748200105807e-05,-0.1399282820216238,1,5,TSGDA-1
950,-0.13942749856270736,-0.14132697321083038,-0.0018994746481230118,-0.13952635081578296,1,5,TSGDA-1
1000,-0.13717385873426735,-0.1393565709469785,-0.0021827122127111576,-0.13988893765961968,1,5,TSGDA-1
1050,-0.13296070866199686,-0.13479777722618705,-0.0018370685641901918,-0.14007238141764358,1,5,TSGDA-1
1100,-0.13231496298092704,-0.13328540258388316,-0.0009704396029561191,-0.139944155570221,1,5,TSGDA-1
1150,-0.14514030374076312,-0.1482386116041665,-0.003098307863403371,-0.140769645036898,1,5,TSGDA-1
1200,-0.14804224806190872,-0.15199893567213527,-0.00395668761022655,-0.1411531188890258,1,5,TSGDA-1
1250,-0.14084694973844084,-0.14329902591712987,-0.0024520761786890333,-0.1412514239680779,1,5,TSGDA-1
1300,-0.13080090539719574,-0.13249461350143804,-0.0016937081042422975,-0.14099793361618862,1,5,TSGDA-1
1350,-0.14251733656011767,-0.14643453622211755,-0.003917199661999882,-0.1402448966876489,1,5,TSGDA-1
1400,-0.13134084982496225,-0.13316807051714336,-0.0018272206921811085,-0.13882107991352405,1,5,TSGDA-1
1450,-0.13985989112769587,-0.14310110087480638,-0.0032412097471105072,-0.1393615989498736,1,5,TSGDA-1
1500,-0.14028332704587693,-0.14348957587842215,-0.003206248832545222,-0.1397978274482854,1,5,TSGDA-1
1550,-0.1282236717249045,-0.12913905169063145,-0.0009153799657269368,-0.13972134312137718,1,5,TSGDA-1
1600,-0.14017004648085915,-0.14223293606586987,-0.0020628895850107187,-0.14027439427808416,1,5,TSGDA-1
1650,-0.1365606637608543,-0.1379375769937275,-0.0013769132328732003,-0.14104611302271075,1,5,TSGDA-1
1700,-0.14340063228590794,-0.14659847319583197,-0.0031978409099240324,-0.1411191842553975,1,5,TSGDA-1
1750,-0.1414090970902545,-0.14298715793247052,-0.0015780608422160114,-0.14111941991440075,1,5,TSGDA-1
1800,-0.14971916542286956,-0.15339317748806625,-0.0036740120651966857,-0.14146644058262053,1,5,TSGDA-1
1850,-0.1423395668889989,-0.14498118190336368,-0.002641615014364773,-0.14157086613284386,1,5,TSGDA-1
1900,-0.1463945013711005,-0.14897520372163314,-0.0025807023505326487,-0.14155574799206033,1,5,TSGDA-1
1950,-0.1386848635982223,-0.14057412911390038,-0.0018892655156780847,-0.1416456943566518,1,5,TSGDA-1
2000,-0.13862864067317665,-0.1411270129244102,-0.0024983722512335604,-0.14131601108997377,1,5,TSGDA-1
1,11.690648959231483,11.686308474474902,-0.004340484756580665,10.934260816997972,1,6,HSGDA
50,3.995974722223819,3.918188825254267,-0.07778589696955196,3.893957759698394,1,6,HSGDA
100,1.3397199488448268,1.301172728365765,-0.03854722047906178,1.3111475445289977,1,6,HSGDA
150,0.39005464240517873,0.3624758915524605,-0.027578750852718215,0.38154451593804073,1,6,HSGDA
200,0.05255326049776743,0.03421159504231397,-0.01834166545545346,0.04038544043316883,1,6,HSGDA
250,-0.06781962587260998,-0.0762552679149347,-0.00843564204232472,-0.08556059325464932,1,6,HSGDA
300,-0.12217843512035387,-0.13131794573310507,-0.0091395106127512,-0.13449744983946432,1,6,HSGDA
350,-0.1629225248681958,-0.16544784498418663,-0.0025253201159908256,-0.15354175195455466,1,6,HSGDA
400,-0.1528386873564911,-0.15198658904437362,0.0008520983121174663,-0.16045441645901437,1,6,HSGDA
450,-0.1630061063618481,-0.16131007133050634,0.0016960350313417472,-0.16360152674783002,1,6,HSGDA
500,-0.18193738506305346,-0.17917344671580715,0.0027639383472463086,-0.16528381484592858,1,6,HSGDA
550,-0.17510040222722817,-0.16985174026492772,0.005248661962300449,-0.1664412264316048,1,6,HSGDA
600,-0.15208843249545556,-0.14660068533376303,0.0054877471616925355,-0.16711699925082585,1,6,HSGDA
650,-0.1547550586731395,-0.15070210711938697,0.004052951553752515,-0.16705958462089993,1,6,HSGDA
700,-0.17297192249929255,-0.16957110712990503,0.003400815369387522,-0.1671164364340958,1,6,HSGDA
750,-0.17026196359826018,-0.16523910596882868,0.005022857629431499,-0.16713359280052376,1,6,HSGDA
800,-0.1890021503469942,-0.18206369135892758,0.006938458988066609,-0.16659248850400038,1,6,HSGDA
850,-0.19363568147385601,-0.18830612604333774,0.0053295554305182735,-0.16613257959402744,1,6,HSGDA
900,-0.16623901043348682,-0.1611320890801824,0.005106921353304428,-0.16543169676487013,1,6,HSGDA
950,-0.17502362974968444,-0.1692376451237484,0.005785984625936047,-0.16592837505944213,1,6,HSGDA
1000,-0.16772013883913278,-0.16428156022399043,0.0034385786151423514,-0.16628541148542797,1,6,HSGDA
1050,-0.17459852384240987,-0.1700113429598994,0.004587180882510478,-0.16637654036178007,1,6,HSGDA
1100,-0.16523190139518334,-0.16094259121800908,0.004289310177174266,-0.1665755233523984,1,6,HSGDA
1150,-0.18443749441278856,-0.1794509782906426,0.004986516122145956,-0.16692440207246495,1,6,HSGDA
1200,-0.1817295528333931,-0.17557970338808743,0.006149849445305666,-0.1664963536093969,1,6,HSGDA
1250,-0.18645518379376802,-0.18106142936107483,0.0053937544326931874,-0.1664566311280385,1,6,HSGDA
1300,-0.15800140011973401,-0.1517744602756934,0.006226939844040602,-0.16670291116667713,1,6,HSGDA
1350,-0.17665011335965625,-0.17097995263871818,0.005670160720938067,-0.16638959119709784,1,6,HSGDA
1400,-0.15421039768733785,-0.15097715294182856,0.0032332447455092894,-0.16617968015642648,1,6,HSGDA
1450,-0.1385987673785668,-0.13663098593451473,0.0019677814440520747,-0.16624853679577767,1,6,HSGDA
1500,-0.16870587591289976,-0.16403353063804343,0.0046723452748563266,-0.16617480998903228,1,6,HSGDA
1550,-0.1661767801912294,-0.16136336755908753,0.004813412632141856,-0.16604954531218313,1,6,HSGDA
1600,-0.17576247677209694,-0.16664451947448278,0.009117957297614165,-0.16580366145680708,1,6,HSGDA
1650,-0.17766664278374528,-0.17156833673815292,0.006098306045592361,-0.16548546835626338,1,6,HSGDA
1700,-0.20228515491412485,-0.19442128613483328,0.007863868779291572,-0.164414124887923,1,6,HSGDA
1750,-0.19969348893736427,-0.19250119695203927,0.007192291985325006,-0.1643387853958353,1,6,HSGDA
1800,-0.16774050648664196,-0.16334254899366563,0.004397957492976334,-0.16474554430891575,1,6,HSGDA
1850,-0.1979808163423089,-0.18983425955894506,0.008146556783363845,-0.1640353030207511,1,6,HSGDA
1900,-0.17115868001564338,-0.16411605376381333,0.007042626251830053,-0.16516472444827535,1,6,HSGDA
1950,-0.1463018977437175,-0.14340434129409202,0.0028975564496254713,-0.16493264159989007,1,6,HSGDA
2000,-0.1716091661600166,-0.1646750229820309,0.0069341431779856855,-0.16587346953596166,1,6,HSGDA
1,11.688579588546972,11.680001662565974,-0.008577925980997492,10.934260816997972,1,6,TSGDA-1
50,3.9752679144238674,3.9150651989926355,-0.0602027154312319,3.8426935004530227,1,6,TSGDA-1
100,1.2626349607840015,1.2331407631925757,-0.029494197591425797,1.2565690848780458,1,6,TSGDA-1
150,0.3301039761422362,0.3090681003590231,-0.021035875783213087,0.35234345979833814,1,6,TSGDA-1
200,0.002971100781999192,-0.0032750237856901676,-0.0062461245676893595,0.03604420632115507,1,6,TSGDA-1
250,-0.10045508535442849,-0.10093673131938569,-0.00048164596495720025,-0.08132690411867893,1,6,TSGDA-1
300,-0.15023703023011967,-0.1522716279319173,-0.002034597701797647,-0.12200286838070426,1,6,TSGDA-1
350,-0.14949767428870445,-0.14932994319306128,0.00016773109564316435,-0.13664499772672392,1,6,TSGDA-1
400,-0.1585177823302648,-0.15620375332070552,0.002314029009559293,-0.14158182572533623,1,6,TSGDA-1
450,-0.15805691386176215,-0.15649236097099942,0.0015645528907627382,-0.1430264602154899,1,6,TSGDA-1
500,-0.14242502335534774,-0.14123017559824913,0.001194847757098605,-0.1431109198947771,1,6,TSGDA-1
550,-0.15010272178141765,-0.1485309538732893,0.001571767908128352,-0.14291267502886518,1,6,TSGDA-1
600,-0.14012020372703093,-0.14045689352566543,-0.000336689798634493,-0.1427325688771735,1,6,TSGDA-1
650,-0.14062353614523038,-0.13969527051051944,0.0009282656347109342,-0.14245255391081835,1,6,TSGDA-1
700,-0.16200632076230614,-0.1608297586301955,0.0011765621321106479,-0.1423003288716826,1,6,TSGDA-1
750,-0.12755007003949526,-0.1272251137764644,0.0003249562630308622,-0.14193439031147498,1,6,TSGDA-1
800,-0.14266367306429445,-0.1410300680339902,0.0016336050303042415,-0.1411462048359482,1,6,TSGDA-1
850,-0.14627354960368266,-0.144929575147988,0.0013439744556946742,-0.14115138185427667,1,6,TSGDA-1
900,-0.1366659654027595,-0.1359995446181051,0.0006664207846543979,-0.14097529153647925,1,6,TSGDA-1
950,-0.15140278074500294,-0.14899672485778634,0.002406055887216596,-0.1409309416616157,1,6,TSGDA-1
1000,-0.1326308489525672,-0.13210948480666765,0.0005213641458995388,-0.1409528454827533,1,6,TSGDA-1
1050,-0.1384998754119161,-0.13812416689786283,0.00037570851405327454,-0.14078710424295998,1,6,TSGDA-1
1100,-0.15151418082359944,-0.1495820133317636,0.0019321674918358345,-0.14106166247117516,1,6,TSGDA-1
1150,-0.14693224042911385,-0.1455294663769044,0.0014027740522094545,-0.14097320085495751,1,6,TSGDA-1
1200,-0.15486588074894697,-0.15246516530087906,0.002400715448067914,-0.14100270257454822,1,6,TSGDA-1
1250,-0.13257876392854573,-0.13195548530659978,0.0006232786219459441,-0.14067648892425283,1,6,TSGDA-1
1300,-0.13235005341801306,-0.1316850436543944,0.0006650097636186625,-0.14065618249983017,1,6,TSGDA-1
1350,-0.12966993312613953,-0.12946968098347492,0.00020025214266461422,-0.14044043217322946,1,6,TSGDA-1
1400,-0.15434724462179178,-0.15250915958813638,0.001838085033655401,-0.14055970616026658,1,6,TSGDA-1
1450,-0.14525158990565562,-0.14330113709306197,0.0019504528125936504,-0.14088519964203167,1,6,TSGDA-1
1500,-0.14547185331678122,-0.14490596627144872,0.0005658870453325027,-0.14149157783204838,1,6,TSGDA-1
1550,-0.17039774667730737,-0.168326350007687,0.0020713966696203623,-0.14211575971456833,1,6,TSGDA-1
1600,-0.15626145914155587,-0.1532346947625272,0.003026764379028657,-0.1421223448180265,1,6,TSGDA-1
1650,-0.14704258908632475,-0.1452578895775216,0.001784699508803167,-0.14153707747065244,1,6,TSGDA-1
1700,-0.14000817928610204,-0.13880249702962705,0.0012056822564749936,-0.14093438446071382,1,6,TSGDA-1
1750,-0.1450213806266215,-0.14381421559908836,0.0012071650275331525,-0.14115348242359882,1,6,TSGDA-1
1800,-0.12631889243615357,-0.12631028942580969,8.603010343888329e-06,-0.14096663826744277,1,6,TSGDA-1
1850,-0.12315546653005999,-0.12353737122792996,-0.0003819046978699725,-0.1399167809310854,1,6,TSGDA-1
1900,-0.14093307756005288,-0.14017404463961855,0.0007590329204343327,-0.14036504026863514,1,6,TSGDA-1
1950,-0.14485616631357562,-0.14376857005763283,0.001087596255942791,-0.1412224054888483,1,6,TSGDA-1
2000,-0.1552763516329107,-0.15376711980319552,0.0015092318297151852,-0.1419662726356008,1,6,TSGDA-1
1,12.581775386196446,12.582592493329374,0.00081710713292793,12.632715082763902,1,7,HSGDA
50,4.538554159636141,4.565306056999311,0.02675189736316952,4.573721121395193,1,7,HSGDA
100,1.5313523711465904,1.5512818797008712,0.019929508554280773,1.5688898528270323,1,7,HSGDA
150,0.4655466419018325,0.4811372297743253,0.015590587872492845,0.48738536069768956,1,7,HSGDA
200,0.06931846406229147,0.07825077871879532,0.008932314656503848,0.08577485196011181,1,7,HSGDA
250,-0.06535162599312305,-0.06518501954884759,0.00016660644427546334,-0.06478687249827503,1,7,HSGDA
300,-0.13739107152423302,-0.1340185708352546,0.0033725006889784304,-0.12129455848470161,1,7,HSGDA
350,-0.13874733574134157,-0.14343166152499887,-0.004684325783657295,-0.14523078431398506,1,7,HSGDA
400,-0.14775030931611904,-0.1523003413392347,-0.004550032023115658,-0.15331087317431463,1,7,HSGDA
450,-0.14968934403712375,-0.15707140620652454,-0.007382062169400794,-0.1571053166427543,1,7,HSGDA
500,-0.1660568363816355,-0.16289831869608407,0.0031585176855514208,-0.15906214901419435,1,7,HSGDA
550,-0.16060137960958065,-0.16188017908473784,-0.0012787994751571885,-0.15891121984006285,1,7,HSGDA
600,-0.13357965159152024,-0.13631411144866584,-0.002734459857145599,-0.15841371152387784,1,7,HSGDA
650,-0.1380290243160111,-0.14016208880448316,-0.0021330644884720584,-0.16032977892437028,1,7,HSGDA
700,-0.14801140747687258,-0.15587145431772426,-0.007860046840851675,-0.1621071752509003,1,7,HSGDA
750,-0.17679570092610875,-0.18328902243025863,-0.006493321504149885,-0.16243723926037112,1,7,HSGDA
800,-0.1453044456623121,-0.15044746636660666,-0.005143020704294565,-0.16338317125395285,1,7,HSGDA
850,-0.14284271047714478,-0.14842104431892125,-0.005578333841776473,-0.16358755491267793,1,7,HSGDA
900,-0.14954837027336337,-0.15916915884754668,-0.009620788574183303,-0.16459044945493967,1,7,HSGDA
950,-0.17558310210949296,-0.19372719139613404,-0.018144089286641074,-0.16594181990914375,1,7,HSGDA
1000,-0.1590824443959196,-0.1699981450127421,-0.01091570061682251,-0.16574449231896807,1,7,HSGDA
1050,-0.15459866356171195,-0.16491507909822925,-0.010316415536517298,-0.16596115078200838,1,7,HSGDA
1100,-0.12918564379000083,-0.14136562401123984,-0.012179980221239006,-0.16612695043164086,1,7,HSGDA
1150,-0.16196501587882922,-0.17105150709405914,-0.00908649121522992,-0.16607070212018843,1,7,HSGDA
1200,-0.12234768877795549,-0.12560167622588186,-0.0032539874479263764,-0.16624600803458295,1,7,HSGDA
1250,-0.19719934609154025,-0.21238540621972204,-0.0151860601281818,-0.16608095577244877,1,7,HSGDA
1300,-0.17155328130843947,-0.18485957421635849,-0.013306292907919015,-0.16568066825966046,1,7,HSGDA
1350,-0.15271285419430175,-0.1627002296645908,-0.00998737547028905,-0.16623259569910714,1,7,HSGDA
1400,-0.16183546785752173,-0.17109750271206997,-0.00926203485454824,-0.16562252968778673,1,7,HSGDA
1450,-0.17947829241175223,-0.19260102000820845,-0.013122727596456218,-0.16568161516748448,1,7,HSGDA
1500,-0.16878034493665162,-0.18062400361862713,-0.01184365868197551,-0.16571453968549843,1,7,HSGDA
1550,-0.16278713938287492,-0.1727961562049729,-0.010009016822097982,-0.1651232777619407,1,7,HSGDA
1600,-0.16397369021574992,-0.17184452269903028,-0.007870832483280354,-0.16435074261322263,1,7,HSGDA
1650,-0.15737372325709328,-0.16315676422032824,-0.005783040963234953,-0.16515628637173693,1,7,HSGDA
1700,-0.12104694785734166,-0.1255103147603739,-0.004463366903032229,-0.16385842358344754,1,7,HSGDA
1750,-0.13083630884927347,-0.13734409674914613,-0.0065077878998726635,-0.16306328996150984,1,7,HSGDA
1800,-0.155953308504062,-0.1593776884321206,-0.0034243799280586074,-0.162864911300354,1,7,HSGDA
1850,-0.1722294045660735,-0.17848082908952745,-0.006251424523453952,-0.16204351683134122,1,7,HSGDA
1900,-0.18789970578594503,-0.19735997719457768,-0.009460271408632648,-0.16296259617754968,1,7,HSGDA
1950,-0.13659451591864463,-0.1421852068495288,-0.005590690930884157,-0.16213766265563317,1,7,HSGDA
2000,-0.15665836587298712,-0.16351270105861124,-0.006854335185624116,-0.16148425801008023,1,7,HSGDA
1,12.58052796168439,12.581294513412159,0.0007665517277679612,12.632715082763902,1,7,TSGDA-1
50,4.583735075984411,4.608711343450391,0.024976267465980584,4.592646511044893,1,7,TSGDA-1
100,1.5559575925753841,1.5762009045193954,0.0202433119440113,1.57718707826296,1,7,TSGDA-1
150,0.4801455784144989,0.49178240796727785,0.011636829552778949,0.4893079472804702,1,7,TSGDA-1
200,0.08030313364631914,0.08454264632276409,0.0042395126764449564,0.09403417878219902,1,7,TSGDA-1
250,-0.06229373952390588,-0.06054794447819892,0.0017457950457069604,-0.05238058649717234,1,7,TSGDA-1
300,-0.11159575335914995,-0.11406714745718444,-0.002471394098034485,-0.1070727761359122,1,7,TSGDA-1
350,-0.12904526265115107,-0.12968500090432744,-0.0006397382531763696,-0.12810586447775119,1,7,TSGDA-1
400,-0.14032700058307943,-0.14194561513875656,-0.0016186145556771336,-0.1359151611518428,1,7,TSGDA-1
450,-0.12363965201671084,-0.12409199387998993,-0.0004523418632790821,-0.1393609459303824,1,7,TSGDA-1
500,-0.13825780230297266,-0.13989553681611386,-0.001637734513141198,-0.1400486827638344,1,7,TSGDA-1
550,-0.1183116713556625,-0.11738879198514496,0.0009228793705175486,-0.13967658583220785,1,7,TSGDA-1
600,-0.12590336067436814,-0.12781017545559326,-0.001906814781225119,-0.13900159206183293,1,7,TSGDA-1
650,-0.13402089844002893,-0.13664621773497485,-0.002625319294945916,-0.13907791992248583,1,7,TSGDA-1
700,-0.13426162762637767,-0.13657352190311028,-0.002311894276732618,-0.13873608154977174,1,7,TSGDA-1
750,-0.13021647224615332,-0.13160474394780178,-0.001388271701648458,-0.1383703494376363,1,7,TSGDA-1
800,-0.13435282114282993,-0.1354510512927452,-0.0010982301499152802,-0.1391141680835733,1,7,TSGDA-1
850,-0.13681636569893935,-0.137616319730115,-0.0007999540311756648,-0.1404383590474016,1,7,TSGDA-1
900,-0.1312468588464689,-0.1310635419368936,0.0001833169095752929,-0.14019560270924472,1,7,TSGDA-1
950,-0.13858671966942865,-0.14035754314580423,-0.0017708234763755826,-0.14015357187207655,1,7,TSGDA-1
1000,-0.13454433487467057,-0.13620041017797443,-0.001656075303303861,-0.13986932563315171,1,7,TSGDA-1
1050,-0.14401877771991003,-0.1473130913611849,-0.0032943136412748597,-0.1400228693370871,1,7,TSGDA-1
1100,-0.13565786713353473,-0.13702325076985644,-0.0013653836363217153,-0.14052397653808912,1,7,TSGDA-1
1150,-0.12331618364191665,-0.12453552719161876,-0.001219343549702101,-0.14069999186923743,1,7,TSGDA-1
1200,-0.13600706359258574,-0.13702532246659016,-0.0010182588740044185,-0.1404207117499056,1,7,TSGDA-1
1250,-0.13390060020435832,-0.13435656204834154,-0.00045596184398322137,-0.13987525936492087,1,7,TSGDA-1
1300,-0.12702115072310782,-0.1281912727370526,-0.0011701220139447854,-0.13949665674044143,1,7,TSGDA-1
1350,-0.13714095507578794,-0.13944944869305548,-0.0023084936172675374,-0.13929086950588848,1,7,TSGDA-1
1400,-0.13370213338986325,-0.13519430560502754,-0.001492172215164289,-0.1395531577008854,1,7,TSGDA-1
1450,-0.12863567724408936,-0.13062961834022502,-0.001993941096135654,-0.13856777304370588,1,7,TSGDA-1
1500,-0.13363176054544562,-0.13519037840947384,-0.0015586178640282222,-0.1371495586198473,1,7,TSGDA-1
1550,-0.1354393888760813,-0.13765681962073645,-0.0022174307446551356,-0.1392117965940733,1,7,TSGDA-1
1600,-0.13689670071236848,-0.1401253431258755,-0.00322864241350701,-0.14011888329071903,1,7,TSGDA-1
1650,-0.1362567907965968,-0.13856168181364165,-0.002304891017044841,-0.13947009685709283,1,7,TSGDA-1
1700,-0.14059591884402411,-0.14443261626442033,-0.003836697420396218,-0.1393075885995716,1,7,TSGDA-1
1750,-0.12867720147588818,-0.12923599541325348,-0.0005587939373652984,-0.14000958098777844,1,7,TSGDA-1
1800,-0.13598588136462122,-0.1380096312540184,-0.002023749889397186,-0.14035800687619324,1,7,TSGDA-1
1850,-0.13540310383130427,-0.13879693741191507,-0.0033938335806107944,-0.13963329931622148,1,7,TSGDA-1
1900,-0.14222222424505526,-0.14628377206515386,-0.004061547820098599,-0.1384107460630215,1,7,TSGDA-1
1950,-0.1373861863994773,-0.14076325186445654,-0.003377065464979234,-0.1386944012854242,1,7,TSGDA-1
2000,-0.14476293527436918,-0.14878053349112613,-0.004017598216756957,-0.13876930883742122,1,7,TSGDA-1
1,11.33163827405323,11.332496820573157,0.000858546519927117,11.276169492749018,5,0,HSGDA
50,4.109060224783519,4.120649669305438,0.01158944452191868,4.130975483769445,5,0,HSGDA
100,1.4017742170221081,1.4145638909400298,0.012789673917921629,1.4262613080376774,5,0,HSGDA
150,0.4185074743013746,0.43131033452240986,0.012802860221035273,0.42968320161359663,5,0,HSGDA
200,0.07090814894276254,0.08403847287968713,0.013130323936924593,0.05788193894920601,5,0,HSGDA
250,-0.13846265080315034,-0.10865883531570653,0.02980381548744382,-0.08213680525324529,5,0,HSGDA
300,-0.18084443584313725,-0.14724711962432047,0.033597316218816786,-0.13548352805434627,5,0,HSGDA
350,-0.2205539281907815,-0.18105379676939753,0.03950013142138398,-0.15516094183608803,5,0,HSGDA
400,-0.19868489918439336,-0.16002874497608777,0.03865615420830559,-0.1612544137607801,5,0,HSGDA
450,-0.21106203816083802,-0.16638907279258452,0.04467296536825349,-0.16173260157377967,5,0,HSGDA
500,-0.2348431411069316,-0.18179488513840492,0.05304825596852669,-0.16135581616921602,5,0,HSGDA
550,-0.26888878462919197,-0.20568984008557545,0.06319894454361652,-0.15969087506795387,5,0,HSGDA
600,-0.24098224381428102,-0.18116759296801255,0.05981465084626847,-0.1571629456016307,5,0,HSGDA
650,-0.1862419771419137,-0.13543223641364166,0.050809740728272046,-0.15709043594048466,5,0,HSGDA
700,-0.27264419056932665,-0.20290539264404128,0.06973879792528537,-0.15551896188912795,5,0,HSGDA
750,-0.19496656840683013,-0.13793419776100824,0.057032370645821895,-0.15355621234787287,5,0,HSGDA
800,-0.25894385236434136,-0.18563992407955576,0.0733039282847856,-0.15035240584317477,5,0,HSGDA
850,-0.2516651806648165,-0.18318132997322428,0.06848385069159224,-0.1524830909347808,5,0,HSGDA
900,-0.21046804771808153,-0.14610275878545004,0.06436528893263149,-0.14920884022143915,5,0,HSGDA
950,-0.2140273131702906,-0.14866802707088705,0.06535928609940356,-0.14837512749219545,5,0,HSGDA
1000,-0.2208256504654375,-0.15633524833539897,0.06449040213003854,-0.14954495154306807,5,0,HSGDA
1050,-0.24647797972309793,-0.17037233742986857,0.07610564229322936,-0.14584846712152766,5,0,HSGDA
1100,-0.22066055539118867,-0.14815317794190608,0.0725073774492826,-0.14237859084872695,5,0,HSGDA
1150,-0.20923237341167,-0.14229301155012808,0.06693936186154192,-0.14690045714084077,5,0,HSGDA
1200,-0.21339588647368313,-0.14044115726077988,0.07295472921290325,-0.13960651069483476,5,0,HSGDA
1250,-0.20599443813452945,-0.13281963739329017,0.07317480074123928,-0.13980557294356766,5,0,HSGDA
1300,-0.2517382275260144,-0.17431219908136775,0.07742602844464663,-0.14403331804725827,5,0,HSGDA
1350,-0.21055591924282258,-0.14764878994390085,0.06290712929892173,-0.14985221479928168,5,0,HSGDA
1400,-0.1776535036243057,-0.11990726673293134,0.05774623689137437,-0.1472312065993751,5,0,HSGDA
1450,-0.16522157275337962,-0.10663498088614637,0.05858659186723325,-0.14463126041360214,5,0,HSGDA
1500,-0.24703243238910055,-0.16976193158418373,0.07727050080491682,-0.14227824978737358,5,0,HSGDA
1550,-0.24231344347690387,-0.16579696874314187,0.076516474733762,-0.1421976308569355,5,0,HSGDA
1600,-0.20604163323332514,-0.13857789468137116,0.06746373855195398,-0.14421638410528992,5,0,HSGDA
1650,-0.22595552335661773,-0.15447687223650597,0.07147865112011176,-0.14669679452844375,5,0,HSGDA
1700,-0.23466108935886176,-0.16632865149267817,0.06833243786618359,-0.1482990397343572,5,0,HSGDA
1750,-0.21341121439392857,-0.15003768722399474,0.06337352716993383,-0.14768628422562496,5,0,HSGDA
1800,-0.23961245344108184,-0.17036221445440547,0.06925023898667637,-0.15013642161858332,5,0,HSGDA
1850,-0.20032604045415003,-0.1425519823624789,0.05777405809167113,-0.15235239967176561,5,0,HSGDA
1900,-0.18509339725521046,-0.1285422678388638,0.05655112941634666,-0.1515999408920884,5,0,HSGDA
1950,-0.21554491328990277,-0.1524343632101992,0.06311055007970356,-0.1512765385317758,5,0,HSGDA
2000,-0.21312081871481708,-0.14590930905084337,0.06721150966397371,-0.14831229918205285,5,0,HSGDA
1,11.338896423019794,11.339466166093139,0.0005697430733455633,11.276206800820958,5,0,TSGDA-1
50,4.125978153792538,4.130787758100791,0.004809604308253057,4.130966073515933,5,0,TSGDA-1
100,1.429331785982067,1.4329897850248052,0.0036579990427383358,1.431636397415768,5,0,TSGDA-1
150,0.43241067171348174,0.43670127410421306,0.004290602390731313,0.44035988335842424,5,0,TSGDA-1
200,0.06977019013534985,0.07286681240499299,0.0030966222696431345,0.07574553136054624,5,0,TSGDA-1
250,-0.05292872526722575,-0.05116959864617082,0.0017591266210549295,-0.05917635811210309,5,0,TSGDA-1
300,-0.11924216626727543,-0.11428021304632249,0.0049619532209529416,-0.10983258191666204,5,0,TSGDA-1
350,-0.14012701467059613,-0.13456834298687348,0.005558671683722649,-0.12913428068781369,5,0,TSGDA-1
400,-0.13965218619535413,-0.1351630559588971,0.0044891302364570285,-0.13727961944844136,5,0,TSGDA-1
450,-0.1511265515081145,-0.14516040233653765,0.00596614917157684,-0.13968507639766847,5,0,TSGDA-1
500,-0.14496202441936792,-0.1406075516353241,0.004354472784043828,-0.14060922129473793,5,0,TSGDA-1
550,-0.14265354108322303,-0.13850269649288321,0.0041508445903398195,-0.14167001901254117,5,0,TSGDA-1
600,-0.1489289244261839,-0.1429630298032276,0.005965894622956325,-0.14183139947789905,5,0,TSGDA-1
650,-0.13680833263865383,-0.13356889239845926,0.0032394402401945688,-0.14120519829759903,5,0,TSGDA-1
700,-0.1459349308969221,-0.1409701516235778,0.004964779273344322,-0.14161527323107476,5,0,TSGDA-1
750,-0.13440710104899667,-0.1320683337415145,0.00233876730748217,-0.14192882126779333,5,0,TSGDA-1
800,-0.1443992286748902,-0.13977443600278416,0.004624792672106026,-0.1416601344006681,5,0,TSGDA-1
850,-0.15071738864294854,-0.14494383215098589,0.00577355649196265,-0.14176378193523342,5,0,TSGDA-1
900,-0.15826960067938778,-0.15092953596814507,0.007340064711242711,-0.14227213729498334,5,0,TSGDA-1
950,-0.15248395463918435,-0.14648172915052593,0.006002225488658419,-0.14204554360322746,5,0,TSGDA-1
1000,-0.15187640483613293,-0.14549670078322693,0.006379704052905999,-0.1422387212776178,5,0,TSGDA-1
1050,-0.1494173703965811,-0.14341939146724375,0.005997978929337344,-0.14221049030618815,5,0,TSGDA-1
1100,-0.15640117872865517,-0.14901522621296748,0.007385952515687688,-0.1420561848611121,5,0,TSGDA-1
1150,-0.15023190826259797,-0.14474198954539208,0.005489918717205888,-0.14181948563590124,5,0,TSGDA-1
1200,-0.14231513978342752,-0.13785438790324217,0.004460751880185354,-0.14175183779071504,5,0,TSGDA-1
1250,-0.15236751093593606,-0.14599378071527033,0.00637373022066573,-0.1416239589778485,5,0,TSGDA-1
1300,-0.14901136420714622,-0.1434163209181975,0.00559504328894872,-0.14152596717565552,5,0,TSGDA-1
1350,-0.13370701024682674,-0.13090468407690659,0.002802326169920155,-0.1417652833911876,5,0,TSGDA-1
1400,-0.12982069943306992,-0.12843411209145159,0.0013865873416183394,-0.14149923735267309,5,0,TSGDA-1
1450,-0.1369887453145847,-0.1342585731291341,0.0027301721854505745,-0.14188339027119426,5,0,TSGDA-1
1500,-0.14370896874375044,-0.1392809093543234,0.00442805938942703,-0.14156783761961572,5,0,TSGDA-1
1550,-0.14027122760722394,-0.13674838027558578,0.003522847331638157,-0.14151499805778078,5,0,TSGDA-1
1600,-0.13762652965288624,-0.13443175184570316,0.00319477780718308,-0.14166374146166882,5,0,TSGDA-1
1650,-0.15055035325697055,-0.14522157531579324,0.0053287779411773095,-0.14127474510630153,5,0,TSGDA-1
1700,-0.14382325552925462,-0.1392929764466495,0.004530279082605115,-0.14156546260337255,5,0,TSGDA-1
1750,-0.141825278842051,-0.13768621840747378,0.004139060434577235,-0.14156779759719426,5,0,TSGDA-1
1800,-0.1743740382949817,-0.16388446321171649,0.010489575083265201,-0.14192864497517818,5,0,TSGDA-1
1850,-0.15136397263738707,-0.14493637457588557,0.006427598061501505,-0.14209090629775026,5,0,TSGDA-1
1900,-0.14897363760445825,-0.14311650905810808,0.0058571285463501765,-0.14216029793597296,5,0,TSGDA-1
1950,-0.13593213478896787,-0.1322593575713838,0.003672777217584078,-0.14211702388583097,5,0,TSGDA-1
2000,-0.14922693979165763,-0.14396589774760932,0.005261042044048314,-0.14127565140400355,5,0,TSGDA-1
1,13.175618332376125,13.181104117002178,0.005485784626053203,12.887924473451829,5,1,HSGDA
50,4.741959795410997,4.777154764329207,0.03519496891821028,4.752589140700285,5,1,HSGDA
100,1.6996485649915685,1.7205196665254512,0.02087110153388272,1.7210870522520478,5,1,HSGDA
150,0.6038747232621917,0.6154575620172432,0.011582838755051506,0.620211364648947,5,1,HSGDA
200,0.20486604343749992,0.21041982284456243,0.0055537794070625035,0.2069525195474231,5,1,HSGDA
250,0.021266324275003162,0.025143904070773215,0.003877579795770053,0.035576634507282254,5,1,HSGDA
300,-0.04495754722239881,-0.04432997640221492,0.000627570820183887,-0.045753870923320866,5,1,HSGDA
350,-0.0877740231393225,-0.08770851399526503,6.550914405747954e-05,-0.08734706073485052,5,1,HSGDA
400,-0.10755561728456942,-0.10777944868070238,-0.00022383139613296743,-0.11150352088006507,5,1,HSGDA
450,-0.13107450498228737,-0.13025325343006267,0.0008212515522247055,-0.12778536511070518,5,1,HSGDA
500,-0.12707298132094758,-0.126837455434212,0.00023552588673558805,-0.1387888790822262,5,1,HSGDA
550,-0.14541115243136876,-0.1431721911238279,0.0022389613075408654,-0.1471659611595726,5,1,HSGDA
600,-0.16598530189452915,-0.16141356600662043,0.004571735887908712,-0.1536271274109951,5,1,HSGDA
650,-0.1786851306215772,-0.17223242765837043,0.006452702963206769,-0.15908411641481268,5,1,HSGDA
700,-0.1584338636945759,-0.15224610953459194,0.00618775415998396,-0.1624273268433415,5,1,HSGDA
750,-0.1821670433090832,-0.17287592559314682,0.009291117715936381,-0.16498115526451548,5,1,HSGDA
800,-0.14801016431393393,-0.1403809647704175,0.0076291995435164295,-0.1659528791951106,5,1,HSGDA
850,-0.1581715225093483,-0.15030397212524393,0.00786755038410436,-0.16644259508094084,5,1,HSGDA
900,-0.1751925056476057,-0.1643749676900958,0.010817537957509893,-0.16693461707214158,5,1,HSGDA
950,-0.180234387704649,-0.1683115024906891,0.0119228852139599,-0.16716095106064338,5,1,HSGDA
1000,-0.1507950300945302,-0.14085876357402005,0.009936266520510162,-0.16715898734584844,5,1,HSGDA
1050,-0.19251553346601735,-0.17900014038283452,0.013515393083182836,-0.1670424118546191,5,1,HSGDA
1100,-0.1725006477107774,-0.15998920898513297,0.01251143872564442,-0.16665649762228074,5,1,HSGDA
1150,-0.15578180738002323,-0.14397690029834015,0.01180490708168308,-0.16618841730008665,5,1,HSGDA
1200,-0.19903014826597099,-0.1825071160795343,0.016523032186436692,-0.16626200977398342,5,1,HSGDA
1250,-0.20752992679845517,-0.19002640788013792,0.01750351891831725,-0.1658212295769005,5,1,HSGDA
1300,-0.18199520425961696,-0.1664637258379001,0.015531478421716871,-0.1654561036630398,5,1,HSGDA
1350,-0.1542386009176337,-0.1397018611728399,0.014536739744793803,-0.16488197721795694,5,1,HSGDA
1400,-0.16013435064466575,-0.14563208764579083,0.014502262998874915,-0.16466623542980274,5,1,HSGDA
1450,-0.170132920766338,-0.15500006531350008,0.015132855452837934,-0.16506602747272536,5,1,HSGDA
1500,-0.20313637440569954,-0.18574795497425778,0.01738841943144176,-0.16444328959256183,5,1,HSGDA
1550,-0.17419600040672195,-0.15937059160572226,0.014825408800999695,-0.16539870729898393,5,1,HSGDA
1600,-0.19382885377063708,-0.17725840144530358,0.016570452325333496,-0.16442919140381562,5,1,HSGDA
1650,-0.16925670356890243,-0.15381683126196122,0.015439872306941216,-0.16412495215886536,5,1,HSGDA
1700,-0.1429715136119628,-0.1297914142812085,0.013180099330754314,-0.16492754333508441,5,1,HSGDA
1750,-0.18907548077679492,-0.172172782070811,0.016902698705983932,-0.16473745761264091,5,1,HSGDA
1800,-0.17874926161240545,-0.16352822470888373,0.015221036903521723,-0.165112073373181,5,1,HSGDA
1850,-0.20006649774016821,-0.18170162924160999,0.01836486849855823,-0.16452840075035852,5,1,HSGDA
1900,-0.17409236032904235,-0.1576836814309373,0.016408678898105045,-0.16383301148367907,5,1,HSGDA
1950,-0.21331878935873266,-0.1944596496687046,0.01885913969002806,-0.16460578356867522,5,1,HSGDA
2000,-0.19627303140673452,-0.17869983942067608,0.017573191986058445,-0.16460464918150902,5,1,HSGDA
1,13.190873407350951,13.193296214309822,0.002422806958870538,12.888019666277152,5,1,TSGDA-1
50,4.66933916795019,4.692794404079411,0.02345523612922129,4.709391028580518,5,1,TSGDA-1
100,1.6736724908923044,1.678392193859683,0.0047197029673786695,1.6782390451442404,5,1,TSGDA-1
150,0.5442681561556545,0.545518172011656,0.0012500158560014851,0.5547653288937343,5,1,TSGDA-1
200,0.12689201428617713,0.12661468518461066,-0.0002773291015664703,0.12615797530124062,5,1,TSGDA-1
250,-0.03910210698881317,-0.03896097863628298,0.00014112835253018985,-0.038356263426534226,5,1,TSGDA-1
300,-0.09904579230044466,-0.09873288342983691,0.0003129088706077532,-0.10151308856179644,5,1,TSGDA-1
350,-0.12453489718424149,-0.1238338477117143,0.0007010494725271932,-0.12515573407550096,5,1,TSGDA-1
400,-0.12986077436964444,-0.12918986576830527,0.0006709086013391707,-0.13495975925439396,5,1,TSGDA-1
450,-0.13392028749906118,-0.13293923339084066,0.0009810541082205249,-0.138219346972027,5,1,TSGDA-1
500,-0.14122885713861402,-0.13971787436043095,0.0015109827781830676,-0.14035409722560657,5,1,TSGDA-1
550,-0.12731475253929592,-0.12697193073096413,0.00034282180833178355,-0.1404755341352622,5,1,TSGDA-1
600,-0.12479383786438128,-0.1248688772720333,-7.503940765202222e-05,-0.1405163424325698,5,1,TSGDA-1
650,-0.13660733154474,-0.13535511508442297,0.001252216460317035,-0.14046704533133034,5,1,TSGDA-1
700,-0.13181629373440218,-0.13109983062307545,0.0007164631113267261,-0.1410952944791234,5,1,TSGDA-1
750,-0.14152559741357562,-0.14004138856104642,0.0014842088525292008,-0.14124137866560948,5,1,TSGDA-1
800,-0.14141773141799574,-0.139875035273352,0.0015426961446437515,-0.1410265773436189,5,1,TSGDA-1
850,-0.14659595959577848,-0.14434511252744392,0.0022508470683345605,-0.1417156949386233,5,1,TSGDA-1
900,-0.14150610841513422,-0.13974515681745575,0.0017609515976784729,-0.14103075335841964,5,1,TSGDA-1
950,-0.15119843146324569,-0.14873477477606006,0.0024636566871856225,-0.1413436470356873,5,1,TSGDA-1
1000,-0.13893207151768983,-0.13743624022019346,0.001495831297496364,-0.14126760996832238,5,1,TSGDA-1
1050,-0.13901268865958855,-0.13763228669018152,0.0013804019694070302,-0.14133661847285534,5,1,TSGDA-1
1100,-0.1494525102750623,-0.14714878113051838,0.002303729144543909,-0.1413545597145643,5,1,TSGDA-1
1150,-0.14733690805817762,-0.1450309934222065,0.002305914635971129,-0.14104728239853748,5,1,TSGDA-1
1200,-0.14175317494440676,-0.13991067672699603,0.0018424982174107263,-0.14121461989154238,5,1,TSGDA-1
1250,-0.13419410231712864,-0.13304964075593212,0.0011444615611965192,-0.1411066941342905,5,1,TSGDA-1
1300,-0.14540782737620148,-0.14345606644583156,0.0019517609303699168,-0.1410334958744153,5,1,TSGDA-1
1350,-0.14935567918596554,-0.14690207206991107,0.002453607116054468,-0.14137353153252258,5,1,TSGDA-1
1400,-0.13886735754918994,-0.13741587639827557,0.0014514811509143688,-0.1409922311535075,5,1,TSGDA-1
1450,-0.1484986403042115,-0.14623086198167595,0.002267778322535552,-0.14144458995945502,5,1,TSGDA-1
1500,-0.14365030251452296,-0.14170639255789122,0.0019439099566317397,-0.14163335796552798,5,1,TSGDA-1
1550,-0.14576316196674843,-0.14349922425311307,0.0022639377136353667,-0.14153693535408307,5,1,TSGDA-1
1600,-0.13119662266092869,-0.13049674580256432,0.0006998768583643677,-0.14141890741549323,5,1,TSGDA-1
1650,-0.1442473060245807,-0.14247509622913623,0.0017722097954444571,-0.14152814272806874,5,1,TSGDA-1
1700,-0.14850172965561384,-0.14616696817249955,0.0023347614831142893,-0.14175579349907172,5,1,TSGDA-1
1750,-0.15216709927711805,-0.14942981630957383,0.002737282967544219,-0.14174652252978318,5,1,TSGDA-1
1800,-0.13585579744731754,-0.1345931373775379,0.001262660069779653,-0.14159099504239506,5,1,TSGDA-1
1850,-0.12372388451631103,-0.12346091337590295,0.0002629711404080748,-0.14125753415528222,5,1,TSGDA-1
1900,-0.1557228703764622,-0.15277800666906194,0.0029448637074002693,-0.14122489393726406,5,1,TSGDA-1
1950,-0.1482975135373313,-0.1460907938473561,0.0022067196899752117,-0.14165551778746274,5,1,TSGDA-1
2000,-0.14101837508758475,-0.13932613441025415,0.001692240677330592,-0.14194062040354394,5,1,TSGDA-1
1,12.19083479066451,12.202051755170478,0.011216964505967653,12.383594282368005,5,2,HSGDA
50,4.4461889784021285,4.472125276528503,0.02593629812637488,4.425923764298609,5,2,HSGDA
100,1.4240266732057587,1.4048770662631853,-0.019149606942573394,1.4477500124162088,5,2,HSGDA
150,0.432120997852817,0.41678551613032555,-0.01533548172249144,0.3928173002951481,5,2,HSGDA
200,0.05761830216278929,0.04079277132316783,-0.01682553083962146,0.029039627354250752,5,2,HSGDA
250,-0.06728274079918545,-0.08270586678910602,-0.015423125989920572,-0.09892503631097155,5,2,HSGDA
300,-0.1295374218195664,-0.1459493437346986,-0.016411921915132188,-0.14276779013499047,5,2,HSGDA
350,-0.16116706590416233,-0.1787267249016619,-0.01755965899749956,-0.15742614368744365,5,2,HSGDA
400,-0.1639269703562808,-0.1805780110298436,-0.016651040673562822,-0.1625737011979242,5,2,HSGDA
450,-0.14134923682289816,-0.15519382478507218,-0.013844587962174026,-0.16412266834539993,5,2,HSGDA
500,-0.16757868260887324,-0.18242394177320556,-0.014845259164332325,-0.16478587635669564,5,2,HSGDA
550,-0.1723780240372354,-0.18777225865726194,-0.015394234620026537,-0.16509112289624006,5,2,HSGDA
600,-0.14427223996017313,-0.15706973757353904,-0.012797497613365905,-0.16539392679557818,5,2,HSGDA
650,-0.17008432434660795,-0.18779729369315992,-0.017712969346551977,-0.16483073835496667,5,2,HSGDA
700,-0.16770127563015022,-0.18185066246540446,-0.01414938683525424,-0.1647263157214319,5,2,HSGDA
750,-0.15063939839864282,-0.16365987350344557,-0.013020475104802753,-0.16467240348005657,5,2,HSGDA
800,-0.15389235092476647,-0.1670548146070809,-0.01316246368231444,-0.16424746862456766,5,2,HSGDA
850,-0.13925187539531392,-0.14843272084821368,-0.009180845452899766,-0.16422720809566993,5,2,HSGDA
900,-0.14598341362570183,-0.15652010079780543,-0.010536687172103598,-0.1640765645575048,5,2,HSGDA
950,-0.1323655939566596,-0.13929773778052823,-0.006932143823868642,-0.16359994566623176,5,2,HSGDA
1000,-0.14479112692400997,-0.15399899819717722,-0.009207871273167245,-0.16325006398920605,5,2,HSGDA
1050,-0.1598525045297016,-0.17054099771129957,-0.01068849318159798,-0.16250756515576567,5,2,HSGDA
1100,-0.16004691691559453,-0.1729242972183505,-0.01287738030275598,-0.162794896545693,5,2,HSGDA
1150,-0.15834322455267885,-0.16983810209517092,-0.011494877542492066,-0.16235859018550158,5,2,HSGDA
1200,-0.13775410153309586,-0.14634659586595838,-0.008592494332862521,-0.16295395319417505,5,2,HSGDA
1250,-0.1403867390985951,-0.14991875409119945,-0.009532014992604365,-0.1630594250823076,5,2,HSGDA
1300,-0.13674863926004285,-0.14413905312407307,-0.007390413864030221,-0.16251572637496461,5,2,HSGDA
1350,-0.13957650807457084,-0.14658877548675409,-0.0070122674121832484,-0.16163798631542176,5,2,HSGDA
1400,-0.16446821653144253,-0.1780850375436133,-0.013616821012170766,-0.16296006563586143,5,2,HSGDA
1450,-0.15026284300957332,-0.15994441654357788,-0.009681573534004562,-0.16313855537353705,5,2,HSGDA
1500,-0.1496072172134863,-0.15938814510884997,-0.009780927895363667,-0.16326991225878856,5,2,HSGDA
1550,-0.1525535474437376,-0.16342733690984512,-0.010873789466107509,-0.16387211377618588,5,2,HSGDA
1600,-0.1608808905605174,-0.17283229803958566,-0.011951407479068255,-0.16360422684575882,5,2,HSGDA
1650,-0.15627207055416037,-0.16801913695644788,-0.01174706640228751,-0.16396581047863995,5,2,HSGDA
1700,-0.1694555610903386,-0.18584838332251047,-0.016392822232171866,-0.1640923221598493,5,2,HSGDA
1750,-0.1406931824682646,-0.14948206187462262,-0.00878887940635803,-0.16430605903313647,5,2,HSGDA
1800,-0.14795294441089027,-0.15780395008956768,-0.009851005678677416,-0.16414537191382614,5,2,HSGDA
1850,-0.15948063560604997,-0.17303309408466866,-0.01355245847861869,-0.16406631258269894,5,2,HSGDA
1900,-0.15238576066099876,-0.1648500475099237,-0.012464286848924921,-0.16397527378891794,5,2,HSGDA
1950,-0.1441015953613667,-0.15479018046987206,-0.010688585108505344,-0.16391099517446509,5,2,HSGDA
2000,-0.1695319727829771,-0.1853557410903207,-0.01582376830734361,-0.16410194037888043,5,2,HSGDA
1,12.170922409827307,12.171909557941866,0.0009871481145591332,12.383703846018669,5,2,TSGDA-1
50,4.504745994918491,4.537631542666693,0.03288554774820174,4.536112946148373,5,2,TSGDA-1
100,1.5473468456552657,1.558965603884627,0.011618758229361204,1.5503729536615434,5,2,TSGDA-1
150,0.45604035990513203,0.45560147715105737,-0.00043888275407466537,0.4665425586925118,5,2,TSGDA-1
200,0.07934108295073669,0.07872457341938499,-0.0006165095313517,0.07904633885217593,5,2,TSGDA-1
250,-0.04723391462788323,-0.04677967735777047,0.0004542372701127617,-0.06022033734721588,5,2,TSGDA-1
300,-0.12053565605409283,-0.12474389384382084,-0.004208237789728009,-0.11061798534094863,5,2,TSGDA-1
350,-0.12620450925978688,-0.12963154688026135,-0.0034270376204744712,-0.1291669715406884,5,2,TSGDA-1
400,-0.1385370760440764,-0.14126976133469327,-0.0027326852906168764,-0.13616585025464006,5,2,TSGDA-1
450,-0.1413031497770756,-0.14442543587011436,-0.003122286093038773,-0.13837400203880473,5,2,TSGDA-1
500,-0.14409885903575909,-0.14765813672570466,-0.0035592776899455725,-0.13996399201791698,5,2,TSGDA-1
550,-0.14135027537815337,-0.14453220680179601,-0.0031819314236426477,-0.14054557206642265,5,2,TSGDA-1
600,-0.14256292695731054,-0.14591232397832105,-0.003349397021010503,-0.14092608664105227,5,2,TSGDA-1
650,-0.13863207724548285,-0.14142252837076627,-0.002790451125283422,-0.14077284094462214,5,2,TSGDA-1
700,-0.13011532343754567,-0.1315861763301806,-0.001470852892634933,-0.14090403574123822,5,2,TSGDA-1
750,-0.13793004930336922,-0.1401751326751593,-0.0022450833717900798,-0.14140133660713977,5,2,TSGDA-1
800,-0.1388261478525199,-0.1413491060155035,-0.0025229581629835907,-0.1411312743793222,5,2,TSGDA-1
850,-0.13856971083668088,-0.14131478514397774,-0.0027450743072968686,-0.14112245495248646,5,2,TSGDA-1
900,-0.1484601442967882,-0.1521484672358622,-0.003688322939074007,-0.1410213954778489,5,2,TSGDA-1
950,-0.14480501002343124,-0.1484272435894423,-0.003622233566011046,-0.14112224063253462,5,2,TSGDA-1
1000,-0.1398555967043269,-0.1422460400837422,-0.002390443379415297,-0.14070573092519661,5,2,TSGDA-1
1050,-0.14040405933041245,-0.14304557645221722,-0.0026415171218047706,-0.14054228534909752,5,2,TSGDA-1
1100,-0.12724288687288152,-0.1275583817814289,-0.0003154949085473757,-0.14053086920827876,5,2,TSGDA-1
1150,-0.13391137079682536,-0.13561847460255272,-0.0017071038057273613,-0.14089883410484005,5,2,TSGDA-1
1200,-0.12798262983250144,-0.12827113514522734,-0.0002885053127258952,-0.14037086027739845,5,2,TSGDA-1
1250,-0.13410869972260214,-0.13553262682075917,-0.0014239270981570296,-0.14036198260585087,5,2,TSGDA-1
1300,-0.13961831423379722,-0.1423052775855037,-0.002686963351706484,-0.14042159096988205,5,2,TSGDA-1
1350,-0.13199935931482526,-0.1331696778912922,-0.0011703185764669333,-0.140163193720388,5,2,TSGDA-1
1400,-0.13846593106099933,-0.14131711741250155,-0.0028511863515022218,-0.1401275365535212,5,2,TSGDA-1
1450,-0.13894544134598583,-0.1415040595131775,-0.002558618167191662,-0.1403633426870046,5,2,TSGDA-1
1500,-0.12997347317640112,-0.13136156280844274,-0.0013880896320416225,-0.14062825216252423,5,2,TSGDA-1
1550,-0.13765093855243327,-0.13959930849630064,-0.0019483699438673785,-0.1404974218778871,5,2,TSGDA-1
1600,-0.13723176520441377,-0.13919094052786402,-0.0019591753234502463,-0.14056911684683765,5,2,TSGDA-1
1650,-0.14749902716982952,-0.1512910894102862,-0.003792062240456695,-0.14053164306879376,5,2,TSGDA-1
1700,-0.13854000561074287,-0.1406515835256988,-0.00211157791495592,-0.14038006637796036,5,2,TSGDA-1
1750,-0.13894019937548827,-0.1416637132774742,-0.002723513901985941,-0.1406085772883017,5,2,TSGDA-1
1800,-0.1381201299594866,-0.14053422603172197,-0.002414096072235361,-0.14074968155403858,5,2,TSGDA-1
1850,-0.14549706475676757,-0.1490175941441997,-0.0035205293874321364,-0.14141307727869398,5,2,TSGDA-1
1900,-0.1441359737400974,-0.1480994896775512,-0.00396351593745381,-0.14169087751216236,5,2,TSGDA-1
1950,-0.1391855532536032,-0.14170271076787472,-0.0025171575142715064,-0.14138620921684342,5,2,TSGDA-1
2000,-0.147580206191676,-0.15127176096167866,-0.0036915547700026585,-0.1409271654394117,5,2,TSGDA-1
1,12.696987777333222,12.720173759132743,0.02318598179952147,13.135705147843542,5,3,HSGDA
50,4.667620918367059,4.702163140194049,0.03454222182698974,4.693716458933226,5,3,HSGDA
100,1.5587456788023868,1.55692329693483,-0.0018223818675568992,1.5555816113534366,5,3,HSGDA
150,0.4955354316807969,0.4919951977121898,-0.003540233968607087,0.4719280652680008,5,3,HSGDA
200,0.08417851922317385,0.07607974915446841,-0.008098770068705435,0.08605771268220413,5,3,HSGDA
250,-0.05510759565292542,-0.06403466772179808,-0.008927072068872666,-0.05675892505094368,5,3,HSGDA
300,-0.10405323371656042,-0.11329127298450067,-0.009238039267940257,-0.1134809231991695,5,3,HSGDA
350,-0.12804213333792736,-0.13826220531517203,-0.010220071977244671,-0.1390433120071236,5,3,HSGDA
400,-0.148001030733321,-0.16383657749403108,-0.015835546760710084,-0.14901166656309567,5,3,HSGDA
450,-0.145696284931781,-0.1613806760196509,-0.015684391087869898,-0.1541039410358334,5,3,HSGDA
500,-0.14664445101995943,-0.16287601058409712,-0.016231559564137688,-0.15637068358244416,5,3,HSGDA
550,-0.1435509848898871,-0.15787219134595137,-0.014321206456064273,-0.15658435714646313,5,3,HSGDA
600,-0.15034152509671264,-0.1687234176973129,-0.018381892600600247,-0.15767739152628105,5,3,HSGDA
650,-0.13534333691327738,-0.14477799173103878,-0.009434654817761401,-0.15774414347477766,5,3,HSGDA
700,-0.1563820316800007,-0.17209861598928122,-0.015716584309280524,-0.15816331406688183,5,3,HSGDA
750,-0.14595906164337275,-0.16077980092071031,-0.014820739277337569,-0.15806547924072517,5,3,HSGDA
800,-0.1437146648473676,-0.15880712043732526,-0.015092455589957643,-0.1589009221895848,5,3,HSGDA
850,-0.14469087780057818,-0.16088117571226732,-0.016190297911689133,-0.15817556612843495,5,3,HSGDA
900,-0.14401236756209118,-0.15983224225782894,-0.015819874695737757,-0.15867959137899695,5,3,HSGDA
950,-0.13582656245614233,-0.14837589835431786,-0.012549335898175529,-0.1583824403423152,5,3,HSGDA
1000,-0.13163341897780118,-0.13929191042893962,-0.007658491451138449,-0.15754408520509428,5,3,HSGDA
1050,-0.14831782672606145,-0.1628619153290957,-0.014544088603034244,-0.15718523736729587,5,3,HSGDA
1100,-0.1425281324889221,-0.1545592103367751,-0.012031077847853011,-0.15708314344967406,5,3,HSGDA
1150,-0.16110598199830678,-0.1829969438583468,-0.021890961860040026,-0.15844618452755432,5,3,HSGDA
1200,-0.13755221607286733,-0.15130998574677412,-0.013757769673906795,-0.15956774168368726,5,3,HSGDA
1250,-0.1540116959881178,-0.17402507151987084,-0.02001337553175303,-0.15917642960319284,5,3,HSGDA
1300,-0.15133780400516805,-0.16907363269878622,-0.017735828693618172,-0.1584404381035741,5,3,HSGDA
1350,-0.14889112859769146,-0.16671991584971615,-0.01782878725202469,-0.15900759772253828,5,3,HSGDA
1400,-0.13383310785399968,-0.14420142383538445,-0.010368315981384768,-0.15899600224234364,5,3,HSGDA
1450,-0.16252499897790412,-0.18607516781190747,-0.02355016883400335,-0.1587873181388355,5,3,HSGDA
1500,-0.14015259763155816,-0.15422870020013205,-0.01407610256857389,-0.15904270291237707,5,3,HSGDA
1550,-0.13525310042514196,-0.14794558863593296,-0.012692488210790998,-0.15932260674033769,5,3,HSGDA
1600,-0.1497288041432403,-0.16689125787311493,-0.017162453729874627,-0.15982091396735443,5,3,HSGDA
1650,-0.14261115362827087,-0.16055883468081888,-0.017947681052548015,-0.16011727197217462,5,3,HSGDA
1700,-0.13556558255730644,-0.14742169300473557,-0.011856110447429125,-0.15876143040446666,5,3,HSGDA
1750,-0.1461399533827132,-0.1603494109882078,-0.01420945760549458,-0.15840831408880277,5,3,HSGDA
1800,-0.13823341662083982,-0.15017937172663665,-0.011945955105796824,-0.15813604871583076,5,3,HSGDA
1850,-0.1417263918490934,-0.15580222046311976,-0.014075828614026342,-0.15847143516975093,5,3,HSGDA
1900,-0.14245403288456443,-0.1552881428642791,-0.01283410997971468,-0.15763744120630135,5,3,HSGDA
1950,-0.1349453361605394,-0.14575916727450483,-0.010813831113965444,-0.15691496335689437,5,3,HSGDA
2000,-0.1575501168139326,-0.1785243571409455,-0.020974240327012894,-0.1583935874197248,5,3,HSGDA
1,12.65959278119696,12.662447047151053,0.002854265954093549,13.135052239721624,5,3,TSGDA-1
50,4.793999960222094,4.8565807310943505,0.06258077087225633,4.814436311061171,5,3,TSGDA-1
100,1.6680269560232854,1.692945859820247,0.02491890379696149,1.6454476105867282,5,3,TSGDA-1
150,0.5161499966604951,0.5213827497933637,0.005232753132868639,0.5012821437315845,5,3,TSGDA-1
200,0.08125852967185135,0.07718756727269566,-0.004070962399155692,0.08962351893038634,5,3,TSGDA-1
250,-0.05497913627250689,-0.058779958213592026,-0.0038008219410851363,-0.057396863606588994,5,3,TSGDA-1
300,-0.1032934556842861,-0.10668217157828047,-0.003388715893994365,-0.11062160798166182,5,3,TSGDA-1
350,-0.12514819917537034,-0.13023048792678815,-0.005082288751417807,-0.13103125371912389,5,3,TSGDA-1
400,-0.13158445173369754,-0.13596910600410217,-0.004384654270404631,-0.13699944924878027,5,3,TSGDA-1
450,-0.1397000492298492,-0.14610623046941884,-0.006406181239569653,-0.13928543244168878,5,3,TSGDA-1
500,-0.1410511994111075,-0.14746260268626277,-0.00641140327515527,-0.14017615785780824,5,3,TSGDA-1
550,-0.1362147924876846,-0.14121105013962093,-0.004996257651936342,-0.14029178200827297,5,3,TSGDA-1
600,-0.13595129082006807,-0.1409157173652943,-0.004964426545226219,-0.14019784896779885,5,3,TSGDA-1
650,-0.14238333430765848,-0.14957132306671167,-0.007187988759053188,-0.14045996447862197,5,3,TSGDA-1
700,-0.12699914053607372,-0.12827445050521355,-0.0012753099691398262,-0.1403246888059996,5,3,TSGDA-1
750,-0.13197043824623508,-0.1350160682705356,-0.0030456300243005274,-0.14007786106883105,5,3,TSGDA-1
800,-0.13462200504101446,-0.13831400369828928,-0.00369199865727482,-0.1402693642729832,5,3,TSGDA-1
850,-0.1400366743947945,-0.1461794881136636,-0.0061428137188691,-0.14044130790554293,5,3,TSGDA-1
900,-0.14126767106799082,-0.14798098112329794,-0.00671331005530712,-0.140513628779678,5,3,TSGDA-1
950,-0.14447137142367145,-0.15290330690416415,-0.008431935480492703,-0.14085288690894426,5,3,TSGDA-1
1000,-0.14311629472354043,-0.15120264133272437,-0.008086346609183948,-0.14102697735893122,5,3,TSGDA-1
1050,-0.142001990528695,-0.1493171534328015,-0.007315162904106498,-0.14105983423212598,5,3,TSGDA-1
1100,-0.14146524111446843,-0.1487563026253753,-0.00729106151090686,-0.14101048236310823,5,3,TSGDA-1
1150,-0.1293418482922754,-0.1326039757666489,-0.0032621274743734885,-0.14109530994672648,5,3,TSGDA-1
1200,-0.14167060939766551,-0.1487116768670707,-0.007041067469405193,-0.14035018209537958,5,3,TSGDA-1
1250,-0.139122988209266,-0.14539307404387997,-0.00627008583461397,-0.14004594722439762,5,3,TSGDA-1
1300,-0.14227100528353737,-0.15046379109980562,-0.008192785816268255,-0.1401474794567571,5,3,TSGDA-1
1350,-0.14498822564379288,-0.15434683351288908,-0.009358607869096203,-0.14014707561776718,5,3,TSGDA-1
1400,-0.14411251593270744,-0.15280010317369522,-0.008687587240987782,-0.1407079216783997,5,3,TSGDA-1
1450,-0.13200187611571,-0.13567901315541983,-0.0036771370397098435,-0.14079402175032155,5,3,TSGDA-1
1500,-0.14761461019573832,-0.15720051949819905,-0.009585909302460727,-0.14059445525102063,5,3,TSGDA-1
1550,-0.1308471289482639,-0.13389412743398704,-0.0030469984857231514,-0.14036323174485366,5,3,TSGDA-1
1600,-0.13465617996450396,-0.13960826227129924,-0.00495208230679528,-0.14050808603434867,5,3,TSGDA-1
1650,-0.1342712075058105,-0.13872054370295084,-0.00444933619714033,-0.1404055138971091,5,3,TSGDA-1
1700,-0.13388312636871003,-0.13814639031172748,-0.004263263943017459,-0.140086698432217,5,3,TSGDA-1
1750,-0.13799986487355032,-0.1434231949707397,-0.005423330097189372,-0.14001618653452375,5,3,TSGDA-1
1800,-0.1376607391287823,-0.14328544032886037,-0.005624701200078075,-0.1405147088285001,5,3,TSGDA-1
1850,-0.13472264060590822,-0.13950292821013555,-0.004780287604227329,-0.14023498387380984,5,3,TSGDA-1
1900,-0.1381650438546288,-0.14382103591796563,-0.005655992063336834,-0.14065307513940228,5,3,TSGDA-1
1950,-0.13146115270570335,-0.1351351313506769,-0.003673978644973541,-0.14025560119134034,5,3,TSGDA-1
2000,-0.1409713235621484,-0.14826649297449782,-0.007295169412349423,-0.1398014408517594,5,3,TSGDA-1
1,11.778749102261084,11.785673792534821,0.0069246902737365446,11.497128116769655,5,4,HSGDA
50,4.184370753594342,4.210820164788692,0.02644941119435007,4.239487893430515,5,4,HSGDA
100,1.5344646263347221,1.5509362077473592,0.01647158141263705,1.546515273362906,5,4,HSGDA
150,0.5591909185449727,0.5692708984357268,0.010079979890754043,0.5591369496320835,5,4,HSGDA
200,0.17838191047722063,0.18388389518705317,0.005501984709832541,0.1807383647583477,5,4,HSGDA
250,0.009581418012710119,0.01351287437981713,0.003931456367107011,0.03003605590093894,5,4,HSGDA
300,-0.03681446929979357,-0.035690235286029826,0.0011242340137637419,-0.041657629221479336,5,4,HSGDA
350,-0.08291144853432422,-0.0822509361914481,0.0006605123428761184,-0.08049972780460066,5,4,HSGDA
400,-0.10682859692004953,-0.10632931824074057,0.0004992786793089621,-0.10427976227636329,5,4,HSGDA
450,-0.12241627588012449,-0.12148560843237788,0.0009306674477466137,-0.12011252976984782,5,4,HSGDA
500,-0.15958534884259146,-0.15585643704500723,0.0037289117975842223,-0.13159917091609602,5,4,HSGDA
550,-0.15128177025610104,-0.1482699138641684,0.0030118563919326324,-0.14194376140647322,5,4,HSGDA
600,-0.14935858007809222,-0.1460551628657562,0.003303417212336013,-0.1485955591442219,5,4,HSGDA
650,-0.15385328197512396,-0.150213833507674,0.003639448467449957,-0.15479823597049655,5,4,HSGDA
700,-0.17004295530775315,-0.16405680743388013,0.005986147873873027,-0.1586136027766774,5,4,HSGDA
750,-0.16437298219538404,-0.15826513210879206,0.006107850086591982,-0.16191482482816572,5,4,HSGDA
800,-0.17846432640947113,-0.16963488976006696,0.008829436649404165,-0.16444850462447885,5,4,HSGDA
850,-0.16564738638372292,-0.1574973253419282,0.00815006104179472,-0.16581439211027063,5,4,HSGDA
900,-0.18096233946880086,-0.17014012251943317,0.010822216949367691,-0.1663742057721262,5,4,HSGDA
950,-0.1759753067366338,-0.16482347143678266,0.011151835299851143,-0.1667389020069524,5,4,HSGDA
1000,-0.18471539163540834,-0.17211450058577332,0.012600891049635021,-0.16678287617246534,5,4,HSGDA
1050,-0.17133997767859804,-0.15926956964658884,0.012070408032009206,-0.16655820772145585,5,4,HSGDA
1100,-0.18757474203720725,-0.1737086268160764,0.013866115221130848,-0.16672135416977907,5,4,HSGDA
1150,-0.1800853455028179,-0.16618857993005187,0.013896765572766034,-0.16609115404240193,5,4,HSGDA
1200,-0.19902140429747783,-0.1835856488530827,0.015435755444395127,-0.1663412939614788,5,4,HSGDA
1250,-0.1789442100855128,-0.1642203710098843,0.01472383907562852,-0.16566501912124615,5,4,HSGDA
1300,-0.1655235229805207,-0.15117396779216224,0.014349555188358454,-0.1655181473002566,5,4,HSGDA
1350,-0.19386658274687363,-0.17733501828777587,0.01653156445909776,-0.16563341511185636,5,4,HSGDA
1400,-0.19270624790493845,-0.1764142183581619,0.016292029546776554,-0.16494937572158247,5,4,HSGDA
1450,-0.17343424595931778,-0.15872262421297634,0.014711621746341441,-0.16517259413276747,5,4,HSGDA
1500,-0.1545965244773203,-0.14240632767419598,0.012190196803124331,-0.16591227189859054,5,4,HSGDA
1550,-0.15024028709053444,-0.13900783478177242,0.01123245230876202,-0.16592077947684375,5,4,HSGDA
1600,-0.1672992504243706,-0.15308391301657404,0.014215337407796569,-0.16582104153624133,5,4,HSGDA
1650,-0.15020423249434056,-0.13765051919348992,0.012553713300850644,-0.16580093045731603,5,4,HSGDA
1700,-0.172683112443955,-0.1572089765968943,0.0154741358470607,-0.16485332577383166,5,4,HSGDA
1750,-0.16622294945477328,-0.15179023670743025,0.014432712747343035,-0.16556609714957643,5,4,HSGDA
1800,-0.15291817411588193,-0.14130386213824814,0.011614311977633796,-0.16583436908699112,5,4,HSGDA
1850,-0.20344874182792744,-0.18707512666286225,0.016373615165065192,-0.16583991682718074,5,4,HSGDA
1900,-0.19892972165564404,-0.1811253413726831,0.01780438028296094,-0.16528600121818027,5,4,HSGDA
1950,-0.18107728020141578,-0.16493617327278387,0.01614110692863191,-0.16513396578632056,5,4,HSGDA
2000,-0.16995737110390363,-0.155198293217639,0.014759077886264627,-0.1650246251253985,5,4,HSGDA
1,11.809020013898865,11.812457365107537,0.003437351208672723,11.496831172773902,5,4,TSGDA-1
50,4.20796122491045,4.227040896045718,0.019079671135267873,4.261458996789552,5,4,TSGDA-1
100,1.5183545004274868,1.5261096555961058,0.007755155168619021,1.5325461275477683,5,4,TSGDA-1
150,0.4922804305768623,0.49478945535695534,0.0025090247800930165,0.5123912884284874,5,4,TSGDA-1
200,0.12219483319299035,0.12261129599877113,0.00041646280578078176,0.122893567005712,5,4,TSGDA-1
250,-0.036311496577754204,-0.036223595427928246,8.790114982595854e-05,-0.03284156389948059,5,4,TSGDA-1
300,-0.09375328908735817,-0.09364630128851473,0.00010698779884343868,-0.09374044531930056,5,4,TSGDA-1
350,-0.11341312818921057,-0.11343392444976402,-2.079626055345729e-05,-0.11875767913296359,5,4,TSGDA-1
400,-0.12506415361828882,-0.12467609920267281,0.0003880544156160126,-0.1296690062987132,5,4,TSGDA-1
450,-0.13742710789882345,-0.1362385249532176,0.001188582945605865,-0.1352637711974916,5,4,TSGDA-1
500,-0.14262777715327207,-0.14093124161722437,0.0016965355360477052,-0.13806951644800813,5,4,TSGDA-1
550,-0.1365282730451849,-0.13544839895275657,0.0010798740924283234,-0.13941131785226812,5,4,TSGDA-1
600,-0.13933531851077094,-0.13792707086178022,0.0014082476489907236,-0.13968567778297855,5,4,TSGDA-1
650,-0.14183868382400983,-0.1400789751717046,0.0017597086523052363,-0.14052144492045837,5,4,TSGDA-1
700,-0.1417512340602984,-0.14003780448746647,0.001713429572831937,-0.14066157602858695,5,4,TSGDA-1
750,-0.1536683177700004,-0.15089798065752613,0.0027703371124742637,-0.14106548506627598,5,4,TSGDA-1
800,-0.13879763817981672,-0.1373787696043678,0.0014188685754489283,-0.14101262889256438,5,4,TSGDA-1
850,-0.13036295162733547,-0.12976428816074564,0.0005986634665898216,-0.1409526428349035,5,4,TSGDA-1
900,-0.1508812835691105,-0.14840671060824773,0.0024745729608627864,-0.14129480819807094,5,4,TSGDA-1
950,-0.14077461230626195,-0.1392260504225006,0.0015485618837613457,-0.14134912875671216,5,4,TSGDA-1
1000,-0.1472070556682445,-0.14519390009702976,0.002013155571214731,-0.14133913709115692,5,4,TSGDA-1
1050,-0.1417011325334767,-0.13993554272814593,0.0017655898053307584,-0.14145927884337536,5,4,TSGDA-1
1100,-0.14509969068257536,-0.14308355519087815,0.002016135491697213,-0.14147574405439148,5,4,TSGDA-1
1150,-0.14011991572632299,-0.13865334303876659,0.0014665726875564,-0.1411596578347939,5,4,TSGDA-1
1200,-0.15109239550358847,-0.14851874993167155,0.002573645571916916,-0.14134433232752128,5,4,TSGDA-1
1250,-0.149042257573609,-0.1466599467200989,0.0023823108535100945,-0.14162688135696105,5,4,TSGDA-1
1300,-0.14211394573995934,-0.14032049274000996,0.0017934529999493742,-0.1415014494109979,5,4,TSGDA-1
1350,-0.14891650878712753,-0.14654755046909912,0.0023689583180284135,-0.14174060109433478,5,4,TSGDA-1
1400,-0.1482507997083909,-0.1458046653148607,0.002446134393530197,-0.14189259011091476,5,4,TSGDA-1
1450,-0.147059590538061,-0.1448313207869073,0.0022282697511536997,-0.1418101999930333,5,4,TSGDA-1
1500,-0.14506819025607334,-0.14292330089883412,0.0021448893572392214,-0.14165702864390775,5,4,TSGDA-1
1550,-0.137920937966208,-0.13651413367160495,0.001406804294603048,-0.14231279292068702,5,4,TSGDA-1
1600,-0.13593413840746935,-0.13491234587706671,0.001021792530402632,-0.14177048645712761,5,4,TSGDA-1
1650,-0.14099261756363368,-0.139433537915855,0.0015590796477786828,-0.14165562456568265,5,4,TSGDA-1
1700,-0.14664982660803877,-0.14434697798121465,0.0023028486268241166,-0.14187937633534137,5,4,TSGDA-1
1750,-0.15427040473596587,-0.15137547121465617,0.002894933521309706,-0.14206441694394661,5,4,TSGDA-1
1800,-0.13745525858701152,-0.13595015933879329,0.0015050992482182335,-0.14220422232914537,5,4,TSGDA-1
1850,-0.1384729158544421,-0.13711608641730794,0.001356829437134166,-0.14198349449639291,5,4,TSGDA-1
1900,-0.15077054207976331,-0.1482831368391696,0.0024874052405937097,-0.14188912482069865,5,4,TSGDA-1
1950,-0.1398185675979734,-0.1383687743281694,0.0014497932698039895,-0.1418548293985168,5,4,TSGDA-1
2000,-0.13888043852627438,-0.13754552566048803,0.001334912865786353,-0.14148975411151263,5,4,TSGDA-1
1,11.505395024245892,11.505632136079832,0.00023711183393970714,11.645384148151386,5,5,HSGDA
50,4.225820040772561,4.2258208986550185,8.578824575167232e-07,4.211092990884484,5,5,HSGDA
100,1.4257421614462138,1.4244217547943239,-0.0013204066518899271,1.418641931855182,5,5,HSGDA
150,0.4226687412161696,0.419826258975759,-0.0028424822404106154,0.41726099548716084,5,5,HSGDA
200,0.06554209078466677,0.06205320669212078,-0.0034888840925459963,0.05433383751633253,5,5,HSGDA
250,-0.08382177512223915,-0.09189013160051818,-0.008068356478279026,-0.08087440222818604,5,5,HSGDA
300,-0.12986296618528886,-0.13731199154001777,-0.007449025354728911,-0.12881330613569347,5,5,HSGDA
350,-0.13675892352446373,-0.1429046311005137,-0.006145707576049986,-0.15001087446809525,5,5,HSGDA
400,-0.13239514579704914,-0.13858117935728953,-0.006186033560240389,-0.1579487861964584,5,5,HSGDA
450,-0.1309864996727365,-0.13665358646771908,-0.005667086794982568,-0.1596064989217965,5,5,HSGDA
500,-0.1470862970168536,-0.15162614954973908,-0.004539852532885469,-0.16018664611383543,5,5,HSGDA
550,-0.15678744175827225,-0.1650466152538987,-0.008259173495626437,-0.16183234437668986,5,5,HSGDA
600,-0.1518738418574491,-0.15595087670049132,-0.0040770348430422265,-0.1622560796848251,5,5,HSGDA
650,-0.15018162809473656,-0.16025954481355414,-0.010077916718817581,-0.16395294331134536,5,5,HSGDA
700,-0.1543085980532516,-0.1649270291088647,-0.010618431055613109,-0.16496428716328038,5,5,HSGDA
750,-0.15103634169983976,-0.16167983817581594,-0.010643496475976177,-0.164371522492177,5,5,HSGDA
800,-0.15277018773695727,-0.16006542500426113,-0.007295237267303856,-0.1646688945974371,5,5,HSGDA
850,-0.16844883374197267,-0.18043369408430043,-0.011984860342327763,-0.16416922369314518,5,5,HSGDA
900,-0.1572806731381214,-0.16558011870588882,-0.008299445567767405,-0.1647516098201612,5,5,HSGDA
950,-0.15731712422458893,-0.1662733006122647,-0.008956176387675763,-0.1653273486045707,5,5,HSGDA
1000,-0.14051194622491345,-0.1506365152162715,-0.010124568991358052,-0.1656548777355882,5,5,HSGDA
1050,-0.16154864830810317,-0.17001519116762698,-0.008466542859523807,-0.16560939349153186,5,5,HSGDA
1100,-0.13860286646930361,-0.14359991124497776,-0.004997044775674142,-0.16526855906618834,5,5,HSGDA
1150,-0.15788980932116176,-0.16793924196282228,-0.010049432641660527,-0.16501231783564496,5,5,HSGDA
1200,-0.16169885710190748,-0.169439712035971,-0.0077408549340635124,-0.1651930330490091,5,5,HSGDA
1250,-0.17799481852378074,-0.19427286167846686,-0.016278043154686117,-0.1650697690171693,5,5,HSGDA
1300,-0.1463427228196169,-0.1569405850563398,-0.010597862236722877,-0.1649333083579117,5,5,HSGDA
1350,-0.1605536157188504,-0.1711831895995059,-0.010629573880655496,-0.16508259993727725,5,5,HSGDA
1400,-0.1521596524076848,-0.15952941987824165,-0.007369767470556843,-0.16525550716048237,5,5,HSGDA
1450,-0.14744922891017165,-0.15733771004899177,-0.009888481138820127,-0.16474258326146962,5,5,HSGDA
1500,-0.1775701691007041,-0.19258280677586415,-0.015012637675160034,-0.16548611443593075,5,5,HSGDA
1550,-0.18372350360609588,-0.19808799691181014,-0.014364493305714265,-0.16585221744507525,5,5,HSGDA
1600,-0.17056023692179945,-0.17828552053604785,-0.007725283614248402,-0.1655645989276182,5,5,HSGDA
1650,-0.1708553377533095,-0.1819914537497007,-0.011136115996391194,-0.16556722837958396,5,5,HSGDA
1700,-0.1190690972966581,-0.12259283825976125,-0.00352374096310315,-0.16584454225373968,5,5,HSGDA
1750,-0.14257025218479932,-0.1535467885743397,-0.010976536389540381,-0.1655408049339104,5,5,HSGDA
1800,-0.1623059006856734,-0.17588408617677326,-0.013578185491099848,-0.16566371545182373,5,5,HSGDA
1850,-0.15131422237735956,-0.16325864364692486,-0.011944421269565297,-0.16586923240292498,5,5,HSGDA
1900,-0.15851331379715172,-0.1662127312221453,-0.007699417424993582,-0.16602793710215036,5,5,HSGDA
1950,-0.16681343925167558,-0.18079980054638067,-0.013986361294705096,-0.16614473293156512,5,5,HSGDA
2000,-0.13908165976410364,-0.14595664674903996,-0.0068749869849363265,-0.16586079733602105,5,5,HSGDA
1,11.484295136267008,11.48347835217469,-0.0008167840923185565,11.645721123435433,5,5,TSGDA-1
50,4.236697297583927,4.237298650035834,0.0006013524519072888,4.248899300996584,5,5,TSGDA-1
100,1.439112164958999,1.4376878836757867,-0.0014242812832123697,1.4358891020086069,5,5,TSGDA-1
150,0.41950020475558275,0.415936560945235,-0.0035636438103477386,0.419726556086911,5,5,TSGDA-1
200,0.053847719384907955,0.0501963491516354,-0.003651370233272555,0.0542806576281783,5,5,TSGDA-1
250,-0.08224653933026715,-0.08691034434938427,-0.004663805019117118,-0.07568179653275192,5,5,TSGDA-1
300,-0.1116911713384614,-0.11444420215914047,-0.00275303082067907,-0.12058345209197463,5,5,TSGDA-1
350,-0.1251932130402152,-0.12773572054174182,-0.002542507501526625,-0.13555085051350735,5,5,TSGDA-1
400,-0.13410684893083877,-0.13513819639966632,-0.0010313474688275481,-0.14012740822180728,5,5,TSGDA-1
450,-0.14471610520098005,-0.1479668613855944,-0.003250756184614345,-0.14184494334595477,5,5,TSGDA-1
500,-0.1496743727833564,-0.15395010605868284,-0.004275733275326432,-0.14214073085960924,5,5,TSGDA-1
550,-0.14311015199880994,-0.14614915378850452,-0.003039001789694573,-0.14154701779814077,5,5,TSGDA-1
600,-0.14539975263405827,-0.14819922142105094,-0.002799468786992665,-0.1414925493715963,5,5,TSGDA-1
650,-0.13921206259028895,-0.14161297888158703,-0.002400916291298072,-0.14123719626552594,5,5,TSGDA-1
700,-0.1417125666690106,-0.1445275696177002,-0.0028150029486895822,-0.14037658706730793,5,5,TSGDA-1
750,-0.1400330660290342,-0.1429486727665502,-0.0029156067375160077,-0.14047126696174722,5,5,TSGDA-1
800,-0.13446656545508967,-0.13649383555610844,-0.0020272701010187744,-0.14034067104407338,5,5,TSGDA-1
850,-0.13970649734968776,-0.14271018453123485,-0.003003687181547088,-0.1398289477931689,5,5,TSGDA-1
900,-0.130459528066449,-0.1317205720388589,-0.001261043972409892,-0.13910784291896672,5,5,TSGDA-1
950,-0.13052467511038826,-0.13129068885720221,-0.0007660137468139538,-0.1395121666716064,5,5,TSGDA-1
1000,-0.13628795811671396,-0.13781669609640707,-0.0015287379796931067,-0.14033288917733783,5,5,TSGDA-1
1050,-0.14376920348306307,-0.14705088335638702,-0.0032816798733239505,-0.1406553537955528,5,5,TSGDA-1
1100,-0.13104199398444688,-0.1322147908235779,-0.0011727968391310184,-0.1409404177903063,5,5,TSGDA-1
1150,-0.13472264628791883,-0.13628015320402867,-0.001557506916109841,-0.14080597779942558,5,5,TSGDA-1
1200,-0.13365856204028065,-0.13577753242550467,-0.002118970385224017,-0.14077982491964897,5,5,TSGDA-1
1250,-0.13726369310592626,-0.1385768708974747,-0.0013131777915484366,-0.14084671284684816,5,5,TSGDA-1
1300,-0.1376659420465667,-0.14012474398836208,-0.0024588019417953744,-0.14101547243034432,5,5,TSGDA-1
1350,-0.14659717145211423,-0.15025712736752875,-0.0036599559154145145,-0.14125794494291014,5,5,TSGDA-1
1400,-0.13540239228047174,-0.13873181228745607,-0.0033294200069843294,-0.14137024301048978,5,5,TSGDA-1
1450,-0.1354096503288333,-0.1384127545128721,-0.0030031041840388184,-0.14064059828645437,5,5,TSGDA-1
1500,-0.12500186326616633,-0.12553907208079565,-0.0005372088146293197,-0.14009140647713939,5,5,TSGDA-1
1550,-0.1359500103976541,-0.13775778081576945,-0.001807770418115362,-0.14013410116236813,5,5,TSGDA-1
1600,-0.1386430883921906,-0.1408662158614443,-0.002223127469253683,-0.13982528377262202,5,5,TSGDA-1
1650,-0.14180062046016584,-0.14424005674555335,-0.0024394362853875085,-0.14055134389868085,5,5,TSGDA-1
1700,-0.1377193368305707,-0.14117167173472328,-0.0034523349041525875,-0.14133920724499544,5,5,TSGDA-1
1750,-0.12505306295775181,-0.12649884776275655,-0.001445784805004735,-0.1401578037275189,5,5,TSGDA-1
1800,-0.1389717546588141,-0.1413712997863019,-0.002399545127487801,-0.13984216095080562,5,5,TSGDA-1
1850,-0.14185826712485433,-0.14432720573291008,-0.0024689386080557485,-0.1406911349858488,5,5,TSGDA-1
1900,-0.13814639221009048,-0.14044205268980167,-0.0022956604797111924,-0.1403295039410382,5,5,TSGDA-1
1950,-0.14068660245822853,-0.14409249669145438,-0.003405894233225848,-0.14054551023824116,5,5,TSGDA-1
2000,-0.13051952937400502,-0.13226462411298434,-0.0017450947389793248,-0.1403899859133893,5,5,TSGDA-1
1,11.602826873633184,11.574849810906473,-0.027977062726710855,10.935203646829933,5,6,HSGDA
50,3.9145154911779367,3.8294123694064917,-0.08510312177144508,3.8655004662117864,5,6,HSGDA
100,1.317500421576269,1.2772909479479786,-0.040209473628290304,1.2978041962278795,5,6,HSGDA
150,0.37342951357509935,0.34707060582869054,-0.02635890774640881,0.3792908211978363,5,6,HSGDA
200,0.025724408004788035,0.015860768443179962,-0.009863639561608073,0.03628150433156008,5,6,HSGDA
250,-0.08035914839067598,-0.08837122682419857,-0.008012078433522585,-0.08704503657546653,5,6,HSGDA
300,-0.12442909200360663,-0.12596713781150326,-0.0015380458078966264,-0.13582228847621058,5,6,HSGDA
350,-0.14335013039726296,-0.1449518112289388,-0.0016016808316758335,-0.1548704280409957,5,6,HSGDA
400,-0.18104392100795463,-0.1763926370718084,0.004651283936146222,-0.16206810672904998,5,6,HSGDA
450,-0.1430004794585496,-0.1442180043422066,-0.0012175248836570063,-0.1651081785982485,5,6,HSGDA
500,-0.15681925200940705,-0.15122693297045653,0.005592319038950522,-0.16594632503580314,5,6,HSGDA
550,-0.15892736557051712,-0.15765311897270917,0.0012742465978079487,-0.16666390968680622,5,6,HSGDA
600,-0.16103798209136283,-0.15768988335713807,0.003348098734224758,-0.16696514140588786,5,6,HSGDA
650,-0.15963732881404558,-0.154653221176154,0.004984107637891588,-0.16695533800637202,5,6,HSGDA
700,-0.19117175106463502,-0.18652595586947496,0.004645795195160063,-0.1666784131694764,5,6,HSGDA
750,-0.12614557755394462,-0.1243388659742386,0.0018067115797060218,-0.16659930528990108,5,6,HSGDA
800,-0.1760031303710375,-0.17441968681247627,0.001583443558561215,-0.16687770977704813,5,6,HSGDA
850,-0.14500566056276154,-0.14009457282399063,0.004911087738770914,-0.16667543491184006,5,6,HSGDA
900,-0.18750980884188118,-0.17889922036000527,0.008610588481875903,-0.16660635912567173,5,6,HSGDA
950,-0.14302411289381145,-0.1393284727443817,0.0036956401494297464,-0.16627979946083205,5,6,HSGDA
1000,-0.18142223812018465,-0.17283963251273082,0.00858260560745383,-0.1663778282941744,5,6,HSGDA
1050,-0.17710802649539892,-0.1714697324486547,0.005638294046744208,-0.1662108912861867,5,6,HSGDA
1100,-0.18518699159423901,-0.18055529118813446,0.004631700406104555,-0.16633636544766905,5,6,HSGDA
1150,-0.17255198469025168,-0.1678377111903953,0.0047142734998563696,-0.1663162000690157,5,6,HSGDA
1200,-0.1904282884267896,-0.18431080403871158,0.0061174843880780205,-0.16641044729431842,5,6,HSGDA
1250,-0.13790454348385855,-0.13384751314694515,0.004057030336913403,-0.16602695498828451,5,6,HSGDA
1300,-0.2115776245726374,-0.20480200593165127,0.006775618640986136,-0.1661664894835314,5,6,HSGDA
1350,-0.18074772549013823,-0.1727618853837643,0.007985840106373931,-0.16546405230372024,5,6,HSGDA
1400,-0.15409606499419232,-0.15297427852640821,0.0011217864677841027,-0.1646233702343456,5,6,HSGDA
1450,-0.17811428131264395,-0.17157971224000168,0.006534569072642271,-0.16540621389405802,5,6,HSGDA
1500,-0.18250747983271637,-0.1766811241307223,0.005826355701994079,-0.16573610171518893,5,6,HSGDA
1550,-0.1746127981621589,-0.16834690574692945,0.006265892415229457,-0.1658614632138372,5,6,HSGDA
1600,-0.20288686053967514,-0.19791465828182292,0.004972202257852221,-0.16633739792583685,5,6,HSGDA
1650,-0.191632682604995,-0.18529172138080402,0.006340961224190977,-0.16631690421693968,5,6,HSGDA
1700,-0.1961379221133488,-0.19095562053748816,0.005182301575860637,-0.16601660080989944,5,6,HSGDA
1750,-0.17342109666789451,-0.16875536823963733,0.004665728428257188,-0.16558253852255395,5,6,HSGDA
1800,-0.1352913692580881,-0.12866782928735232,0.006623539970735781,-0.16562020945435285,5,6,HSGDA
1850,-0.17337610482934873,-0.16763107200402727,0.005745032825321461,-0.1660031912825004,5,6,HSGDA
1900,-0.1388002892886257,-0.1349814534689222,0.003818835819703492,-0.1664603289064338,5,6,HSGDA
1950,-0.18398272335164434,-0.17714372296118241,0.0068390003904619245,-0.16640210991011062,5,6,HSGDA
2000,-0.15028052652827628,-0.1474864441292097,0.0027940823990665886,-0.16613597910527678,5,6,HSGDA
1,11.660323595002415,11.645966152240119,-0.014357442762296557,10.934260816997972,5,6,TSGDA-1
50,3.8666762363166765,3.788086991217372,-0.07858924509930443,3.820957031054621,5,6,TSGDA-1
100,1.2471233885586068,1.210759584138117,-0.03636380442048992,1.259290823918346,5,6,TSGDA-1
150,0.3594598994506195,0.3439498615400991,-0.015510037910520413,0.3505214300560605,5,6,TSGDA-1
200,0.040857273302566055,0.03533772805710189,-0.005519545245464164,0.030856477003858185,5,6,TSGDA-1
250,-0.0819661681716719,-0.08247060651139082,-0.0005044383397189156,-0.08386966256937323,5,6,TSGDA-1
300,-0.12012097905438168,-0.1198707666672727,0.0002502123871089834,-0.12404189940904647,5,6,TSGDA-1
350,-0.14764791032535712,-0.14922104444927148,-0.0015731341239143548,-0.1375967288247621,5,6,TSGDA-1
400,-0.1429869390583154,-0.14335521280570607,-0.0003682737473906794,-0.14142676625642708,5,6,TSGDA-1
450,-0.13804545349509453,-0.1374540335994334,0.0005914198956611383,-0.14293391412213766,5,6,TSGDA-1
500,-0.14724746707073152,-0.14627450164607128,0.0009729654246602437,-0.143100409742251,5,6,TSGDA-1
550,-0.14325151773812944,-0.14164973998394725,0.0016017777541821876,-0.14285535762699142,5,6,TSGDA-1
600,-0.13885786445067805,-0.13811447559378803,0.0007433888568900149,-0.14214790142304634,5,6,TSGDA-1
650,-0.1425202914505168,-0.1422467751481239,0.0002735163023929177,-0.14195666984022354,5,6,TSGDA-1
700,-0.14279321023804492,-0.1420262690990678,0.0007669411389771286,-0.14141476308023682,5,6,TSGDA-1
750,-0.13130816151077201,-0.13128792270796075,2.0238802811267664e-05,-0.14188705717119326,5,6,TSGDA-1
800,-0.14704826799210557,-0.144699930879364,0.002348337112741572,-0.14141738351279703,5,6,TSGDA-1
850,-0.1457499038490882,-0.1440306484473331,0.0017192554017551043,-0.14107567553990547,5,6,TSGDA-1
900,-0.14714938921254528,-0.14654252553132235,0.0006068636812229244,-0.14153525162313535,5,6,TSGDA-1
950,-0.13846383383098274,-0.13752919036205893,0.0009346434689238015,-0.1413760367931917,5,6,TSGDA-1
1000,-0.1350455672804417,-0.13449589412699975,0.0005496731534419541,-0.1413811584001401,5,6,TSGDA-1
1050,-0.13898597282888522,-0.1376324584406227,0.0013535143882625333,-0.14113870632822753,5,6,TSGDA-1
1100,-0.15603851773691102,-0.15437183886011957,0.0016666788767914498,-0.1410612613454123,5,6,TSGDA-1
1150,-0.13089483503582666,-0.13016127497698554,0.0007335600588411206,-0.14080369747660926,5,6,TSGDA-1
1200,-0.13621003103570822,-0.13586233225001626,0.00034769878569196333,-0.14077176282839277,5,6,TSGDA-1
1250,-0.13951564369873232,-0.13893557109951726,0.0005800725992150535,-0.14087263901779035,5,6,TSGDA-1
1300,-0.12717038157025093,-0.1268995699288246,0.0002708116414263384,-0.14035349660732307,5,6,TSGDA-1
1350,-0.14092598901746656,-0.13993901469601322,0.0009869743214533377,-0.1406659577568638,5,6,TSGDA-1
1400,-0.12868458672620914,-0.12884364547842714,-0.0001590587522179998,-0.1407921665299267,5,6,TSGDA-1
1450,-0.14349979313219674,-0.14249091928439517,0.0010088738478015724,-0.1409023449646442,5,6,TSGDA-1
1500,-0.14954901235420445,-0.14831131854623966,0.0012376938079647903,-0.14154343827141494,5,6,TSGDA-1
1550,-0.13211488662424475,-0.13126472993793048,0.000850156686314274,-0.1410375070666116,5,6,TSGDA-1
1600,-0.13614167235782193,-0.1358882008586294,0.00025347149919252576,-0.14092282382921834,5,6,TSGDA-1
1650,-0.13722970010801472,-0.13626319234361367,0.0009665077644010478,-0.14035674370508638,5,6,TSGDA-1
1700,-0.12509949912809737,-0.12426606993089695,0.0008334291972004193,-0.1405342354433124,5,6,TSGDA-1
1750,-0.1367800394073973,-0.1362601305341431,0.0005199088732542045,-0.140097866862404,5,6,TSGDA-1
1800,-0.1542566483108284,-0.15269139281733543,0.0015652554934929563,-0.14074788076294767,5,6,TSGDA-1
1850,-0.14620896696739624,-0.14513900918521502,0.001069957782181219,-0.1412602519080111,5,6,TSGDA-1
1900,-0.14453575201965901,-0.14376166688931102,0.0007740851303479901,-0.14111995138748912,5,6,TSGDA-1
1950,-0.14383229925242852,-0.14290200813753068,0.000930291114897841,-0.14138330587013098,5,6,TSGDA-1
2000,-0.1535658858759505,-0.1519910483556221,0.001574837520328387,-0.14160187391819468,5,6,TSGDA-1
1,12.585766218036408,12.590973108823505,0.005206890787096796,12.632382945298776,5,7,HSGDA
50,4.536035013962491,4.568374455059494,0.03233944109700282,4.5627628617859655,5,7,HSGDA
100,1.5298558999591658,1.5506697100956401,0.02081381013647432,1.5755373498669405,5,7,HSGDA
150,0.4782644374286278,0.49656033489659357,0.018295897467965783,0.4890919918163758,5,7,HSGDA
200,0.0934308859852952,0.10534357898612884,0.01191269300083364,0.09163434095195888,5,7,HSGDA
250,-0.056234655967564384,-0.061694642861287896,-0.005459986893723512,-0.059853630137502056,5,7,HSGDA
300,-0.13092204536179386,-0.13080793478157288,0.00011411058022098297,-0.1187122439423614,5,7,HSGDA
350,-0.16542390681533237,-0.1600520563001852,0.0053718505151471585,-0.1389727848687311,5,7,HSGDA
400,-0.15312106744794457,-0.1540960974241944,-0.0009750299762498194,-0.14962024950946956,5,7,HSGDA
450,-0.16071702690371947,-0.16664860543262033,-0.0059315785289008605,-0.15534694722625902,5,7,HSGDA
500,-0.15341298474503828,-0.15487305511148142,-0.0014600703664431336,-0.15847437630744882,5,7,HSGDA
550,-0.1361320663636485,-0.1411632080234757,-0.00503114165982721,-0.16001389180081854,5,7,HSGDA
600,-0.152454371236103,-0.15810075656977285,-0.0056463853336698455,-0.16074332945246128,5,7,HSGDA
650,-0.17139757590509108,-0.1796188876692384,-0.00822131176414731,-0.16198288765670776,5,7,HSGDA
700,-0.1530533783539486,-0.15968079993623246,-0.0066274215822838545,-0.1623382051654234,5,7,HSGDA
750,-0.17119367753124984,-0.17742190060760007,-0.006228223076350237,-0.16351137997738882,5,7,HSGDA
800,-0.18532437265740517,-0.18917311978512583,-0.003848747127720653,-0.1634147752140088,5,7,HSGDA
850,-0.15794135631991096,-0.16705993812788322,-0.00911858180797226,-0.1636343855983693,5,7,HSGDA
900,-0.14859116435439768,-0.15805283377208257,-0.009461669417684893,-0.1648994307838948,5,7,HSGDA
950,-0.13703818991404132,-0.14327004475146599,-0.006231854837424666,-0.16470805563231472,5,7,HSGDA
1000,-0.17199099570210946,-0.17922471382451066,-0.0072337181224012,-0.16470676311645743,5,7,HSGDA
1050,-0.1358315223223947,-0.13967101699669549,-0.0038394946743007807,-0.16479743143308173,5,7,HSGDA
1100,-0.14770012690630174,-0.1602817580974497,-0.012581631191147968,-0.16526526673161612,5,7,HSGDA
1150,-0.1542259660802605,-0.16849120029430947,-0.01426523421404896,-0.16585874136470657,5,7,HSGDA
1200,-0.1382865591969651,-0.14614252164434283,-0.00785596244737774,-0.16529279112085404,5,7,HSGDA
1250,-0.15885496242848673,-0.16835882425047644,-0.0095038618219897,-0.16576650348469446,5,7,HSGDA
1300,-0.16240728973294333,-0.172229032111337,-0.009821742378393672,-0.16577285841276646,5,7,HSGDA
1350,-0.16940608004258484,-0.17614006354618167,-0.00673398350359683,-0.1650930789339975,5,7,HSGDA
1400,-0.14711234758894826,-0.1523541026140901,-0.005241755025141848,-0.16539713065022926,5,7,HSGDA
1450,-0.136363108352956,-0.14505080627570555,-0.008687697922749538,-0.16500595931378814,5,7,HSGDA
1500,-0.1286743263357984,-0.1324403949936992,-0.0037660686579008007,-0.16460043421902343,5,7,HSGDA
1550,-0.1770497810212071,-0.18564424683200476,-0.008594465810797647,-0.1649069754689515,5,7,HSGDA
1600,-0.144503345226265,-0.15157019646362702,-0.007066851237362004,-0.1638714695491365,5,7,HSGDA
1650,-0.16873653590828572,-0.17646984777047212,-0.007733311862186398,-0.16489532935743442,5,7,HSGDA
1700,-0.1535720167038403,-0.16280513750877085,-0.00923312080493055,-0.16487528560748027,5,7,HSGDA
1750,-0.12945318155773658,-0.13526857290576635,-0.005815391348029775,-0.1649704942755468,5,7,HSGDA
1800,-0.16357928437711322,-0.17217967848865068,-0.008600394111537457,-0.16543554875675082,5,7,HSGDA
1850,-0.16106765617544194,-0.17056757138160383,-0.00949991520616189,-0.16489870526022204,5,7,HSGDA
1900,-0.14330684139742111,-0.14742052762151536,-0.0041136862240942484,-0.16403042376215649,5,7,HSGDA
1950,-0.13624220220351027,-0.14437240688919153,-0.008130204685681264,-0.16448677736874598,5,7,HSGDA
2000,-0.15435731127923033,-0.1620746400007783,-0.007717328721547956,-0.16291970876859038,5,7,HSGDA
1,12.583415166506644,12.586617325833075,0.0032021593264310866,12.632715082763902,5,7,TSGDA-1
50,4.526129592884023,4.556264036898915,0.030134444014891848,4.5769816381478705,5,7,TSGDA-1
100,1.5417082751663171,1.5650627941646167,0.023354518998299545,1.5743640340415663,5,7,TSGDA-1
150,0.46964769847270793,0.48368478084238864,0.014037082369680709,0.49055366229008956,5,7,TSGDA-1
200,0.09004692358112651,0.09281893200444755,0.0027720084233210374,0.09295527385850788,5,7,TSGDA-1
250,-0.06302868645226159,-0.06183978664746548,0.001188899804796112,-0.05307884019138051,5,7,TSGDA-1
300,-0.10763323939281108,-0.10813130438200791,-0.0004980649891968281,-0.10776659563862478,5,7,TSGDA-1
350,-0.12611467029231754,-0.12661091125006385,-0.0004962409577463078,-0.12788045745492604,5,7,TSGDA-1
400,-0.14053363712012634,-0.14167707657668555,-0.0011434394565592032,-0.1359856912679107,5,7,TSGDA-1
450,-0.13222094869030349,-0.13193019881728724,0.00029074987301624944,-0.13937310239224399,5,7,TSGDA-1
500,-0.14630957583538617,-0.14891664960671658,-0.0026070737713304037,-0.14057342316290833,5,7,TSGDA-1
550,-0.14480314823828816,-0.1479413555550637,-0.003138207316775554,-0.14100778293443583,5,7,TSGDA-1
600,-0.1312297915469337,-0.13156300109530078,-0.00033320954836707495,-0.14121720660992765,5,7,TSGDA-1
650,-0.1400278393855956,-0.14245753628534613,-0.002429696899750533,-0.1409425969001415,5,7,TSGDA-1
700,-0.13786227533232803,-0.14148717850477344,-0.003624903172445404,-0.1407937506807611,5,7,TSGDA-1
750,-0.13922033970656897,-0.14270948271503267,-0.003489143008463702,-0.1404649200302505,5,7,TSGDA-1
800,-0.1346685004904241,-0.13734954587690026,-0.0026810453864761774,-0.1403191010242432,5,7,TSGDA-1
850,-0.13260517965739477,-0.13380195156297042,-0.0011967719055756554,-0.139387622023738,5,7,TSGDA-1
900,-0.1359688109859151,-0.13714328100628723,-0.0011744700203721314,-0.14040624185326836,5,7,TSGDA-1
950,-0.14199103645332906,-0.14477889074665795,-0.0027878542933288952,-0.14075240501116953,5,7,TSGDA-1
1000,-0.13639009972386607,-0.13765636538409165,-0.001266265660225585,-0.14104221975811937,5,7,TSGDA-1
1050,-0.12971231356186785,-0.13071167901528258,-0.0009993654534147245,-0.14119340266811697,5,7,TSGDA-1
1100,-0.14365389136847595,-0.14754363143460103,-0.0038897400661250803,-0.14121178285510344,5,7,TSGDA-1
1150,-0.1338967843682593,-0.13530074083834442,-0.0014039564700851215,-0.14143462165218507,5,7,TSGDA-1
1200,-0.14402411338428794,-0.14621143516825924,-0.0021873217839712966,-0.14123481106654073,5,7,TSGDA-1
1250,-0.1440097616226207,-0.14600444736900164,-0.001994685746380953,-0.1410983513224417,5,7,TSGDA-1
1300,-0.1419435183988488,-0.14533133240243942,-0.003387814003590617,-0.14142872629303746,5,7,TSGDA-1
1350,-0.133089289702448,-0.13409358554075873,-0.0010042958383107425,-0.1409065874274012,5,7,TSGDA-1
1400,-0.1307101873182898,-0.13197860140210962,-0.0012684140838198354,-0.14062819132973944,5,7,TSGDA-1
1450,-0.14378606911288394,-0.1477424625145673,-0.003956393401683356,-0.14001087728808143,5,7,TSGDA-1
1500,-0.12951291761638933,-0.13029901172077718,-0.0007860941043878467,-0.14011821605345998,5,7,TSGDA-1
1550,-0.13436875631893114,-0.13610951861444393,-0.0017407622955127877,-0.14040378131501952,5,7,TSGDA-1
1600,-0.13117628466017703,-0.1324076416089279,-0.0012313569487508724,-0.13969920198890481,5,7,TSGDA-1
1650,-0.13737565313115183,-0.13896517752510854,-0.0015895243939567094,-0.13988305024970835,5,7,TSGDA-1
1700,-0.13912866748681813,-0.14168153089265634,-0.0025528634058382127,-0.14055963029385837,5,7,TSGDA-1
1750,-0.14040073368533448,-0.1441200809898103,-0.0037193473044758174,-0.14066472141153044,5,7,TSGDA-1
1800,-0.14632858049944758,-0.1500446709274636,-0.0037160904280160167,-0.1401609876943995,5,7,TSGDA-1
1850,-0.13078330023053583,-0.13117425510044214,-0.00039095486990631256,-0.14039456987641255,5,7,TSGDA-1
1900,-0.14216780395121126,-0.14582599718645972,-0.0036581932352484636,-0.1402728691788216,5,7,TSGDA-1
1950,-0.1384851062918748,-0.14124074401415262,-0.002755637722277826,-0.14021110176954962,5,7,TSGDA-1
2000,-0.14644387445191054,-0.14926805491802198,-0.0028241804661114367,-0.14075311415123853,5,7,TSGDA-1
1,11.311659112275628,11.314598879567347,0.0029397672917195194,11.276124047081302,10,0,HSGDA
50,4.1156039928094765,4.125137443149602,0.009533450340125427,4.130597154977928,10,0,HSGDA
100,1.4319782191698678,1.4388643340338358,0.0068861148639680625,1.4267398814146868,10,0,HSGDA
150,0.41415151125485916,0.42808854422284365,0.013937032967984486,0.430869253285892,10,0,HSGDA
200,0.040134246195829115,0.057831422931375165,0.01769717673554605,0.05892118071918334,10,0,HSGDA
250,-0.08606965633054964,-0.06538862783447141,0.020681028496078224,-0.08022463999988971,10,0,HSGDA
300,-0.16664273864564294,-0.13484943571803537,0.03179330292760757,-0.13260772002337196,10,0,HSGDA
350,-0.14752481694070207,-0.11818224130016747,0.029342575640534607,-0.1531048982797758,10,0,HSGDA
400,-0.21616830123602804,-0.17153188221480187,0.04463641902122617,-0.15990891013946984,10,0,HSGDA
450,-0.2376079530891917,-0.18699947268205896,0.05060848040713273,-0.16144728320101442,10,0,HSGDA
500,-0.169802095289243,-0.1305155102053473,0.03928658508389571,-0.16129008202496925,10,0,HSGDA
550,-0.2320482860819516,-0.17966597216855573,0.05238231391339587,-0.16087162526728427,10,0,HSGDA
600,-0.2431442051360876,-0.18441849264427201,0.058725712491815574,-0.15905047176025888,10,0,HSGDA
650,-0.18819936431918466,-0.13777509553158857,0.050424268787596094,-0.15577951214354696,10,0,HSGDA
700,-0.22584543991956246,-0.16135953650647333,0.06448590341308913,-0.1529363075801577,10,0,HSGDA
750,-0.18843811707282598,-0.130927125740393,0.05751099133243298,-0.152153034376314,10,0,HSGDA
800,-0.21981204926297698,-0.15765044982607407,0.062161599436902915,-0.1523533814282016,10,0,HSGDA
850,-0.25072409371941184,-0.18231087861597495,0.0684132151034369,-0.15281442295107728,10,0,HSGDA
900,-0.22946737944525053,-0.16551613399484078,0.06395124545040975,-0.15217345995061293,10,0,HSGDA
950,-0.18577295966047203,-0.1253674340319687,0.06040552562850332,-0.14821354209205384,10,0,HSGDA
1000,-0.2344236586669909,-0.16226587852251473,0.07215778014447616,-0.14738272789580809,10,0,HSGDA
1050,-0.21036052013577333,-0.14803261663284328,0.06232790350293005,-0.15035755159183495,10,0,HSGDA
1100,-0.17864846151677183,-0.11993435106897155,0.05871411044780028,-0.14772092582091423,10,0,HSGDA
1150,-0.20903431419531104,-0.14420553655718582,0.06482877763812522,-0.14758392380180074,10,0,HSGDA
1200,-0.23200926854870563,-0.16536700655109438,0.06664226199761125,-0.14897738378632108,10,0,HSGDA
1250,-0.2338410929518856,-0.165849264665331,0.06799182828655459,-0.15028122047791947,10,0,HSGDA
1300,-0.2887827674370088,-0.20836813571433188,0.08041463172267693,-0.1475780668944081,10,0,HSGDA
1350,-0.20400101287926592,-0.1406537465367544,0.06334726634251153,-0.14794372084748647,10,0,HSGDA
1400,-0.22972213953704967,-0.1615303038731133,0.06819183566393638,-0.14796111945202595,10,0,HSGDA
1450,-0.2070384185548806,-0.14528872799073378,0.06174969056414681,-0.1499871303449274,10,0,HSGDA
1500,-0.22630342873507325,-0.15816311150009466,0.0681403172349786,-0.14990400061705134,10,0,HSGDA
1550,-0.22885797618187204,-0.16499351763627929,0.06386445854559275,-0.15229097540617248,10,0,HSGDA
1600,-0.25751716408353,-0.1887017809952548,0.06881538308827517,-0.15277349085859315,10,0,HSGDA
1650,-0.2137736900819604,-0.151307499224605,0.062466190857355386,-0.15092374758035537,10,0,HSGDA
1700,-0.23025886501418058,-0.16440457099629924,0.06585429401788134,-0.14832721751327616,10,0,HSGDA
1750,-0.21100321553735157,-0.14294983324219823,0.06805338229515334,-0.14738870720001795,10,0,HSGDA
1800,-0.1958339315514533,-0.13473096703887905,0.06110296451257424,-0.1478035325765586,10,0,HSGDA
1850,-0.2300439620806628,-0.16541414265624022,0.06462981942442259,-0.15082977377900397,10,0,HSGDA
1900,-0.22451752997954083,-0.1586551977131368,0.06586233226640403,-0.14833773863642713,10,0,HSGDA
1950,-0.2550224831580742,-0.18024465947817958,0.0747778236798946,-0.14838701290062928,10,0,HSGDA
2000,-0.20725985998817142,-0.13907155250243397,0.06818830748573745,-0.14445531962993474,10,0,HSGDA
1,11.337283550271692,11.337815723663054,0.0005321733913614679,11.276206800820958,10,0,TSGDA-1
50,4.117042600036634,4.1241439385278555,0.0071013384912212985,4.132682129424617,10,0,TSGDA-1
100,1.4334496654936126,1.4361234201333146,0.0026737546397019862,1.4316458306092543,10,0,TSGDA-1
150,0.4325668760224136,0.43681551316992756,0.004248637147513945,0.44105415711146784,10,0,TSGDA-1
200,0.07262959495560029,0.07567481567839551,0.0030452207227952277,0.07628486868090861,10,0,TSGDA-1
250,-0.06711280446621881,-0.06264976138660255,0.004463043079616258,-0.05927819448812516,10,0,TSGDA-1
300,-0.1119508481272139,-0.10875559757520742,0.003195250552006479,-0.1098579202884884,10,0,TSGDA-1
350,-0.1305317812717644,-0.12691673450254937,0.0036150467692150356,-0.12923803421034868,10,0,TSGDA-1
400,-0.1343095516144795,-0.13128717347137853,0.0030223781431009678,-0.13669124495278506,10,0,TSGDA-1
450,-0.14507838551319188,-0.14014454931081397,0.004933836202377917,-0.1396136692351971,10,0,TSGDA-1
500,-0.14201260541426586,-0.13800424881278872,0.004008356601477137,-0.14111794596133587,10,0,TSGDA-1
550,-0.1417173869611042,-0.1377488341203293,0.003968552840774908,-0.1417031420301652,10,0,TSGDA-1
600,-0.1519475717487765,-0.14577337074623226,0.006174201002544233,-0.14189925060170588,10,0,TSGDA-1
650,-0.13940542853286583,-0.13572011929277603,0.003685309240089807,-0.14199073919127034,10,0,TSGDA-1
700,-0.13035477116302607,-0.12891514503879953,0.0014396261242265451,-0.1416907270760578,10,0,TSGDA-1
750,-0.1576264851820096,-0.15034224341921099,0.007284241762798627,-0.14160216905817846,10,0,TSGDA-1
800,-0.15182843074493674,-0.1454042451482917,0.006424185596645038,-0.1416069272960776,10,0,TSGDA-1
850,-0.1467562398654137,-0.1416429467706269,0.005113293094786808,-0.14166203082118617,10,0,TSGDA-1
900,-0.14772247787474602,-0.14237640190763518,0.0053460759671108415,-0.1417530897833807,10,0,TSGDA-1
950,-0.14602328099838394,-0.14075713430831346,0.005266146690070472,-0.14197480180283842,10,0,TSGDA-1
1000,-0.13848971195851273,-0.13473767903570477,0.0037520329228079574,-0.14194400825727066,10,0,TSGDA-1
1050,-0.13765069959008142,-0.13419916640741336,0.003451533182668054,-0.1417788453053117,10,0,TSGDA-1
1100,-0.14161469302145516,-0.13775323965218225,0.0038614533692729047,-0.14177070594945226,10,0,TSGDA-1
1150,-0.143428412244902,-0.13887316916399933,0.00455524308090266,-0.14173565124146287,10,0,TSGDA-1
1200,-0.1467796533455106,-0.1416004641444286,0.005179189201082013,-0.14123360767625212,10,0,TSGDA-1
1250,-0.14001654748020395,-0.13609160592800837,0.003924941552195582,-0.14162556418929503,10,0,TSGDA-1
1300,-0.14168973049832634,-0.13790101921898645,0.0037887112793398847,-0.14167608017844568,10,0,TSGDA-1
1350,-0.14734229999461074,-0.14200501794298548,0.005337282051625258,-0.14178135026953864,10,0,TSGDA-1
1400,-0.13938775352355393,-0.13529083409693587,0.004096919426618051,-0.14180235849777661,10,0,TSGDA-1
1450,-0.14473707066845135,-0.14045963246121843,0.00427743820723292,-0.14173721695212052,10,0,TSGDA-1
1500,-0.1556232410868904,-0.14825396438017296,0.0073692767067174425,-0.1419505536205266,10,0,TSGDA-1
1550,-0.1398073848863349,-0.13574864987615473,0.00405873501018017,-0.14191836736603283,10,0,TSGDA-1
1600,-0.13502613486430387,-0.13240504954451338,0.002621085319790495,-0.14182968976717292,10,0,TSGDA-1
1650,-0.15249311656917391,-0.1461940811420861,0.006299035427087818,-0.14186521644244898,10,0,TSGDA-1
1700,-0.1580372279338931,-0.1505367697507984,0.007500458183094694,-0.14190136079501717,10,0,TSGDA-1
1750,-0.13288356073098373,-0.12986784411138053,0.0030157166196032037,-0.141409451336577,10,0,TSGDA-1
1800,-0.13911170775684994,-0.1356359954104649,0.0034757123463850514,-0.14140000591532714,10,0,TSGDA-1
1850,-0.13307764543274536,-0.13087655966224587,0.002201085770499489,-0.14164483188680327,10,0,TSGDA-1
1900,-0.16273392209373994,-0.15457722859931794,0.008156693494421996,-0.14142220007597933,10,0,TSGDA-1
1950,-0.1481659128266669,-0.14292095083996598,0.005244961986700936,-0.14161159244010313,10,0,TSGDA-1
2000,-0.13220221887126632,-0.1301374257587708,0.002064793112495522,-0.1412143757029687,10,0,TSGDA-1
1,13.17028240662412,13.177010620125186,0.006728213501066449,12.888248823074546,10,1,HSGDA
50,4.7098428809562884,4.74796517792795,0.03812229697166192,4.742052663884,10,1,HSGDA
100,1.6815793956939515,1.703332954070205,0.021753558376253368,1.7166023207252725,10,1,HSGDA
150,0.6042617727680786,0.6154927879788792,0.01123101521080061,0.6190809370426631,10,1,HSGDA
200,0.21727593556895114,0.2219320368750672,0.004656101306116073,0.20872843375422237,10,1,HSGDA
250,0.010840412686883072,0.014533538648594191,0.003693125961711119,0.02881697188200613,10,1,HSGDA
300,-0.047148220184785955,-0.04679294009099769,0.0003552800937882683,-0.04959964870774783,10,1,HSGDA
350,-0.090059255785226,-0.09006193062842874,-2.67484320273792e-06,-0.09006983067505409,10,1,HSGDA
400,-0.11605312265252242,-0.11580609581292935,0.00024702683959307303,-0.11389930805704364,10,1,HSGDA
450,-0.13155982363218433,-0.13078069545134033,0.0007791281808439965,-0.13064226447841573,10,1,HSGDA
500,-0.1377870412205929,-0.1365495655078978,0.001237475712695113,-0.1430083764065778,10,1,HSGDA
550,-0.16874028036205063,-0.16452748585308397,0.004212794508966666,-0.15054982228109526,10,1,HSGDA
600,-0.15503100962975225,-0.15123156782220948,0.0037994418075427694,-0.15704845981002058,10,1,HSGDA
650,-0.15700491414320705,-0.15192919456904336,0.005075719574163695,-0.16091793936552745,10,1,HSGDA
700,-0.16309661323921282,-0.15613491114585132,0.006961702093361499,-0.16372581505539036,10,1,HSGDA
750,-0.15151940949244108,-0.14519573974648764,0.006323669745953442,-0.16542013260831706,10,1,HSGDA
800,-0.1862652367206064,-0.17633746437821396,0.009927772342392449,-0.16638388673634014,10,1,HSGDA
850,-0.19527265160013763,-0.18291985466710708,0.012352796933030541,-0.16687976229712842,10,1,HSGDA
900,-0.18635521417217438,-0.1743524176597645,0.012002796512409875,-0.16712103303184955,10,1,HSGDA
950,-0.201591372310856,-0.18677538080141737,0.01481599150943863,-0.16713714889078873,10,1,HSGDA
1000,-0.17004003938685253,-0.15864170152330836,0.011398337863544161,-0.16709103059762132,10,1,HSGDA
1050,-0.17416468297887766,-0.1613503697838765,0.012814313195001148,-0.16687537063374613,10,1,HSGDA
1100,-0.17974586499819306,-0.16561046111332417,0.014135403884868891,-0.16668783096528578,10,1,HSGDA
1150,-0.1872795878791187,-0.1718825069066972,0.015397080972421484,-0.16627729207633551,10,1,HSGDA
1200,-0.16890235028595896,-0.1553990765835228,0.013503273702436147,-0.16585426849224938,10,1,HSGDA
1250,-0.1578860485079463,-0.14454854462866323,0.013337503879283064,-0.16531006060637382,10,1,HSGDA
1300,-0.17857559046773386,-0.1649377283010216,0.013637862166712256,-0.16574544781211265,10,1,HSGDA
1350,-0.1861827927851888,-0.16891282728295953,0.017269965502229256,-0.16538102107561536,10,1,HSGDA
1400,-0.18647264322621715,-0.17118886583136156,0.015283777394855591,-0.16591978759456205,10,1,HSGDA
1450,-0.1751699060085085,-0.1606736526300846,0.014496253378423918,-0.16546791957475565,10,1,HSGDA
1500,-0.1702501989521522,-0.1559543429631121,0.014295855989040096,-0.16569556139282093,10,1,HSGDA
1550,-0.17713264957663932,-0.16315588282001436,0.013976766756624959,-0.16501060480243512,10,1,HSGDA
1600,-0.173644127488557,-0.1582867528878243,0.01535737460073272,-0.1642982308226147,10,1,HSGDA
1650,-0.20648832115503968,-0.18848424794713792,0.01800407320790176,-0.1653102719679107,10,1,HSGDA
1700,-0.17016386453446702,-0.15584438327105687,0.01431948126341015,-0.1656478419360296,10,1,HSGDA
1750,-0.20014678223008575,-0.18337371211100018,0.016773070119085576,-0.16579209344595286,10,1,HSGDA
1800,-0.18239578960038133,-0.166379717733998,0.01601607186638332,-0.16539595906646104,10,1,HSGDA
1850,-0.19931417245945482,-0.18237280749392393,0.016941364965530892,-0.16504320449395948,10,1,HSGDA
1900,-0.169758377394635,-0.15379964806245278,0.01595872933218223,-0.16399122711781294,10,1,HSGDA
1950,-0.1769641472454856,-0.16001381589843044,0.016950331347055148,-0.164518503190631,10,1,HSGDA
2000,-0.16917540272859444,-0.15464071686082714,0.014534685867767294,-0.16464857329495608,10,1,HSGDA
1,13.195718306589573,13.19715984571749,0.001441539127917224,12.888019666277152,10,1,TSGDA-1
50,4.681609158907861,4.707907203439749,0.02629804453188811,4.738334039273167,10,1,TSGDA-1
100,1.6757816611414,1.6815452365161165,0.005763575374716501,1.688816021640052,10,1,TSGDA-1
150,0.555645034384509,0.5562527807000599,0.0006077463155509388,0.5586857925877867,10,1,TSGDA-1
200,0.13065200989729175,0.13008862055865802,-0.0005633893386337296,0.1279097331988827,10,1,TSGDA-1
250,-0.03967924943785758,-0.03948919046255964,0.00019005897529794646,-0.037774650711770746,10,1,TSGDA-1
300,-0.10517042195483822,-0.10430377133249985,0.0008666506223383719,-0.10199207715854691,10,1,TSGDA-1
350,-0.11612177149061513,-0.1158761446604548,0.00024562683016032816,-0.12522319805839033,10,1,TSGDA-1
400,-0.13691635028073754,-0.13569905112684508,0.0012172991538924594,-0.13475637385390069,10,1,TSGDA-1
450,-0.14140652925672548,-0.13979659213146722,0.001609937125258254,-0.1391004153338743,10,1,TSGDA-1
500,-0.13246098665069064,-0.13161047127191353,0.0008505153787771169,-0.14055510882815211,10,1,TSGDA-1
550,-0.12300632585009236,-0.12315240838775937,-0.00014608253766701385,-0.14098961306906055,10,1,TSGDA-1
600,-0.13965698276259592,-0.13825755231951598,0.001399430443079941,-0.14100043964642794,10,1,TSGDA-1
650,-0.14900220973801664,-0.146567795467745,0.0024344142702716343,-0.14172418817834426,10,1,TSGDA-1
700,-0.15062034688217812,-0.1481956354314115,0.0024247114507666145,-0.14153255149458832,10,1,TSGDA-1
750,-0.14855238618094285,-0.14612090712540293,0.00243147905553992,-0.14156661127883885,10,1,TSGDA-1
800,-0.14745005444748338,-0.14516855219180735,0.0022815022556760267,-0.14129940055968476,10,1,TSGDA-1
850,-0.1440003235700263,-0.1420695921817331,0.0019307313882931942,-0.14176122970780247,10,1,TSGDA-1
900,-0.13774914072958644,-0.13633937356862807,0.001409767160958364,-0.14167535958714617,10,1,TSGDA-1
950,-0.1382180922046491,-0.13684219193510883,0.0013759002695402645,-0.14168622870852793,10,1,TSGDA-1
1000,-0.13171541587653798,-0.1308422530187545,0.0008731628577834938,-0.14117455121052355,10,1,TSGDA-1
1050,-0.12979312655990194,-0.12930425480797375,0.0004888717519281882,-0.14082587624110626,10,1,TSGDA-1
1100,-0.13885405851006044,-0.1374054410780583,0.0014486174320021417,-0.14087875993820903,10,1,TSGDA-1
1150,-0.13959852317282948,-0.13809564013979717,0.0015028830330323095,-0.14079106427709462,10,1,TSGDA-1
1200,-0.14165098831494843,-0.13998814253850178,0.001662845776446653,-0.14086946979986675,10,1,TSGDA-1
1250,-0.14467530767685244,-0.14275411208800198,0.001921195588850455,-0.14135993367760896,10,1,TSGDA-1
1300,-0.14625295772307276,-0.1441864468335304,0.00206651088954235,-0.14169453998857948,10,1,TSGDA-1
1350,-0.15690763033207375,-0.15376613485446636,0.0031414954776073922,-0.14152941452102816,10,1,TSGDA-1
1400,-0.1332524483388709,-0.1323463143504744,0.0009061339883965069,-0.14119232976899937,10,1,TSGDA-1
1450,-0.143873544912531,-0.1420502199297061,0.001823324982824892,-0.1405121157746718,10,1,TSGDA-1
1500,-0.14606372073970464,-0.14405989359851257,0.0020038271411920716,-0.14089206667236737,10,1,TSGDA-1
1550,-0.14251081326405546,-0.14076730957184375,0.001743503692211712,-0.14074330299117416,10,1,TSGDA-1
1600,-0.1417058063828272,-0.13998685730413396,0.0017189490786932438,-0.14131301984110606,10,1,TSGDA-1
1650,-0.14839761928107323,-0.14623496085013563,0.002162658430937603,-0.14125687319364502,10,1,TSGDA-1
1700,-0.1309796568323639,-0.13025321074793644,0.0007264460844274567,-0.14171771786201393,10,1,TSGDA-1
1750,-0.13670341595715724,-0.13546518679353076,0.0012382291636264808,-0.1416493641551294,10,1,TSGDA-1
1800,-0.1423291239161611,-0.1405538006623714,0.0017753232537897068,-0.1415543023995205,10,1,TSGDA-1
1850,-0.1472416789136143,-0.14494099156960463,0.0023006873440096776,-0.1414911929145569,10,1,TSGDA-1
1900,-0.14165966990396012,-0.13992825582699692,0.0017314140769632003,-0.1414373449537435,10,1,TSGDA-1
1950,-0.1359353825039879,-0.1347640329737665,0.0011713495302214105,-0.14126324000341134,10,1,TSGDA-1
2000,-0.14392044791872544,-0.14190874379613827,0.0020117041225871657,-0.14167943573487296,10,1,TSGDA-1
1,12.202477496702544,12.22098860843006,0.018511111727516294,12.383340684612506,10,2,HSGDA
50,4.455620281948631,4.471105489264172,0.015485207315540706,4.438360985007538,10,2,HSGDA
100,1.4693271747671588,1.4537069407335368,-0.015620234033622005,1.4418173427824095,10,2,HSGDA
150,0.44324339747360175,0.42905931353705457,-0.014184083936547187,0.3896578935927195,10,2,HSGDA
200,0.06350574407895626,0.045620921954218685,-0.017884822124737576,0.02670323557787202,10,2,HSGDA
250,-0.06649591695817064,-0.0809462929719969,-0.01445037601382626,-0.09850878363723248,10,2,HSGDA
300,-0.11825508145687941,-0.13272015423311612,-0.01446507277623671,-0.1422521195339106,10,2,HSGDA
350,-0.15556331555639702,-0.17581214831666853,-0.020248832760271507,-0.1575404182399378,10,2,HSGDA
400,-0.1398395416107768,-0.15244729959453515,-0.01260775798375835,-0.1627716537842029,10,2,HSGDA
450,-0.14648797473229683,-0.15890415678052153,-0.0124161820482247,-0.164287899721591,10,2,HSGDA
500,-0.14334698933538825,-0.15489778994237746,-0.011550800606989209,-0.16501748465244281,10,2,HSGDA
550,-0.14282780605610204,-0.15490413511068848,-0.012076329054586443,-0.16511191953685103,10,2,HSGDA
600,-0.1464746141206228,-0.15771864145340458,-0.011244027332781792,-0.1647128779333955,10,2,HSGDA
650,-0.14731827014413723,-0.15873501182018163,-0.011416741676044395,-0.16403503251331375,10,2,HSGDA
700,-0.14856934414144268,-0.15962523114829724,-0.011055887006854559,-0.1635295023208192,10,2,HSGDA
750,-0.13752116575426965,-0.14523735509594998,-0.007716189341680335,-0.16308920515111291,10,2,HSGDA
800,-0.15296993551087726,-0.1619339434426739,-0.008964007931796636,-0.16248895853815312,10,2,HSGDA
850,-0.15638056890053625,-0.16784814893980204,-0.01146758003926579,-0.16319939154772245,10,2,HSGDA
900,-0.15281261371356586,-0.16294678674005497,-0.010134173026489113,-0.16289383047894168,10,2,HSGDA
950,-0.13133775142110526,-0.13951907872993252,-0.008181327308827258,-0.1623230912262561,10,2,HSGDA
1000,-0.13446143369295482,-0.14259384368052336,-0.008132409987568534,-0.16169940041596648,10,2,HSGDA
1050,-0.16083664567797207,-0.17192422559342957,-0.011087579915457502,-0.1626355197494745,10,2,HSGDA
1100,-0.13857093695155215,-0.14626491710520934,-0.007693980153657187,-0.16294299256295514,10,2,HSGDA
1150,-0.14016253183275418,-0.14695608160789042,-0.006793549775136243,-0.16281697819299784,10,2,HSGDA
1200,-0.15864820031660137,-0.17148432288163817,-0.0128361225650368,-0.1630145215339096,10,2,HSGDA
1250,-0.14309339218227635,-0.15317753312063903,-0.010084140938362685,-0.16275415841497787,10,2,HSGDA
1300,-0.145068517949752,-0.15540836095056637,-0.010339843000814364,-0.16289901787162914,10,2,HSGDA
1350,-0.13616263288601851,-0.144172564904731,-0.008009932018712473,-0.1630623859059915,10,2,HSGDA
1400,-0.15861817370316722,-0.1708959257685072,-0.012277752065339986,-0.1628510495505927,10,2,HSGDA
1450,-0.16092687144075768,-0.1724139817119526,-0.011487110271194922,-0.16278058955880992,10,2,HSGDA
1500,-0.143713535374199,-0.1522868785673821,-0.008573343193183092,-0.16331225301023067,10,2,HSGDA
1550,-0.14994976279055694,-0.1614949769108237,-0.011545214120266767,-0.16370512912113117,10,2,HSGDA
1600,-0.16083242294689334,-0.17382083721442895,-0.012988414267535608,-0.16403842185778558,10,2,HSGDA
1650,-0.1299040570784114,-0.13684995467063327,-0.006945897592221861,-0.16362760329558795,10,2,HSGDA
1700,-0.16089022771079642,-0.17177056588612782,-0.010880338175331405,-0.16300204824371795,10,2,HSGDA
1750,-0.14324960430345696,-0.15134975502992604,-0.00810015072646908,-0.16291618524948442,10,2,HSGDA
1800,-0.16112137282239603,-0.17380193760098522,-0.012680564778589198,-0.1628270036100497,10,2,HSGDA
1850,-0.1373910860195876,-0.14483776101834184,-0.0074466749987542324,-0.16328663784870684,10,2,HSGDA
1900,-0.14948982269825176,-0.15933331254249253,-0.009843489844240771,-0.1635164880841671,10,2,HSGDA
1950,-0.1613253652824841,-0.17252132963053673,-0.011195964348052645,-0.1639578370778127,10,2,HSGDA
2000,-0.14623948219609645,-0.1562303742206717,-0.00999089202457526,-0.16427422429061816,10,2,HSGDA
1,12.178575738115654,12.184667059103177,0.006091320987522408,12.383703846018669,10,2,TSGDA-1
50,4.52649429714019,4.572353138764525,0.04585884162433462,4.5237364668853015,10,2,TSGDA-1
100,1.5084350432164928,1.5103842498055626,0.0019492065890698296,1.5416424802465325,10,2,TSGDA-1
150,0.49085969452295813,0.49406449492707666,0.003204800404118524,0.4699859225700184,10,2,TSGDA-1
200,0.09397002932985254,0.09391821169825554,-5.1817631597006475e-05,0.07931570100542776,10,2,TSGDA-1
250,-0.05100383540829548,-0.052819242211991385,-0.001815406803695907,-0.06011894641866547,10,2,TSGDA-1
300,-0.10117054608672582,-0.1027372841843408,-0.0015667380976149836,-0.11076961905447841,10,2,TSGDA-1
350,-0.13229499649068324,-0.13541735095666127,-0.003122354465978028,-0.12942490758531563,10,2,TSGDA-1
400,-0.12364377284437705,-0.12450258965307415,-0.0008588168086970938,-0.13615267411291726,10,2,TSGDA-1
450,-0.1372502598888736,-0.13932637024973352,-0.0020761103608599174,-0.13866467420246684,10,2,TSGDA-1
500,-0.13527418715430028,-0.13636356819307333,-0.0010893810387730407,-0.13971043778679815,10,2,TSGDA-1
550,-0.14000124350605175,-0.14272997520717412,-0.0027287317011223666,-0.1396911023001366,10,2,TSGDA-1
600,-0.13745059193326925,-0.1396373761305283,-0.0021867841972590396,-0.14020652238995773,10,2,TSGDA-1
650,-0.1287378444147907,-0.12986347252238029,-0.0011256281075895935,-0.1406791399855175,10,2,TSGDA-1
700,-0.1405125977099772,-0.14264026110059896,-0.002127663390621759,-0.14056954635194163,10,2,TSGDA-1
750,-0.13964841944778272,-0.14179642634726153,-0.002148006899478805,-0.1410006366423882,10,2,TSGDA-1
800,-0.14099246468833826,-0.14396036829309217,-0.0029679036047539076,-0.14132425488259448,10,2,TSGDA-1
850,-0.13109147092625445,-0.13291688647042593,-0.0018254155441714826,-0.14096196556440133,10,2,TSGDA-1
900,-0.1382048859351268,-0.14067649217656664,-0.0024716062414398277,-0.1404858330151364,10,2,TSGDA-1
950,-0.14195841855049712,-0.14528536459907,-0.0033269460485728652,-0.14091528813419668,10,2,TSGDA-1
1000,-0.14143387552433767,-0.14403909055240588,-0.0026052150280682085,-0.140479225276882,10,2,TSGDA-1
1050,-0.1317011703266397,-0.13309172804872427,-0.0013905577220845733,-0.14028349742047086,10,2,TSGDA-1
1100,-0.13051694372016298,-0.13163088533350858,-0.0011139416133456037,-0.13991193237596955,10,2,TSGDA-1
1150,-0.13822613763341848,-0.14056501110593375,-0.0023388734725152682,-0.14014245750064727,10,2,TSGDA-1
1200,-0.13606929036329374,-0.13809266397122427,-0.0020233736079305342,-0.14031915506060494,10,2,TSGDA-1
1250,-0.14424278449373945,-0.14759082705175253,-0.0033480425580130757,-0.14059877562509798,10,2,TSGDA-1
1300,-0.14455788606613218,-0.14797690899786442,-0.0034190229317322407,-0.14064386341807944,10,2,TSGDA-1
1350,-0.1339669660044236,-0.13574912259592337,-0.0017821565914997728,-0.14072599508110906,10,2,TSGDA-1
1400,-0.13428541705575503,-0.1363323121438274,-0.0020468950880723757,-0.14078563890369605,10,2,TSGDA-1
1450,-0.14176150996868972,-0.14508656831166802,-0.0033250583429783043,-0.14103161829451952,10,2,TSGDA-1
1500,-0.1344943320792002,-0.13661378333544327,-0.0021194512562430767,-0.14087383939930626,10,2,TSGDA-1
1550,-0.1443757291708349,-0.14844596549140943,-0.004070236320574516,-0.14091199303896562,10,2,TSGDA-1
1600,-0.1393787361026755,-0.1420046600689248,-0.0026259239662492773,-0.1409484757884685,10,2,TSGDA-1
1650,-0.14486767658999905,-0.14860517328657336,-0.003737496696574305,-0.14087088395315372,10,2,TSGDA-1
1700,-0.12454019694431878,-0.12498999246194725,-0.0004497955176284707,-0.14068655551013148,10,2,TSGDA-1
1750,-0.14063571935989735,-0.14320357036243367,-0.0025678510025363144,-0.1404292679076837,10,2,TSGDA-1
1800,-0.14213570358722752,-0.14538504853723042,-0.003249344950002897,-0.14052783811251254,10,2,TSGDA-1
1850,-0.1416045029384288,-0.1442927846709619,-0.0026882817325331043,-0.14069958823448625,10,2,TSGDA-1
1900,-0.14042667190418306,-0.1428828182071895,-0.0024561463030064457,-0.14074015592909594,10,2,TSGDA-1
1950,-0.14337807462016453,-0.14656484762503233,-0.0031867730048678045,-0.1410485889312286,10,2,TSGDA-1
2000,-0.14113735010716033,-0.14447171833587397,-0.0033343682287136356,-0.14125831178880527,10,2,TSGDA-1
1,12.740717962623933,12.786187761310584,0.045469798686651686,13.13429221653145,10,3,HSGDA
50,4.692468077893587,4.736072309817838,0.04360423192425067,4.683260146657668,10,3,HSGDA
100,1.570745792439602,1.574371559834445,0.0036257673948429936,1.553818811402868,10,3,HSGDA
150,0.4671820706145731,0.45968330837735444,-0.007498762237218681,0.466685553979178,10,3,HSGDA
200,0.09921119252780009,0.09427559439037478,-0.004935598137425307,0.08378550568676069,10,3,HSGDA
250,-0.03523433631338038,-0.0394801131329017,-0.004245776819521319,-0.05810777080651999,10,3,HSGDA
300,-0.10338701941092432,-0.11201244625711976,-0.008625426846195439,-0.11469423899261233,10,3,HSGDA
350,-0.12880163796874802,-0.13849305156691957,-0.00969141359817155,-0.13787265650714134,10,3,HSGDA
400,-0.14003926937626957,-0.15173712778456497,-0.011697858408295403,-0.14848218282746398,10,3,HSGDA
450,-0.15008137841101843,-0.1653641204832208,-0.015282742072202371,-0.1525490631995543,10,3,HSGDA
500,-0.12681245915784278,-0.13391898057292279,-0.007106521415080003,-0.15479683880115946,10,3,HSGDA
550,-0.14954540304383715,-0.165807734741218,-0.01626233169738084,-0.1559075203297973,10,3,HSGDA
600,-0.13459358045803196,-0.1453042644827475,-0.010710684024715533,-0.15653734465050886,10,3,HSGDA
650,-0.13636634774218237,-0.1469767034581756,-0.010610355715993225,-0.15673161450429934,10,3,HSGDA
700,-0.14530075956722716,-0.15996939348601402,-0.014668633918786866,-0.1579791583930925,10,3,HSGDA
750,-0.16388913072227274,-0.18677609146155943,-0.0228869607392867,-0.15837684509861805,10,3,HSGDA
800,-0.1469930461679586,-0.1628664214406373,-0.01587337527267868,-0.15910241959629895,10,3,HSGDA
850,-0.136526124251155,-0.1483345844316779,-0.011808460180522895,-0.15893292368951423,10,3,HSGDA
900,-0.13234171629748548,-0.14478566986645708,-0.0124439535689716,-0.1585350200878936,10,3,HSGDA
950,-0.14564007429972275,-0.16086968698398324,-0.015229612684260485,-0.15763896416507767,10,3,HSGDA
1000,-0.1504631195309169,-0.17024823565995462,-0.019785116129037716,-0.15923411804348053,10,3,HSGDA
1050,-0.14884888281637842,-0.16820051213234616,-0.019351629315967733,-0.15945107311560447,10,3,HSGDA
1100,-0.15321724758909422,-0.17312305234373426,-0.019905804754640044,-0.15961159580768108,10,3,HSGDA
1150,-0.13945522338978272,-0.15417010185707491,-0.014714878467292192,-0.15892666012420809,10,3,HSGDA
1200,-0.15210915222018828,-0.17276990621103622,-0.020660753990847935,-0.1597145390277902,10,3,HSGDA
1250,-0.15451497896010946,-0.17326182466421214,-0.018746845704102677,-0.1598137251971284,10,3,HSGDA
1300,-0.13999503025075138,-0.1542265850002813,-0.014231554749529918,-0.15880723562300497,10,3,HSGDA
1350,-0.14580649069397345,-0.16322265099393568,-0.017416160299962236,-0.15892212161350472,10,3,HSGDA
1400,-0.15911056589917782,-0.17916023765520117,-0.020049671756023346,-0.15915766782408003,10,3,HSGDA
1450,-0.15520110279168015,-0.17617595038752054,-0.020974847595840396,-0.1597570543758164,10,3,HSGDA
1500,-0.1493503573895444,-0.16756323295835127,-0.018212875568806852,-0.16053534959218854,10,3,HSGDA
1550,-0.1336621038393196,-0.14702122567544373,-0.013359121836124144,-0.16032122719846686,10,3,HSGDA
1600,-0.153567143578482,-0.17267592926008507,-0.01910878568160307,-0.1602569205106279,10,3,HSGDA
1650,-0.14435604232856974,-0.16080738704980518,-0.01645134472123544,-0.15994842361938155,10,3,HSGDA
1700,-0.14466033849637172,-0.15886534099901406,-0.014205002502642339,-0.15902737441471654,10,3,HSGDA
1750,-0.1457207349661327,-0.1644595043078661,-0.018738769341733408,-0.15920569764095788,10,3,HSGDA
1800,-0.1475391485846138,-0.1633861889522994,-0.015847040367685583,-0.15945947009901917,10,3,HSGDA
1850,-0.14876166858910767,-0.16595031408488287,-0.0171886454957752,-0.1594408139599242,10,3,HSGDA
1900,-0.14420018143666924,-0.15960637675648892,-0.015406195319819682,-0.16016126742990155,10,3,HSGDA
1950,-0.14442733196135893,-0.16125168492855652,-0.016824352967197587,-0.16055173701524655,10,3,HSGDA
2000,-0.1541871990948782,-0.17409330896018366,-0.019906109865305444,-0.15957650486980635,10,3,HSGDA
1,12.678914765704103,12.692097973756441,0.013183208052337747,13.135052239721624,10,3,TSGDA-1
50,4.782624229842113,4.835657026501929,0.053032796659816306,4.837138744106231,10,3,TSGDA-1
100,1.6523068011663844,1.6704387725936616,0.018131971427277183,1.6547316445327915,10,3,TSGDA-1
150,0.49979392495918656,0.5015705212730945,0.0017765963139079743,0.5006117807360615,10,3,TSGDA-1
200,0.08171268909537246,0.07756206563772866,-0.004150623457643804,0.08965516065289317,10,3,TSGDA-1
250,-0.0519915735569666,-0.05581100329392705,-0.00381942973696045,-0.059363438672136004,10,3,TSGDA-1
300,-0.09807138359145717,-0.10015697126382711,-0.0020855876723699374,-0.11298736184184027,10,3,TSGDA-1
350,-0.1275565135904296,-0.1325871884282853,-0.0050306748378556865,-0.130895541028013,10,3,TSGDA-1
400,-0.13159322132499962,-0.13593891438378214,-0.004345693058782518,-0.13706508982621313,10,3,TSGDA-1
450,-0.13043837632702476,-0.13346496373431554,-0.0030265874072907817,-0.13935782196305935,10,3,TSGDA-1
500,-0.1319298585318591,-0.1359641421089912,-0.004034283577132092,-0.1395222261245487,10,3,TSGDA-1
550,-0.13132558386906779,-0.13407721334527473,-0.0027516294762069404,-0.13951014829321912,10,3,TSGDA-1
600,-0.14235265393371316,-0.14945655481379982,-0.0071039008800866665,-0.1398207849712148,10,3,TSGDA-1
650,-0.13742785882733258,-0.14284537401265238,-0.005417515185319799,-0.1402704455246017,10,3,TSGDA-1
700,-0.13422697070949846,-0.13844951723601262,-0.004222546526514159,-0.14024868370757765,10,3,TSGDA-1
750,-0.13080065493393184,-0.13384537975235583,-0.003044724818423994,-0.14039082964248667,10,3,TSGDA-1
800,-0.1310804604032428,-0.13441246304328883,-0.0033320026400460168,-0.14048182695767306,10,3,TSGDA-1
850,-0.13695594516367746,-0.14225627158080453,-0.005300326417127077,-0.14052875584751154,10,3,TSGDA-1
900,-0.13854194249110913,-0.14377395232103185,-0.0052320098299227236,-0.1404650981692243,10,3,TSGDA-1
950,-0.1401459804070389,-0.14656713381038083,-0.006421153403341928,-0.14028214650399962,10,3,TSGDA-1
1000,-0.13442580354466127,-0.13826507252856324,-0.0038392689839019667,-0.14069443195965076,10,3,TSGDA-1
1050,-0.14736585460753793,-0.15667405018734015,-0.009308195579802225,-0.14090141401467265,10,3,TSGDA-1
1100,-0.13661731074914543,-0.14221539446790102,-0.0055980837187555865,-0.14085272347470554,10,3,TSGDA-1
1150,-0.1384934209527818,-0.14416576067108763,-0.00567233971830583,-0.14000887809393672,10,3,TSGDA-1
1200,-0.12757934378024316,-0.1287336966243503,-0.0011543528441071427,-0.13956662313767726,10,3,TSGDA-1
1250,-0.14003102050807556,-0.14749737479908612,-0.007466354291010557,-0.13970777624746947,10,3,TSGDA-1
1300,-0.13768178477227266,-0.1434523390462598,-0.00577055427398715,-0.13961663425024956,10,3,TSGDA-1
1350,-0.13746661328965415,-0.1431074948465968,-0.005640881556942645,-0.1397071980636695,10,3,TSGDA-1
1400,-0.13969211193360428,-0.14575004568046904,-0.006057933746864752,-0.1402278645330192,10,3,TSGDA-1
1450,-0.13674180511164613,-0.1425971259908042,-0.005855320879158077,-0.14010282148597797,10,3,TSGDA-1
1500,-0.13654886895695026,-0.14154784415748686,-0.004998975200536604,-0.13959742400051037,10,3,TSGDA-1
1550,-0.1363264271680245,-0.14178704627643157,-0.005460619108407061,-0.14029053723708562,10,3,TSGDA-1
1600,-0.13810161060949258,-0.14345600774366793,-0.005354397134175348,-0.14053820663821934,10,3,TSGDA-1
1650,-0.131544881092189,-0.13434836463293967,-0.002803483540750662,-0.14029266977020302,10,3,TSGDA-1
1700,-0.1358878100830097,-0.14135265175345213,-0.005464841670442422,-0.14013227712277188,10,3,TSGDA-1
1750,-0.1397833531700286,-0.14670211844161646,-0.006918765271587857,-0.1403357818555594,10,3,TSGDA-1
1800,-0.1355807363695351,-0.14083603822233431,-0.00525530185279921,-0.14039626035281133,10,3,TSGDA-1
1850,-0.13722380162210543,-0.14245119533865927,-0.005227393716553841,-0.14012387418521585,10,3,TSGDA-1
1900,-0.13653568960982854,-0.1414308085786805,-0.004895118968851975,-0.13985452369302698,10,3,TSGDA-1
1950,-0.1364157092371896,-0.14188546387065737,-0.005469754633467772,-0.13959308921646407,10,3,TSGDA-1
2000,-0.13351709153828906,-0.13723919425102166,-0.0037221027127326,-0.1397806795683833,10,3,TSGDA-1
1,11.687363638026278,11.702725570259478,0.015361932233199482,11.49804609471924,10,4,HSGDA
50,4.190966892141899,4.220472705556349,0.02950581341444991,4.256652572152299,10,4,HSGDA
100,1.5123339454072897,1.532051319244352,0.01971737383706218,1.5555557360045127,10,4,HSGDA
150,0.5595572970276393,0.5696318409519652,0.01007454392432583,0.5664884835257707,10,4,HSGDA
200,0.17821907093248623,0.1840507184600768,0.005831647527590578,0.18343279260074669,10,4,HSGDA
250,0.01921518035376757,0.02264891963312632,0.0034337392793587496,0.02886996531257785,10,4,HSGDA
300,-0.04139943576321503,-0.03998478349275164,0.0014146522704633901,-0.04069489167118018,10,4,HSGDA
350,-0.07478651558579236,-0.07418439762511095,0.0006021179606814087,-0.07664114642117043,10,4,HSGDA
400,-0.10362486687857062,-0.10299565713032097,0.0006292097482496484,-0.10045945533593503,10,4,HSGDA
450,-0.11814076851587996,-0.1174539563043894,0.0006868122114905562,-0.11821380883307392,10,4,HSGDA
500,-0.12892958352691686,-0.12786326206050697,0.001066321466409892,-0.12966343635216632,10,4,HSGDA
550,-0.15000458131256728,-0.14708108314152685,0.0029234981710404284,-0.1396075268463643,10,4,HSGDA
600,-0.14141208080525192,-0.13908547667853327,0.0023266041267186455,-0.14684914433305407,10,4,HSGDA
650,-0.1536216141722464,-0.14966435375938458,0.003957260412861818,-0.15221215305858887,10,4,HSGDA
700,-0.18321458866713405,-0.17581581369256796,0.007398774974566091,-0.15693166766019914,10,4,HSGDA
750,-0.17589736632823705,-0.16816155112794218,0.007735815200294871,-0.1601323582022801,10,4,HSGDA
800,-0.1688533382553208,-0.16144873855991052,0.007404599695410297,-0.1624478743148883,10,4,HSGDA
850,-0.16755748672319348,-0.1597898170917078,0.007767669631485674,-0.16404554085283618,10,4,HSGDA
900,-0.17662328872929572,-0.16725386955193744,0.009369419177358285,-0.16564801690077285,10,4,HSGDA
950,-0.18201670962336058,-0.17097172093744029,0.011044988685920298,-0.16642281419446536,10,4,HSGDA
1000,-0.2038393987092909,-0.19042002443245976,0.013419374276831153,-0.16652893318881595,10,4,HSGDA
1050,-0.16176442486362275,-0.15239973342935753,0.009364691434265215,-0.16682231478300302,10,4,HSGDA
1100,-0.16460205549639528,-0.15361761532270996,0.010984440173685328,-0.16704339520301337,10,4,HSGDA
1150,-0.17683362987018575,-0.16505625470339857,0.011777375166787174,-0.1670649487225832,10,4,HSGDA
1200,-0.1924393410279714,-0.17901305953612823,0.013426281491843162,-0.16717647664720164,10,4,HSGDA
1250,-0.18543201445424407,-0.17292640299391143,0.012505611460332633,-0.1672121002425686,10,4,HSGDA
1300,-0.16569128094450236,-0.15268130675134228,0.013009974193160079,-0.16690045143684162,10,4,HSGDA
1350,-0.15957892769805526,-0.14833634453783662,0.011242583160218644,-0.1670358295054658,10,4,HSGDA
1400,-0.21500700928706679,-0.1983840865603917,0.016622922726675093,-0.1669658008089539,10,4,HSGDA
1450,-0.1613632640401404,-0.14948961644558495,0.011873647594555448,-0.1665892987228778,10,4,HSGDA
1500,-0.1978576651201312,-0.18230038422241968,0.015557280897711523,-0.16659935312000573,10,4,HSGDA
1550,-0.15558984787424274,-0.14429581632638244,0.011294031547860295,-0.1667261216829063,10,4,HSGDA
1600,-0.18506577759367382,-0.17070109523382337,0.014364682359850445,-0.16677163407763018,10,4,HSGDA
1650,-0.200297637756789,-0.18485286528138734,0.015444772475401658,-0.16648020098561633,10,4,HSGDA
1700,-0.16461589556328482,-0.15243978794037166,0.012176107622913157,-0.1664315783343353,10,4,HSGDA
1750,-0.17840204245143626,-0.1644512775697144,0.013950764881721867,-0.16616192336400287,10,4,HSGDA
1800,-0.19165700138092717,-0.17489456095738415,0.016762440423543024,-0.1661275138608087,10,4,HSGDA
1850,-0.18474885980755207,-0.16950252799504184,0.015246331812510228,-0.16619770630206876,10,4,HSGDA
1900,-0.18039520385682528,-0.1658485624442384,0.01454664141258688,-0.16582171284966585,10,4,HSGDA
1950,-0.1632263170569349,-0.1493933936993806,0.013832923357554316,-0.16622457773196764,10,4,HSGDA
2000,-0.17814126765186333,-0.16291596978952327,0.01522529786234006,-0.1653704211459307,10,4,HSGDA
1,11.787882210000685,11.793074156667991,0.005191946667306269,11.496831172773902,10,4,TSGDA-1
50,4.2541003343930255,4.270635196873547,0.016534862480521717,4.261401028757397,10,4,TSGDA-1
100,1.4873514857278431,1.4956867310730662,0.008335245345223008,1.5247071110358414,10,4,TSGDA-1
150,0.49454876318104596,0.49700846982288804,0.0024597066418420854,0.5049383839809498,10,4,TSGDA-1
200,0.11276001525555057,0.11327585778577975,0.0005158425302291825,0.1186159466325693,10,4,TSGDA-1
250,-0.030339063849437048,-0.030398303945070343,-5.924009563329502e-05,-0.029646610089024333,10,4,TSGDA-1
300,-0.09051725101291916,-0.09059377336047827,-7.652234755911591e-05,-0.09287198908077254,10,4,TSGDA-1
350,-0.11704323065165412,-0.11675915651937657,0.0002840741322775453,-0.11914686144660336,10,4,TSGDA-1
400,-0.13349573934242898,-0.1324886537176368,0.0010070856247921811,-0.1314867246261166,10,4,TSGDA-1
450,-0.13049432355248608,-0.12990278467547312,0.0005915388770129648,-0.13580102443550607,10,4,TSGDA-1
500,-0.1412507125611099,-0.13987655830019805,0.001374154260911864,-0.1387746422315718,10,4,TSGDA-1
550,-0.15144162109428624,-0.14890453795999378,0.0025370831342924616,-0.1403475777700339,10,4,TSGDA-1
600,-0.14514878398703152,-0.14313923287332175,0.002009551113709762,-0.14112000538812985,10,4,TSGDA-1
650,-0.14681491102582284,-0.14469692276283153,0.0021179882629913105,-0.14138713382698054,10,4,TSGDA-1
700,-0.14863588169746672,-0.1463611984376384,0.002274683259828325,-0.14122624576560122,10,4,TSGDA-1
750,-0.14907602053713626,-0.1467287677113887,0.002347252825747548,-0.1413018350544622,10,4,TSGDA-1
800,-0.15639111144564372,-0.15322397079099342,0.003167140654650291,-0.14179272819074296,10,4,TSGDA-1
850,-0.14430609845309691,-0.14244372905027033,0.0018623694028265803,-0.14163298658337667,10,4,TSGDA-1
900,-0.14481507384595646,-0.1427836850613555,0.0020313887846009626,-0.14162485218202006,10,4,TSGDA-1
950,-0.14214603280488958,-0.14035819556116358,0.0017878372437259982,-0.14117819156921302,10,4,TSGDA-1
1000,-0.13867540087035157,-0.13716274354065228,0.0015126573296992962,-0.14131299225272387,10,4,TSGDA-1
1050,-0.15360226636288316,-0.1507046751085494,0.0028975912543337534,-0.14140641973973672,10,4,TSGDA-1
1100,-0.1378838230926584,-0.13635743802954947,0.001526385063108926,-0.14163116797987763,10,4,TSGDA-1
1150,-0.15614224426105167,-0.1529021097796916,0.0032401344813600685,-0.1417422049160884,10,4,TSGDA-1
1200,-0.13522163998943243,-0.1341773948929157,0.0010442450965167382,-0.14175925026796965,10,4,TSGDA-1
1250,-0.1515778596809048,-0.1487523773084852,0.0028254823724195854,-0.14156909520359814,10,4,TSGDA-1
1300,-0.14078416280125583,-0.13895537923186146,0.0018287835693943655,-0.1409850582302174,10,4,TSGDA-1
1350,-0.1437812352091332,-0.14190379449267868,0.0018774407164545148,-0.14086777806616843,10,4,TSGDA-1
1400,-0.1441456744017996,-0.14209758344542817,0.002048090956371429,-0.1412203989994742,10,4,TSGDA-1
1450,-0.1370662921824198,-0.13575571559108482,0.0013105765913349887,-0.141393678578172,10,4,TSGDA-1
1500,-0.14855437063705595,-0.14600516826827392,0.002549202368782033,-0.14143175344027903,10,4,TSGDA-1
1550,-0.1470170517941572,-0.1450851880504856,0.0019318637436716024,-0.1411582238763462,10,4,TSGDA-1
1600,-0.14058799080967335,-0.13888838325066336,0.0016996075590099968,-0.14150278004800407,10,4,TSGDA-1
1650,-0.1400059775299794,-0.13835111976410375,0.0016548577658756503,-0.1415158679164517,10,4,TSGDA-1
1700,-0.1418490375519321,-0.14010575582835208,0.0017432817235800147,-0.1413976427895325,10,4,TSGDA-1
1750,-0.14735310258821865,-0.14511096094326392,0.0022421416449547316,-0.14181163536000013,10,4,TSGDA-1
1800,-0.13477645811776756,-0.1336972215434734,0.0010792365742941512,-0.1413922205464403,10,4,TSGDA-1
1850,-0.1308660906377432,-0.12996947226084096,0.0008966183769022473,-0.14166029244156206,10,4,TSGDA-1
1900,-0.15688521356880586,-0.15368458804221646,0.0032006255265893957,-0.14134497082477304,10,4,TSGDA-1
1950,-0.1417427646811256,-0.13986684704934546,0.001875917631780133,-0.14116391364380296,10,4,TSGDA-1
2000,-0.15153287337122498,-0.14882066486779996,0.0027122085034250176,-0.14100561269607695,10,4,TSGDA-1
1,11.542899332580554,11.544778877262534,0.0018795446819801498,11.644218207279264,10,5,HSGDA
50,4.209256843426029,4.210207839666351,0.0009509962403217997,4.206948331212758,10,5,HSGDA
100,1.4334222620974963,1.4321079553019622,-0.0013143067955341259,1.4240790970376347,10,5,HSGDA
150,0.42511926087464236,0.4224127894989288,-0.0027064713757135594,0.4189439895231014,10,5,HSGDA
200,0.05767818168859906,0.05248067155746022,-0.005197510131138838,0.05242744826282747,10,5,HSGDA
250,-0.06938984910849177,-0.07344674119377942,-0.0040568920852876444,-0.0787735378886108,10,5,HSGDA
300,-0.1112244531173254,-0.11472149936803275,-0.0034970462507073474,-0.12916312480361655,10,5,HSGDA
350,-0.1339578890526457,-0.14095061286714614,-0.0069927238145004456,-0.14850140370616263,10,5,HSGDA
400,-0.1548844036976896,-0.1607735528889366,-0.005889149191247001,-0.15625912537894968,10,5,HSGDA
450,-0.14402244511413814,-0.15157386311397247,-0.007551417999834331,-0.1599380817234139,10,5,HSGDA
500,-0.145566579845844,-0.15322400074052453,-0.007657420894680522,-0.16129276278047902,10,5,HSGDA
550,-0.15082590101979926,-0.16139602393162378,-0.01057012291182452,-0.1626245209454989,10,5,HSGDA
600,-0.16834952720623664,-0.17713192435113384,-0.008782397144897203,-0.16358619057331525,10,5,HSGDA
650,-0.15211225865750494,-0.15942252252496597,-0.007310263867461031,-0.1636032260879286,10,5,HSGDA
700,-0.15079549263423578,-0.16062121700305385,-0.009825724368818067,-0.16295846377987563,10,5,HSGDA
750,-0.1462226209813484,-0.15678876854790494,-0.01056614756655655,-0.16283432088947133,10,5,HSGDA
800,-0.13979436334329043,-0.14857414489718668,-0.008779781553896249,-0.1631011513984411,10,5,HSGDA
850,-0.173454151967397,-0.18308751794466155,-0.009633365977264552,-0.16372863121223097,10,5,HSGDA
900,-0.11528546041894566,-0.11651863767268134,-0.0012331772537356733,-0.16420884641975803,10,5,HSGDA
950,-0.13849016513864443,-0.14586457890365817,-0.007374413765013743,-0.16442296636880205,10,5,HSGDA
1000,-0.150635100154961,-0.15756881183340277,-0.006933711678441756,-0.16475732908848917,10,5,HSGDA
1050,-0.16775971737474554,-0.17918041190665995,-0.01142069453191441,-0.16466330707423732,10,5,HSGDA
1100,-0.1664783225161592,-0.17860103157097804,-0.012122709054818825,-0.16519729793767354,10,5,HSGDA
1150,-0.15581192266701405,-0.16607185625891285,-0.010259933591898807,-0.16554361519838995,10,5,HSGDA
1200,-0.1633152306014218,-0.17064389782955472,-0.007328667228132912,-0.16498737607840583,10,5,HSGDA
1250,-0.14909148420469165,-0.1585058601837303,-0.009414375979038658,-0.16475964879867455,10,5,HSGDA
1300,-0.17036454538929352,-0.18313875683146041,-0.012774211442166894,-0.16403322923927888,10,5,HSGDA
1350,-0.1483894252360983,-0.15772700555621796,-0.009337580320119665,-0.16376267808467113,10,5,HSGDA
1400,-0.15736187674337423,-0.16794811623000241,-0.01058623948662818,-0.16384854633958798,10,5,HSGDA
1450,-0.15483953399364975,-0.16336751976662528,-0.008527985772975533,-0.16528479308549798,10,5,HSGDA
1500,-0.16420866399787654,-0.17546028264415087,-0.01125161864627433,-0.16469008951178626,10,5,HSGDA
1550,-0.1447916416014059,-0.15107642094096274,-0.006284779339556845,-0.16469928935888523,10,5,HSGDA
1600,-0.15794676319305795,-0.1703745016391835,-0.012427738446125547,-0.16479535349529756,10,5,HSGDA
1650,-0.15061524241811966,-0.15960733365361648,-0.008992091235496824,-0.16496710397407935,10,5,HSGDA
1700,-0.15451365088859706,-0.16463825268839585,-0.010124601799798794,-0.16530233869035058,10,5,HSGDA
1750,-0.15367176453581952,-0.16413567242039825,-0.010463907884578738,-0.16541380569364675,10,5,HSGDA
1800,-0.14262335867166165,-0.15469829093069692,-0.012074932259035276,-0.16512381947128307,10,5,HSGDA
1850,-0.14686990140689157,-0.1552067411919925,-0.008336839785100914,-0.16536372807704866,10,5,HSGDA
1900,-0.16332756336980833,-0.17279586708791642,-0.009468303718108084,-0.16574428637422137,10,5,HSGDA
1950,-0.15524377705882794,-0.16692456958616173,-0.011680792527333783,-0.16551401867276197,10,5,HSGDA
2000,-0.15455223635047832,-0.16474867310998514,-0.010196436759506822,-0.1656946539114133,10,5,HSGDA
1,11.481607952467455,11.483451329990052,0.0018433775225972227,11.645721123435433,10,5,TSGDA-1
50,4.236934786691622,4.2369972502876765,6.246359605466267e-05,4.239870441647515,10,5,TSGDA-1
100,1.4305907251106924,1.4285744445648751,-0.0020162805458172617,1.4240835114373036,10,5,TSGDA-1
150,0.4095448768185313,0.405384833250074,-0.004160043568457283,0.4089579311308331,10,5,TSGDA-1
200,0.05007938179741461,0.044585738856535106,-0.005493642940879506,0.05011127437845758,10,5,TSGDA-1
250,-0.07751532109259124,-0.08149930878421169,-0.00398398769162045,-0.07729390333475378,10,5,TSGDA-1
300,-0.11889871106242655,-0.12255259523445255,-0.0036538841720260007,-0.12118290722194541,10,5,TSGDA-1
350,-0.12516970069345412,-0.1271471119310505,-0.0019774112375963715,-0.13643232586057968,10,5,TSGDA-1
400,-0.14266629504780604,-0.14670482345614483,-0.004038528408338793,-0.14108508065566783,10,5,TSGDA-1
450,-0.14731830171337296,-0.152080370684319,-0.004762068970946054,-0.1419171274241408,10,5,TSGDA-1
500,-0.1461607937469149,-0.148861064931796,-0.0027002711848810868,-0.14191357487549774,10,5,TSGDA-1
550,-0.1467497527920121,-0.1513081479508814,-0.0045583951588692995,-0.14168832497902736,10,5,TSGDA-1
600,-0.13800837484332024,-0.14018273266168557,-0.0021743578183653356,-0.14197842681655332,10,5,TSGDA-1
650,-0.14246931190227377,-0.14479219263635149,-0.0023228807340777147,-0.1419056602259476,10,5,TSGDA-1
700,-0.14300442196502797,-0.1460405845981522,-0.0030361626331242286,-0.14165827122110217,10,5,TSGDA-1
750,-0.1362864259311274,-0.13854652444138837,-0.0022600985102609883,-0.14141736760727275,10,5,TSGDA-1
800,-0.14428289520259246,-0.146732718724143,-0.0024498235215505426,-0.1415501393180526,10,5,TSGDA-1
850,-0.13416730303655244,-0.13538198260044026,-0.0012146795638878216,-0.14170830922839645,10,5,TSGDA-1
900,-0.12974649687511156,-0.1301672911246675,-0.0004207942495559336,-0.14128637118878942,10,5,TSGDA-1
950,-0.1359482083874646,-0.1372415400424031,-0.001293331654938501,-0.140773523514493,10,5,TSGDA-1
1000,-0.1355071678439492,-0.1375890060120801,-0.0020818381681309006,-0.14023746049016736,10,5,TSGDA-1
1050,-0.1356542802769022,-0.13795836541791254,-0.002304085141010326,-0.14063406343511972,10,5,TSGDA-1
1100,-0.13469863728209858,-0.13720871530876683,-0.00251007802666825,-0.14073919133848478,10,5,TSGDA-1
1150,-0.14537794679878144,-0.14827898951674331,-0.002901042717961877,-0.14072071564332508,10,5,TSGDA-1
1200,-0.13758227327759026,-0.1396125812451185,-0.002030307967528233,-0.14093718406231082,10,5,TSGDA-1
1250,-0.13866849047633506,-0.1402018395004826,-0.0015333490241475345,-0.1407663365725333,10,5,TSGDA-1
1300,-0.13243168052724016,-0.1343983751337093,-0.0019666946064691437,-0.14096241558939923,10,5,TSGDA-1
1350,-0.13805739263832717,-0.1407095912249629,-0.0026521985866357345,-0.14065469722748208,10,5,TSGDA-1
1400,-0.13016654790691862,-0.13072565515208767,-0.0005591072451690549,-0.14021585117052532,10,5,TSGDA-1
1450,-0.1396700671887926,-0.14207422339183284,-0.002404156203040242,-0.14092024131392955,10,5,TSGDA-1
1500,-0.14562727741040155,-0.14897279769071564,-0.003345520280314096,-0.14078237044546288,10,5,TSGDA-1
1550,-0.137537872624094,-0.14031525841393566,-0.0027773857898416576,-0.1407771042510168,10,5,TSGDA-1
1600,-0.14023359857015835,-0.14235541535752602,-0.0021218167873676697,-0.14101197564353155,10,5,TSGDA-1
1650,-0.1407891543749701,-0.14303769408227054,-0.0022485397073004343,-0.1409658365906015,10,5,TSGDA-1
1700,-0.14340386622721882,-0.145670061079097,-0.0022661948518781783,-0.14131735296986261,10,5,TSGDA-1
1750,-0.1347029599743492,-0.13681163296706486,-0.0021086729927156656,-0.14104092764681528,10,5,TSGDA-1
1800,-0.14090912326279167,-0.14419879119292947,-0.0032896679301377962,-0.140600484750695,10,5,TSGDA-1
1850,-0.1414096737552274,-0.14436359911700875,-0.002953925361781351,-0.1411627509301906,10,5,TSGDA-1
1900,-0.1360718111448919,-0.13792169074364877,-0.0018498795987568761,-0.14087940342911795,10,5,TSGDA-1
1950,-0.14071504741118848,-0.14299927199382625,-0.0022842245826377727,-0.14105373731116336,10,5,TSGDA-1
2000,-0.14289200685627879,-0.14637138297326702,-0.003479376116988231,-0.14123842996623898,10,5,TSGDA-1
1,11.50856889495591,11.454595268574913,-0.053973626380997786,10.937601214702367,10,6,HSGDA
50,3.885587357272545,3.799015812082125,-0.0865715451904201,3.8654381475315356,10,6,HSGDA
100,1.376295102538702,1.3315147546152788,-0.044780347923423225,1.3129210742472266,10,6,HSGDA
150,0.38433038054416313,0.36113653000908674,-0.023193850535076388,0.38819378585680075,10,6,HSGDA
200,0.05158787476656124,0.03387785880979122,-0.01771001595677002,0.04771800144585436,10,6,HSGDA
250,-0.08621417711336565,-0.09540410849791547,-0.009189931384549821,-0.07939169332720009,10,6,HSGDA
300,-0.12816786108876332,-0.13324602830561683,-0.005078167216853502,-0.1316472902249105,10,6,HSGDA
350,-0.14474656899220756,-0.14693898346481843,-0.0021924144726108707,-0.15277697542927687,10,6,HSGDA
400,-0.1585343700308216,-0.15944905562887135,-0.000914685598049747,-0.161334298604633,10,6,HSGDA
450,-0.18453404527062245,-0.18168406930204184,0.002849975968580609,-0.16483078207768925,10,6,HSGDA
500,-0.17391655556875613,-0.16735252862119837,0.006564026947557755,-0.16586077420809225,10,6,HSGDA
550,-0.16512823772607044,-0.15717184049826183,0.00795639722780861,-0.16630112330518632,10,6,HSGDA
600,-0.17246311558171,-0.16780677598693516,0.00465633959477485,-0.16655296990721258,10,6,HSGDA
650,-0.16009114789749973,-0.15768315173190528,0.0024079961655944504,-0.16637312826723794,10,6,HSGDA
700,-0.20220454865938847,-0.19390792313391225,0.00829662552547622,-0.16674791383867105,10,6,HSGDA
750,-0.16046813753022304,-0.1586575851574843,0.0018105523727387496,-0.1665312567749383,10,6,HSGDA
800,-0.1932137657279645,-0.19153728351806448,0.001676482209900021,-0.16610636320177713,10,6,HSGDA
850,-0.2033108754981317,-0.1959322824497038,0.007378593048427917,-0.16581171622917867,10,6,HSGDA
900,-0.15475338377492293,-0.15050924973615598,0.004244134038766945,-0.16641449948685882,10,6,HSGDA
950,-0.1803742185001852,-0.1754502310354248,0.004923987464760415,-0.1666193022695872,10,6,HSGDA
1000,-0.1960324247801214,-0.18812429041070766,0.007908134369413733,-0.1661308518799166,10,6,HSGDA
1050,-0.1794301870495641,-0.17366131153091918,0.0057688755186449114,-0.1661765345996587,10,6,HSGDA
1100,-0.14130666484223486,-0.13739651209583753,0.003910152746397333,-0.16597880316638008,10,6,HSGDA
1150,-0.17476054271794023,-0.16994298261798862,0.004817560099951601,-0.16614813147708657,10,6,HSGDA
1200,-0.14686429789975242,-0.14160607651941232,0.0052582213803401,-0.16515749030186605,10,6,HSGDA
1250,-0.1753418873991056,-0.17246540847439118,0.002876478924714432,-0.1653380739476903,10,6,HSGDA
1300,-0.16034669221930764,-0.15472074287872029,0.005625949340587355,-0.1658897198905781,10,6,HSGDA
1350,-0.17094033648616191,-0.16643761471797403,0.0045027217681878895,-0.16604040701068906,10,6,HSGDA
1400,-0.17142106999982826,-0.167414254964999,0.0040068150348292475,-0.1662864648115701,10,6,HSGDA
1450,-0.13654106022588974,-0.1316911262268342,0.0048499339990555335,-0.1665348107180139,10,6,HSGDA
1500,-0.15680691377577938,-0.15185474455451858,0.004952169221260794,-0.16638672486793538,10,6,HSGDA
1550,-0.16478329526182034,-0.1593841507454996,0.005399144516320731,-0.16614193832732,10,6,HSGDA
1600,-0.18394702413423625,-0.17914840250354214,0.004798621630694111,-0.1662326733443925,10,6,HSGDA
1650,-0.1882404440783706,-0.18469706287143473,0.0035433812069358694,-0.1664478685080083,10,6,HSGDA
1700,-0.1755038546660504,-0.17133955890491415,0.00416429576113625,-0.1664045166180414,10,6,HSGDA
1750,-0.18811633066220462,-0.18216995872472252,0.005946371937482098,-0.16637104446370393,10,6,HSGDA
1800,-0.1786154402905582,-0.1713902231523633,0.007225217138194906,-0.1660004732976389,10,6,HSGDA
1850,-0.17563174637325368,-0.170831918765862,0.004799827607391671,-0.16609595835302904,10,6,HSGDA
1900,-0.1362083442902926,-0.1329147452040098,0.0032935990862827946,-0.16633237761928482,10,6,HSGDA
1950,-0.19484188136541897,-0.19024905107035872,0.004592830295060246,-0.16624551638034557,10,6,HSGDA
2000,-0.1624836641079338,-0.15753914994986024,0.004944514158073565,-0.16636472209963626,10,6,HSGDA
1,11.641990664448292,11.621287363183455,-0.020703301264836327,10.934260816997972,10,6,TSGDA-1
50,3.8605373577992705,3.785887980699903,-0.0746493770993677,3.8226766020974114,10,6,TSGDA-1
100,1.2595135267145323,1.2250800172858027,-0.03443350942872958,1.2573133412919923,10,6,TSGDA-1
150,0.3574395781807489,0.3416529965375782,-0.015786581643170705,0.3576926375625048,10,6,TSGDA-1
200,0.024656066169166546,0.018794873635191778,-0.005861192533974768,0.029741343606345394,10,6,TSGDA-1
250,-0.08536081320551464,-0.0891289306492839,-0.003768117443769259,-0.08330846986884022,10,6,TSGDA-1
300,-0.12008750814625058,-0.12315160336222541,-0.003064095215974838,-0.1239720287846135,10,6,TSGDA-1
350,-0.15065416120378072,-0.15025552383356922,0.0003986373702115076,-0.13765518778293867,10,6,TSGDA-1
400,-0.13751597299925278,-0.1370229307648999,0.0004930422343528695,-0.14195065271081359,10,6,TSGDA-1
450,-0.14558766244464344,-0.14544224192559685,0.0001454205190465907,-0.14303852011421858,10,6,TSGDA-1
500,-0.1460045558673123,-0.14522972423374297,0.0007748316335693395,-0.1429670865753892,10,6,TSGDA-1
550,-0.14688740318331875,-0.14589418370644194,0.0009932194768768055,-0.14254989335278448,10,6,TSGDA-1
600,-0.14408398681365697,-0.1431905935391904,0.0008933932744665807,-0.14235448201341727,10,6,TSGDA-1
650,-0.15368705977228217,-0.15210265977015483,0.0015844000021273397,-0.14217162043224288,10,6,TSGDA-1
700,-0.13600003251400683,-0.1356809805119204,0.0003190520020864285,-0.14169063634213291,10,6,TSGDA-1
750,-0.1474644657569703,-0.14626346767557552,0.0012009980813947885,-0.14121213779277614,10,6,TSGDA-1
800,-0.1353541228278553,-0.13457565466650995,0.0007784681613453581,-0.14142114408027523,10,6,TSGDA-1
850,-0.14614558539876463,-0.14472523101645582,0.0014203543823088083,-0.1415611679375248,10,6,TSGDA-1
900,-0.15031465650914266,-0.14903076147959576,0.0012838950295468998,-0.14166421552232433,10,6,TSGDA-1
950,-0.1460351602917413,-0.14487875732229388,0.001156402969447412,-0.14131106476376265,10,6,TSGDA-1
1000,-0.1601695258463387,-0.15802993276410676,0.0021395930822319387,-0.14122577704762918,10,6,TSGDA-1
1050,-0.1320671046077569,-0.1316699876759993,0.00039711693175759066,-0.1411477532512992,10,6,TSGDA-1
1100,-0.14710400294100656,-0.14567330193388728,0.0014307010071192838,-0.14130458666408258,10,6,TSGDA-1
1150,-0.14177261241006345,-0.14068019578483282,0.00109241662523063,-0.14103306967358314,10,6,TSGDA-1
1200,-0.14269371106064882,-0.14135431374309976,0.0013393973175490625,-0.14109783416231464,10,6,TSGDA-1
1250,-0.1391274189981906,-0.13848015600985814,0.0006472629883324532,-0.14090789752887045,10,6,TSGDA-1
1300,-0.1365431335668691,-0.13562374617407036,0.0009193873927987317,-0.14107713133883654,10,6,TSGDA-1
1350,-0.14857029205949673,-0.1473653711217609,0.0012049209377358316,-0.1414509119570354,10,6,TSGDA-1
1400,-0.14106932792703653,-0.14027443939016393,0.0007948885368725955,-0.1415456296662594,10,6,TSGDA-1
1450,-0.142122412854171,-0.1403808332502437,0.0017415796039272902,-0.1414329228127964,10,6,TSGDA-1
1500,-0.14156047504724079,-0.14062427863172283,0.0009361964155179536,-0.1411455625830007,10,6,TSGDA-1
1550,-0.14120039352668665,-0.14018000415401263,0.0010203893726740132,-0.14099024371607347,10,6,TSGDA-1
1600,-0.14285203729891544,-0.14182453084925506,0.0010275064496603759,-0.1410371013231715,10,6,TSGDA-1
1650,-0.1482017417590244,-0.14712122281530582,0.001080518943718578,-0.14099932006373828,10,6,TSGDA-1
1700,-0.14435730873111957,-0.14295048843609598,0.001406820295023592,-0.14119580999424702,10,6,TSGDA-1
1750,-0.14362289374663978,-0.14298733075545833,0.0006355629911814487,-0.14139050695366162,10,6,TSGDA-1
1800,-0.14353730151538102,-0.1426267340164038,0.0009105674989772217,-0.14149525492285708,10,6,TSGDA-1
1850,-0.1492734727599579,-0.1482960696174126,0.0009774031425452967,-0.14172298818936546,10,6,TSGDA-1
1900,-0.14659361488549263,-0.14471596059374062,0.0018776542917520178,-0.14191743667008502,10,6,TSGDA-1
1950,-0.13946353197874786,-0.13768305732511807,0.0017804746536297933,-0.14142771763324116,10,6,TSGDA-1
2000,-0.14212897234777802,-0.1410220712353805,0.0011069011123975292,-0.14112630681732283,10,6,TSGDA-1
1,12.59888454428016,12.611365952409944,0.012481408129783489,12.632697948095444,10,7,HSGDA
50,4.569409140776644,4.597473068934124,0.028063928157480156,4.571149970487088,10,7,HSGDA
100,1.5435550643750076,1.5624242017870824,0.018869137412074855,1.577241668038841,10,7,HSGDA
150,0.4630024473826183,0.4769017121419285,0.013899264759310193,0.4875082871641818,10,7,HSGDA
200,0.08146157549576843,0.0865950764149348,0.005133500919166367,0.08582705734494395,10,7,HSGDA
250,-0.08321104068479024,-0.08109462493259145,0.002116415752198786,-0.06325521223492903,10,7,HSGDA
300,-0.11282503032754632,-0.11372550036544216,-0.0009004700378958397,-0.12126608655859838,10,7,HSGDA
350,-0.14240149892189607,-0.1429881944344717,-0.000586695512575619,-0.1452576510300992,10,7,HSGDA
400,-0.1558544346152228,-0.16300574241019028,-0.007151307794967476,-0.15533554594007748,10,7,HSGDA
450,-0.14103081147652144,-0.14487239420223805,-0.003841582725716608,-0.1597144921423492,10,7,HSGDA
500,-0.13652996896970876,-0.1454593110927595,-0.008929342123050743,-0.1609520917001595,10,7,HSGDA
550,-0.13607212095740506,-0.14655317913108257,-0.010481058173677504,-0.16255082391517223,10,7,HSGDA
600,-0.12494049117776712,-0.13106202381030047,-0.006121532632533344,-0.16316205502326403,10,7,HSGDA
650,-0.185929347679346,-0.1943511468473743,-0.008421799168028321,-0.16397866145210238,10,7,HSGDA
700,-0.17068368244512533,-0.1801512099203817,-0.009467527475256365,-0.1650983019928769,10,7,HSGDA
750,-0.16048194153946782,-0.16859336542903347,-0.00811142388956565,-0.165113943868605,10,7,HSGDA
800,-0.14687109766156048,-0.15080390195556287,-0.00393280429400239,-0.16486699078512812,10,7,HSGDA
850,-0.16620460348433502,-0.17333787565699466,-0.007133272172659633,-0.1646129942327907,10,7,HSGDA
900,-0.16445023331608621,-0.16858417348904653,-0.004133940172960315,-0.1645467552480519,10,7,HSGDA
950,-0.15896043977361862,-0.16659604677459366,-0.007635607000975042,-0.16391811651116756,10,7,HSGDA
1000,-0.16314281453338905,-0.17443869780086338,-0.011295883267474327,-0.16417538953471042,10,7,HSGDA
1050,-0.154489236197761,-0.16382619562592798,-0.00933695942816698,-0.1649088123376331,10,7,HSGDA
1100,-0.1375253322153781,-0.13914015328375734,-0.0016148210683792352,-0.16473621224230828,10,7,HSGDA
1150,-0.15512611986611408,-0.16262754577559696,-0.007501425909482884,-0.1637520223825631,10,7,HSGDA
1200,-0.1530625912588017,-0.1569908596943451,-0.003928268435543392,-0.16386710188350115,10,7,HSGDA
1250,-0.16812071589592315,-0.17798236109849586,-0.00986164520257271,-0.1640910887230882,10,7,HSGDA
1300,-0.1553605272446455,-0.16112955696958042,-0.0057690297249349265,-0.16401914823889413,10,7,HSGDA
1350,-0.1535516368048674,-0.15752046400490805,-0.003968827200040659,-0.16334037240698907,10,7,HSGDA
1400,-0.14595140594308664,-0.15225041193226185,-0.00629900598917521,-0.1629953760268451,10,7,HSGDA
1450,-0.1583769534409016,-0.16399688200917575,-0.005619928568274146,-0.1635397824000803,10,7,HSGDA
1500,-0.1314823573053117,-0.1380215746628031,-0.006539217357491411,-0.1629881847662382,10,7,HSGDA
1550,-0.1449498600244092,-0.15218843826856446,-0.007238578244155247,-0.16444828406328268,10,7,HSGDA
1600,-0.13447298628566645,-0.14210452011623392,-0.007631533830567472,-0.16400931740630098,10,7,HSGDA
1650,-0.13150869610415855,-0.13507303556416106,-0.003564339460002508,-0.16414724737744413,10,7,HSGDA
1700,-0.15020279800500808,-0.15591635276988275,-0.005713554764874673,-0.16377906464361625,10,7,HSGDA
1750,-0.17552516371344573,-0.17892666253447254,-0.003401498821026805,-0.16374505385272092,10,7,HSGDA
1800,-0.15755214874381285,-0.16583109186151845,-0.008278943117705606,-0.16523800619170964,10,7,HSGDA
1850,-0.14082896734234346,-0.1488419517688529,-0.00801298442650944,-0.16552899074154298,10,7,HSGDA
1900,-0.15874414744976584,-0.16761321203181662,-0.008869064582050779,-0.16493364476388428,10,7,HSGDA
1950,-0.17109132304189323,-0.182199247083287,-0.011107924041393769,-0.16475477466454558,10,7,HSGDA
2000,-0.14952276545958018,-0.15932847755426763,-0.009805712094687447,-0.16433997428729183,10,7,HSGDA
1,12.584250240847442,12.587876230275086,0.0036259894276433613,12.632715082763902,10,7,TSGDA-1
50,4.517921519444309,4.548405580266717,0.030484060822407955,4.573562442199749,10,7,TSGDA-1
100,1.5487583899069444,1.5695564347672597,0.020798044860315335,1.576890823605921,10,7,TSGDA-1
150,0.4789058103467435,0.48601059950188374,0.007104789155140234,0.49066682631055203,10,7,TSGDA-1
200,0.09329294371028041,0.0985962416123172,0.005303297902036791,0.0935752520436561,10,7,TSGDA-1
250,-0.06052068991977522,-0.06031945851686438,0.00020123140291083974,-0.052904372495253676,10,7,TSGDA-1
300,-0.123831903978319,-0.12475660147719764,-0.000924697498878635,-0.1073407455738507,10,7,TSGDA-1
350,-0.12954618844648721,-0.1312409295217963,-0.001694741075309092,-0.1286737717784949,10,7,TSGDA-1
400,-0.13969493180262482,-0.14287661628189918,-0.0031816844792743604,-0.1366006703431381,10,7,TSGDA-1
450,-0.13394148746071868,-0.13537754982182196,-0.0014360623611032741,-0.13918386819843329,10,7,TSGDA-1
500,-0.14524244823776966,-0.14796327699106382,-0.0027208287532941577,-0.14035155266886062,10,7,TSGDA-1
550,-0.14971777566166922,-0.15146737934383453,-0.0017496036821653127,-0.1412264622069901,10,7,TSGDA-1
600,-0.14305211249960978,-0.14508084224236925,-0.002028729742759472,-0.1415444877574605,10,7,TSGDA-1
650,-0.13789160076853507,-0.14198019697367564,-0.004088596205140571,-0.14101912138254075,10,7,TSGDA-1
700,-0.12743965820370184,-0.12890244789293376,-0.0014627896892319137,-0.1411861053001927,10,7,TSGDA-1
750,-0.13944700630375428,-0.1417696795020471,-0.002322673198292824,-0.1412474943081634,10,7,TSGDA-1
800,-0.14094475678668197,-0.14468628733924313,-0.0037415305525611564,-0.14162428285622106,10,7,TSGDA-1
850,-0.14584597854675163,-0.15035243204034449,-0.004506453493592855,-0.141278723668122,10,7,TSGDA-1
900,-0.14361318925384292,-0.1464558886440605,-0.0028426993902175846,-0.14114699714031564,10,7,TSGDA-1
950,-0.13584699553063048,-0.13770682985369373,-0.0018598343230632475,-0.14030184501915463,10,7,TSGDA-1
1000,-0.12797761826801746,-0.12870090873303586,-0.0007232904650184002,-0.14067482528094305,10,7,TSGDA-1
1050,-0.1374312103181763,-0.14011835497268693,-0.0026871446545106425,-0.14065746792825057,10,7,TSGDA-1
1100,-0.14247289406857083,-0.14606134717401853,-0.0035884531054476976,-0.13983478419645756,10,7,TSGDA-1
1150,-0.13700010447778183,-0.13946706897264294,-0.0024669644948611125,-0.1405135452945191,10,7,TSGDA-1
1200,-0.13850539874020024,-0.14053449804517198,-0.0020290993049717487,-0.14070142599595292,10,7,TSGDA-1
1250,-0.13722848620272649,-0.13922032390952205,-0.001991837706795563,-0.14089021834468224,10,7,TSGDA-1
1300,-0.1352061482526996,-0.1387067345588962,-0.003500586306196596,-0.14089450338866805,10,7,TSGDA-1
1350,-0.13189985009867214,-0.132670499328481,-0.0007706492298088508,-0.14052200796102124,10,7,TSGDA-1
1400,-0.13368172961899494,-0.1351466070303904,-0.0014648774113954488,-0.13949509939307425,10,7,TSGDA-1
1450,-0.13970699413610285,-0.14199959521431757,-0.0022926010782147177,-0.14022449251469196,10,7,TSGDA-1
1500,-0.13413858222191938,-0.13562316478562209,-0.0014845825637027077,-0.1407760064154978,10,7,TSGDA-1
1550,-0.1481510579727678,-0.15251043709240478,-0.0043593791196369636,-0.14062661838885357,10,7,TSGDA-1
1600,-0.1427732276229512,-0.1456922849200495,-0.002919057297098293,-0.14114894584088422,10,7,TSGDA-1
1650,-0.13535446310648258,-0.13873634523667255,-0.0033818821301899726,-0.14047735941703754,10,7,TSGDA-1
1700,-0.1394993239424475,-0.14136289216825762,-0.0018635682258101305,-0.14073448959365872,10,7,TSGDA-1
1750,-0.1332174874620135,-0.13461411797010692,-0.0013966305080934105,-0.14102025855808914,10,7,TSGDA-1
1800,-0.13982023296191323,-0.14302820214552384,-0.003207969183610604,-0.14091151380580788,10,7,TSGDA-1
1850,-0.13997567311790532,-0.1411083936505093,-0.0011327205326039924,-0.140984215760094,10,7,TSGDA-1
1900,-0.13754521557609656,-0.13973705031846684,-0.00219183474237028,-0.14110044271634148,10,7,TSGDA-1
1950,-0.13909949085932127,-0.1424124454608931,-0.003312954601571827,-0.14157518818979054,10,7,TSGDA-1
2000,-0.14750923647447917,-0.15090985494576065,-0.00340061847128148,-0.14141937422378326,10,7,TSGDA-1
