step,val,test,gap,phi_pop,m1,seed
1,11.344139810950221,11.343971706615516,-0.00016810433470482167,11.276206800820958,25,0
20,7.683733763924858,7.685333794859873,0.001600030935015262,7.65298745382117,25,0
40,5.067340533518134,5.073701413034743,0.006360879516608797,5.076148593344927,25,0
60,3.3525509927193973,3.3572979761767625,0.004746983457365239,3.3515445351381663,25,0
80,2.195206937351475,2.2008667380817712,0.0056598007302963715,2.1985158225836865,25,0
100,1.4194626497208653,1.425656404328921,0.006193754608055713,1.4261633717000386,25,0
120,0.8912188123309948,0.9003179942668318,0.00909918193583703,0.9086995972070149,25,0
140,0.5517233102848598,0.561050556652938,0.009327246368078246,0.5616543161122725,25,0
160,0.3213629493347675,0.33139414936900774,0.01003120003424024,0.32829027725707816,25,0
180,0.15445142254326305,0.1666893639720704,0.012237941428807353,0.16985000045035348,25,0
200,0.05777433015119682,0.07104930654523223,0.01327497639403541,0.06274771856874733,25,0
220,-0.01736317365037615,-0.003462405616146358,0.013900768034229793,-0.010513324362651844,25,0
240,-0.08195165636172186,-0.06402539560851128,0.017926260753210577,-0.060200791259967135,25,0
260,-0.12028206953452875,-0.10067732126399265,0.0196047482705361,-0.09368517406846133,25,0
280,-0.14278881737463645,-0.12167715460328765,0.021111662771348794,-0.11694270298998988,25,0
300,-0.15121498150657064,-0.12932487342708954,0.021890108079481108,-0.13308435702391808,25,0
320,-0.1730835868002208,-0.14903288398536513,0.024050702814855662,-0.14403389985319032,25,0
340,-0.1500810733543515,-0.13051023183769977,0.019570841516651727,-0.15138842039123007,25,0
360,-0.1526495973408184,-0.13228824649599036,0.02036135084482804,-0.15675839569580818,25,0
380,-0.16644238581441445,-0.14457479108453208,0.021867594729882367,-0.15968589299751412,25,0
400,-0.1809528641892918,-0.15642865111249232,0.024524213076799473,-0.16198246994429794,25,0
420,-0.17146859464782382,-0.14727532163655366,0.024193273011270167,-0.16347900575061836,25,0
440,-0.19958035561194404,-0.16828192204371373,0.03129843356823031,-0.16499005343376288,25,0
460,-0.18628600390260974,-0.15747896238871772,0.028807041513892018,-0.16584527041101216,25,0
480,-0.18232392339811976,-0.15265314642991634,0.029670776968203416,-0.1662706733045009,25,0
500,-0.22536699409639938,-0.18415072221109363,0.041216271885305744,-0.16586287583421422,25,0
520,-0.24643658910754818,-0.19724323244196285,0.04919335666558533,-0.1652050564600599,25,0
540,-0.2187564140787237,-0.17326875033154,0.045487663747183715,-0.16425924890837085,25,0
560,-0.1981578122620839,-0.15793844518315997,0.04021936707892393,-0.1645556019547872,25,0
580,-0.1804027991459347,-0.14542827182745177,0.03497452731848294,-0.16499386844736352,25,0
600,-0.17924687181493415,-0.14284900732368289,0.036397864491251264,-0.1642672784329653,25,0
620,-0.17061362925392898,-0.1334183687216629,0.03719526053226607,-0.1635278482546324,25,0
640,-0.16937185573644264,-0.13460287083864886,0.03476898489779379,-0.16373359558931777,25,0
660,-0.1682020993270516,-0.13248438779866067,0.03571771152839093,-0.16323264894050976,25,0
680,-0.16043448506809244,-0.12669705998401815,0.03373742508407429,-0.16319843997678907,25,0
700,-0.16863367794670264,-0.13277455520395492,0.03585912274274772,-0.1631428096357252,25,0
720,-0.16801405049850993,-0.13187537090836232,0.036138679590147604,-0.16266429788601344,25,0
740,-0.18772198445198596,-0.14433827047941783,0.04338371397256813,-0.16239593407394715,25,0
760,-0.20593887277836176,-0.157820214207538,0.04811865857082376,-0.16179269136236019,25,0
780,-0.16061689900853532,-0.12170343373993092,0.0389134652686044,-0.16194677647376415,25,0
800,-0.17428564699387533,-0.1336851018222271,0.04060054517164824,-0.16173404495252747,25,0
820,-0.16114405210325933,-0.12031841669002896,0.040825635413230366,-0.16072510280970898,25,0
840,-0.17889409228640824,-0.13198725348837254,0.0469068387980357,-0.15940617806239538,25,0
860,-0.17724181249504845,-0.1306338154661033,0.046607997028945136,-0.1587935290462773,25,0
880,-0.22446004197985292,-0.17035194982749913,0.05410809215235379,-0.15885551173237233,25,0
900,-0.21347385660108875,-0.16031945813680504,0.053154398464283714,-0.1582410917622621,25,0
920,-0.22522000949071003,-0.1686931728616367,0.05652683662907332,-0.15727672250822672,25,0
940,-0.25031438361066616,-0.18620773747453245,0.0641066461361337,-0.15567765400216416,25,0
960,-0.2408387226024355,-0.17476437205364598,0.06607435054878952,-0.15206532915316412,25,0
980,-0.2006826641723336,-0.14336628383569394,0.05731638033663966,-0.15333161370088,25,0
1000,-0.19914159678754556,-0.14129670959031443,0.05784488719723113,-0.15358832274814466,25,0
1020,-0.176563489280133,-0.12354415916234684,0.053019330117786145,-0.15214939906549418,25,0
1040,-0.1909963435918723,-0.13470526158428814,0.05629108200758415,-0.1534846729330301,25,0
1060,-0.2070819285656887,-0.14977452836372834,0.057307400201960346,-0.15447949852290727,25,0
1080,-0.23129863218336832,-0.1693241792752379,0.06197445290813042,-0.1541623814843337,25,0
1100,-0.21910586800022713,-0.16080539546100314,0.05830047253922399,-0.15519834244737896,25,0
1120,-0.17516011938708964,-0.126813585685699,0.04834653370139064,-0.15589881249131876,25,0
1140,-0.19177185514569506,-0.1406665120274765,0.05110534311821857,-0.15655249291796725,25,0
1160,-0.17699336345449712,-0.1292176759282252,0.047775687526271926,-0.15657637367358113,25,0
1180,-0.19673968664228086,-0.14902588983011672,0.047713796812164144,-0.15738202372528992,25,0
1200,-0.20805152101992364,-0.1593323894905625,0.04871913152936114,-0.15902088859561603,25,0
1220,-0.19641304834503148,-0.15017356718281916,0.046239481162212326,-0.15976617061468723,25,0
1240,-0.2034052221618181,-0.153597624639896,0.0498075975219221,-0.1586161966305728,25,0
1260,-0.19638108583087943,-0.1404703356841227,0.05591075014675673,-0.15359378998953732,25,0
1280,-0.22501536553745938,-0.1574574698452017,0.06755789569225767,-0.1500050073633168,25,0
1300,-0.2076675581566812,-0.14380262835726215,0.06386492979941905,-0.1508536335379546,25,0
1320,-0.21867745113162484,-0.1507484436544655,0.06792900747715935,-0.1479126100720377,25,0
1340,-0.2037928672408575,-0.1381945547653693,0.0655983124754882,-0.1463989807382568,25,0
1360,-0.1669376974031529,-0.10971346401224136,0.05722423339091154,-0.14560158016025937,25,0
1380,-0.1487825422031595,-0.09398101593412816,0.05480152626903134,-0.14580767661542843,25,0
1400,-0.15354675213745633,-0.09773915508418024,0.05580759705327609,-0.14562015894552188,25,0
1420,-0.19520347097501162,-0.13016154052325274,0.06504193045175888,-0.1449903243596649,25,0
1440,-0.2060493442591927,-0.13938334179470074,0.06666600246449195,-0.14492518270738647,25,0
1460,-0.2230205199590941,-0.1535692700107486,0.0694512499483455,-0.1444156905023577,25,0
1480,-0.24853591475857384,-0.17534775730804597,0.07318815745052787,-0.14678374091307045,25,0
1500,-0.25348628005616647,-0.18341271846087182,0.07007356159529465,-0.14947580908088787,25,0
1520,-0.22040324628448316,-0.15926116156259018,0.061142084721892975,-0.15132394439913188,25,0
1540,-0.21842374412490095,-0.15394214545489815,0.0644815986700028,-0.14909369551441187,25,0
1560,-0.181952637742812,-0.12485023503717374,0.05710240270563827,-0.14921980823848602,25,0
1580,-0.22871801769793798,-0.16060556399407733,0.06811245370386065,-0.14664379714660247,25,0
1600,-0.25689967732631347,-0.17774578584811462,0.07915389147819885,-0.14166538848199983,25,0
1620,-0.22361347326285708,-0.1483468642118565,0.07526660905100058,-0.14112213555721098,25,0
1640,-0.18981429114366433,-0.12004075873102216,0.06977353241264217,-0.13781258552695064,25,0
1660,-0.24228379367808772,-0.16182276417686103,0.08046102950122669,-0.1366940655093315,25,0
1680,-0.22837766218495037,-0.14776330468394228,0.0806143575010081,-0.1354009267444406,25,0
1700,-0.224044198287629,-0.14953521955327653,0.07450897873435247,-0.14019698906724576,25,0
1720,-0.23225505991089868,-0.15575373928265956,0.07650132062823911,-0.14011117393109596,25,0
1740,-0.19954586275448383,-0.13237652656865928,0.06716933618582455,-0.14153016886719327,25,0
1760,-0.2002401488729032,-0.1320044778516759,0.0682356710212273,-0.14363669291684877,25,0
1780,-0.1736912749720858,-0.10988943569763732,0.06380183927444849,-0.14356673804956066,25,0
1800,-0.16612139628972244,-0.10687309903106523,0.05924829725865721,-0.14636698501464873,25,0
1820,-0.21256594665891676,-0.14318168957386962,0.06938425708504714,-0.14507798629647334,25,0
1840,-0.23942096396305312,-0.16594866829615973,0.0734722956668934,-0.14624774310974464,25,0
1860,-0.21825329646142855,-0.15175655604498417,0.06649674041644438,-0.1483945774153541,25,0
1880,-0.20469500306269917,-0.1417787545729854,0.06291624848971378,-0.1489449488459561,25,0
1900,-0.23566257986877792,-0.16737287295094105,0.06828970691783687,-0.14947987554633912,25,0
1920,-0.25836684912162433,-0.18203851418451922,0.07632833493710511,-0.14486741672456716,25,0
1940,-0.22912593428709904,-0.15690553806317942,0.07222039622391963,-0.14350573647630305,25,0
1960,-0.19228646175462127,-0.12742355586845333,0.06486290588616794,-0.14347221075773997,25,0
1980,-0.18691730606409984,-0.1224586723844876,0.06445863367961224,-0.14338434097362374,25,0
2000,-0.18904548605861804,-0.12301617044363744,0.0660293156149806,-0.13962597779814578,25,0
1,13.195465672641063,13.196595285963314,0.0011296133222504778,12.888019666277152,25,1
20,8.89223357861361,8.908160760740328,0.01592718212671862,8.72303518777663,25,1
40,5.841869406974151,5.866238951315015,0.024369544340864024,5.785826022797048,25,1
60,3.867241589767374,3.891470805627302,0.02422921585992821,3.857884994466596,25,1
80,2.633691177751954,2.650461349227182,0.01677017147522797,2.586193621603447,25,1
100,1.717357758016388,1.7379765580316116,0.02061880001522365,1.7311958558764098,25,1
120,1.1476065971440361,1.167912554435998,0.02030595729196194,1.1799527182995635,25,1
140,0.782472082795876,0.7957607462467682,0.01328866345089219,0.7837677132634304,25,1
160,0.5083424562689515,0.5198815197284596,0.01153906345950817,0.5199290780521323,25,1
180,0.3268082432265889,0.33656997471481076,0.009761731488221848,0.34217399150190697,25,1
200,0.20368486279231757,0.21235700625455248,0.00867214346223491,0.22292411417831803,25,1
220,0.1246342701369684,0.13058253074432716,0.005948260607358757,0.13428823529417958,25,1
240,0.08236729977045636,0.08514085830992793,0.002773558539471574,0.072205218036552,25,1
260,0.03134578827957546,0.03349253748403758,0.0021467492044621173,0.025092117582637963,25,1
280,-0.00888229170951127,-0.007187210519480736,0.001695081190030534,-0.009573835126507335,25,1
300,-0.037430287126435924,-0.036161764742465546,0.0012685223839703774,-0.03552308455888786,25,1
320,-0.05269516904686834,-0.052534190320396176,0.00016097872647216627,-0.057090240101599285,25,1
340,-0.07433398548151263,-0.07412517292549223,0.00020881255602039905,-0.0741828573750144,25,1
360,-0.08644110754448206,-0.08640291958516733,3.8187959314733844e-05,-0.08631637591055985,25,1
380,-0.09531097113804016,-0.09542698145651315,-0.0001160103184729977,-0.09617459123827968,25,1
400,-0.10517070914867901,-0.10516439325991994,6.315888759073074e-06,-0.10441077323912362,25,1
420,-0.11069876767726043,-0.1107848950205942,-8.612734333376948e-05,-0.1117155252740548,25,1
440,-0.11908304202058789,-0.11889042124074567,0.00019262077984222303,-0.11826841008724501,25,1
460,-0.12212019525803605,-0.12209886841326081,2.132684477523794e-05,-0.12388985314942338,25,1
480,-0.12436467790187841,-0.12426654203888729,9.81358629911222e-05,-0.1283100548946834,25,1
500,-0.12609765305212137,-0.1258735929654686,0.00022406008665276644,-0.13260286608557692,25,1
520,-0.13246247339557296,-0.13182150930036798,0.0006409640952049767,-0.13597172120102127,25,1
540,-0.14544895425882134,-0.14355812475747612,0.0018908295013452259,-0.14041164252111818,25,1
560,-0.14739006823920442,-0.14517604449548221,0.0022140237437222043,-0.1439788808517642,25,1
580,-0.14444588604250597,-0.1426623940759396,0.001783491966566353,-0.14649328708081294,25,1
600,-0.147747495517929,-0.14556451026700543,0.002182985250923586,-0.14906837225581696,25,1
620,-0.1462008155176851,-0.14391368052032305,0.0022871349973620503,-0.15098655915263315,25,1
640,-0.1453543305016432,-0.14310799393640578,0.002246336565237428,-0.15259679411102023,25,1
660,-0.1337161531487837,-0.132168364879856,0.0015477882689277078,-0.153390623983914,25,1
680,-0.14224143241355036,-0.13969317866695447,0.0025482537465958965,-0.15488624381012372,25,1
700,-0.1660651039334045,-0.16168222931677434,0.004382874616630172,-0.15656908164437583,25,1
720,-0.18252699110821044,-0.17616997584502217,0.00635701526318827,-0.15862264551883717,25,1
740,-0.16032588111968368,-0.15519913587323533,0.00512674524644835,-0.16035796054081627,25,1
760,-0.1532588907460305,-0.14847950974009588,0.004779381005934613,-0.16118662592294808,25,1
780,-0.16732316226914004,-0.161412252046834,0.005910910222306054,-0.16194251224052567,25,1
800,-0.16494440651803985,-0.15819052399644265,0.006753882521597199,-0.16319374572509757,25,1
820,-0.15784106310884058,-0.15177054593362313,0.006070517175217449,-0.1635968166436831,25,1
840,-0.1767090347420674,-0.1685637388064975,0.008145295935569896,-0.16450885843519597,25,1
860,-0.14699597037332407,-0.1410083828093472,0.005987587563976882,-0.16495279796426615,25,1
880,-0.16660272237798188,-0.15901960390087141,0.007583118477110462,-0.1651711197860211,25,1
900,-0.15125636132374937,-0.1445287270085609,0.006727634315188469,-0.16558191857467536,25,1
920,-0.1815407136989921,-0.1719862385192229,0.009554475179769206,-0.1660710194357407,25,1
940,-0.15102215100071506,-0.143749771733398,0.007272379267317053,-0.16644590574261556,25,1
960,-0.14709504893350986,-0.13992740965691694,0.007167639276592919,-0.16649353578368234,25,1
980,-0.16237727820623205,-0.15386407108277733,0.008513207123454714,-0.16657950084514167,25,1
1000,-0.15550755907067493,-0.14700063298296584,0.008506926087709088,-0.16669296853703752,25,1
1020,-0.1357865273936375,-0.12892634890467441,0.006860178488963087,-0.16666170090126625,25,1
1040,-0.14000492664758157,-0.13262405004249878,0.007380876605082798,-0.1664023335693975,25,1
1060,-0.1667358385482391,-0.15686466927137027,0.009871169276868819,-0.16641404410353272,25,1
1080,-0.17530090173163515,-0.16453084845750687,0.010770053274128277,-0.16652453540838758,25,1
1100,-0.1691575659074665,-0.15914041261638484,0.01001715329108166,-0.1668083093614135,25,1
1120,-0.17368823398013622,-0.1627978043533559,0.010890429626780329,-0.1669008166682595,25,1
1140,-0.1832945241536551,-0.17087096283922765,0.012423561314427456,-0.16693836660038408,25,1
1160,-0.202283049955908,-0.1877491476661896,0.014533902289718403,-0.16698282867477643,25,1
1180,-0.18960394722935492,-0.17508306816141944,0.014520879067935477,-0.1667444919033838,25,1
1200,-0.19946859578446752,-0.1843723482427269,0.015096247541740604,-0.16682096060462087,25,1
1220,-0.19571661324690415,-0.18060163819627761,0.015114975050626533,-0.166541849449925,25,1
1240,-0.17117113471062384,-0.15893819947209353,0.012232935238530307,-0.1666037138810771,25,1
1260,-0.16396345192430023,-0.15142338733061317,0.012540064593687061,-0.16589666586134078,25,1
1280,-0.14242349614893007,-0.13172973904198215,0.010693757106947921,-0.1657911205564775,25,1
1300,-0.16128211190855535,-0.14892858053063318,0.012353531377922167,-0.16589338273846593,25,1
1320,-0.15498695360857284,-0.14234264913406625,0.012644304474506596,-0.16597957728685403,25,1
1340,-0.17944349956119554,-0.16503657591810794,0.014406923643087599,-0.16568278778119067,25,1
1360,-0.17234697117373754,-0.15892952112291492,0.013417450050822621,-0.16596491297972638,25,1
1380,-0.20006382167406112,-0.18367322019045002,0.0163906014836111,-0.1657133524630494,25,1
1400,-0.20468257229062198,-0.18824649668319088,0.0164360756074311,-0.16559966729814318,25,1
1420,-0.22311990352498767,-0.20458461762675595,0.018535285898231724,-0.1650690044700619,25,1
1440,-0.20370282708253606,-0.18671365390180317,0.016989173180732897,-0.16472203516963008,25,1
1460,-0.2064410263319556,-0.18926911753943698,0.01717190879251862,-0.16459345051924762,25,1
1480,-0.17812494686334723,-0.16287467221640872,0.015250274646938511,-0.164287251990627,25,1
1500,-0.18122983000500337,-0.16528481894730596,0.01594501105769741,-0.16330083654058358,25,1
1520,-0.19475063969384576,-0.1764486186434152,0.01830202105043055,-0.16167471151872248,25,1
1540,-0.18799063488482948,-0.1702618278356186,0.01772880704921087,-0.16137000727272732,25,1
1560,-0.17222990497127055,-0.15504967384537094,0.017180231125899614,-0.16189954125253048,25,1
1580,-0.19913899259955897,-0.17986065808438884,0.019278334515170137,-0.1627544412272653,25,1
1600,-0.21273087646996036,-0.19299409618967134,0.019736780280289024,-0.1638742808931647,25,1
1620,-0.19101452412664566,-0.17295566164659393,0.01805886248005173,-0.1642514684440316,25,1
1640,-0.20297235093201915,-0.18339228593051027,0.019580065001508884,-0.1630360867410099,25,1
1660,-0.19250953591291364,-0.17343192419699782,0.01907761171591582,-0.16287120416697265,25,1
1680,-0.19444705136891038,-0.17503544409555416,0.019411607273356224,-0.1618935098292975,25,1
1700,-0.205532788095943,-0.18583807515723516,0.019694712938707837,-0.16268951497061035,25,1
1720,-0.17839346865653638,-0.16125549531741956,0.01713797333911682,-0.1629561195466439,25,1
1740,-0.1579743376398708,-0.1421680769095327,0.015806260730338084,-0.16295352962845255,25,1
1760,-0.19274157236770478,-0.17385173943358728,0.0188898329341175,-0.16355182605767876,25,1
1780,-0.15203915831003445,-0.13674376117325104,0.015295397136783406,-0.1626343756678661,25,1
1800,-0.15171914450595736,-0.13579576466017823,0.01592337984577913,-0.16255328905372313,25,1
1820,-0.19844902455129942,-0.1784196932356662,0.020029331315633225,-0.16153179014548302,25,1
1840,-0.1692858028372235,-0.1534919753656494,0.015793827471574096,-0.1625467743968556,25,1
1860,-0.1905084065453146,-0.17308792809710954,0.017420478448205046,-0.16293639538316002,25,1
1880,-0.19767651099171213,-0.1783606667516041,0.019315844240108015,-0.1630064630488397,25,1
1900,-0.1692698201947147,-0.15314809615656944,0.01612172403814527,-0.1635283054827127,25,1
1920,-0.17852711947363709,-0.16267919393155572,0.015847925542081365,-0.16463503143670977,25,1
1940,-0.16558356747993763,-0.1511269822726159,0.014456585207321737,-0.1647076970712562,25,1
1960,-0.15788420201356285,-0.14372642437922611,0.014157777634336732,-0.16482117403847807,25,1
1980,-0.18483147096487262,-0.16899032827070404,0.015841142694168586,-0.16535844848933123,25,1
2000,-0.18899859755090942,-0.1732092547299512,0.01578934282095823,-0.16535710410127907,25,1
1,12.185581719094838,12.192661562709864,0.007079843615025894,12.383703846018669,25,2
20,8.299278954572637,8.32152753654177,0.022248581969133596,8.404931290139428,25,2
40,5.46084807348261,5.47185002270891,0.01100194922630049,5.526996557570391,25,2
60,3.557406978099985,3.5608056809147692,0.0033987028147843823,3.580069681870384,25,2
80,2.3287477179894998,2.333087848233602,0.0043401302441021805,2.2966317661900426,25,2
100,1.5019737895952554,1.5048255556372645,0.0028517660420090962,1.4555147531313906,25,2
120,0.9362089227907364,0.9333524977058727,-0.002856425084863723,0.8930629646644461,25,2
140,0.5532321745230099,0.5417238289797548,-0.011508345543255083,0.5230536861049129,25,2
160,0.3307030691548688,0.3228646407139782,-0.00783842844089061,0.28259134168640804,25,2
180,0.14576964418034116,0.13087755180870309,-0.014892092371638077,0.12640566356025723,25,2
200,0.054325321916609715,0.03916956464348459,-0.015155757273125126,0.027179188923831088,25,2
220,-0.012463675429988497,-0.028114283714122,-0.015650608284133505,-0.03995040070288236,25,2
240,-0.055209938565653094,-0.0714078484315882,-0.01619790986593511,-0.08244737864737389,25,2
260,-0.10721253456963453,-0.12697119735274787,-0.019758662783113334,-0.11087986586955617,25,2
280,-0.12499574734716917,-0.14329800192728326,-0.018302254580114086,-0.1297614273508358,25,2
300,-0.1391529355678657,-0.15556754496270245,-0.016414609394836743,-0.1421004174404009,25,2
320,-0.13793565908165556,-0.14999032942798746,-0.012054670346331897,-0.1496948899790626,25,2
340,-0.16382182009877874,-0.18116211858102846,-0.017340298482249716,-0.15449148314408626,25,2
360,-0.1567251348362523,-0.17464369515914582,-0.017918560322893518,-0.1582133398628249,25,2
380,-0.1582768472054768,-0.1748119799583322,-0.016535132752855397,-0.1607175227862554,25,2
400,-0.15204990077800354,-0.1673983904582166,-0.015348489680213073,-0.1622864030995083,25,2
420,-0.1638737899335868,-0.18432314357484791,-0.020449353641261103,-0.16377967382251257,25,2
440,-0.16979096017002585,-0.18958697734133947,-0.01979601717131363,-0.16491988136479244,25,2
460,-0.16411215286449932,-0.18268012536186806,-0.018567972497368745,-0.16541599732273216,25,2
480,-0.1423158130109922,-0.15568245153910235,-0.013366638528110153,-0.16558331172190546,25,2
500,-0.15308395466190944,-0.16698995645523168,-0.013906001793322242,-0.1652831391112662,25,2
520,-0.13879428172796693,-0.14992554341841735,-0.011131261690450422,-0.16509141189838294,25,2
540,-0.1334546467500397,-0.14260550867093336,-0.00915086192089365,-0.1647352378826895,25,2
560,-0.14450909103809143,-0.15424163533438215,-0.009732544296290724,-0.16416488288374484,25,2
580,-0.1597681874015291,-0.17019389238375993,-0.010425704982230832,-0.1628408038233804,25,2
600,-0.16000089706985704,-0.17087311995677207,-0.010872222886915028,-0.16244009299793288,25,2
620,-0.15853427319053892,-0.1695999822912883,-0.011065709100749388,-0.16252867400498688,25,2
640,-0.1557383882856212,-0.16840056099924255,-0.012662172713621356,-0.1626595826493087,25,2
660,-0.15559226923800948,-0.16628451050634116,-0.010692241268331681,-0.16285444984110117,25,2
680,-0.15124060139005324,-0.16182476027463166,-0.01058415888457842,-0.16313539856634923,25,2
700,-0.15336379741949496,-0.1636965121597671,-0.010332714740272142,-0.16285925264160478,25,2
720,-0.15595693761112486,-0.1672972959533693,-0.01134035834224445,-0.16317472682121484,25,2
740,-0.17838802657298833,-0.19366070254010295,-0.015272675967114624,-0.1624671039379129,25,2
760,-0.16839968524244586,-0.18157055004806533,-0.013170864805619464,-0.16222395470874967,25,2
780,-0.1589241104904359,-0.17125691155513692,-0.012332801064701027,-0.16266777357286807,25,2
800,-0.15023599154870187,-0.16080683367556248,-0.010570842126860602,-0.16301282941810286,25,2
820,-0.15411994023181788,-0.16680453772432893,-0.012684597492511052,-0.16336810730135312,25,2
840,-0.15301610929014706,-0.16328658145550132,-0.01027047216535426,-0.16341547942216542,25,2
860,-0.16122116750864832,-0.17408196552608599,-0.012860798017437669,-0.16362715729594043,25,2
880,-0.15177610332839458,-0.16245312682614704,-0.010677023497752458,-0.16408539142813966,25,2
900,-0.1481493370649044,-0.1583672917112569,-0.0102179546463525,-0.1641386432792618,25,2
920,-0.14518656110023326,-0.1538494229944487,-0.008662861894215446,-0.1640529448469079,25,2
940,-0.1523471990398018,-0.16308609223814916,-0.010738893198347366,-0.16335503612219385,25,2
960,-0.1542529918537326,-0.16567408085598445,-0.01142108900225186,-0.16319061358355852,25,2
980,-0.15292379790929383,-0.16481590569451404,-0.011892107785220207,-0.1636003563145751,25,2
1000,-0.1317963019197136,-0.1400506056577122,-0.008254303737998625,-0.16369798074011216,25,2
1020,-0.14782668477494884,-0.15732159661241216,-0.009494911837463316,-0.1633866720847542,25,2
1040,-0.15073963381057726,-0.1604198513831228,-0.009680217572545557,-0.1634716521805059,25,2
1060,-0.13137486564103487,-0.1388457538163099,-0.007470888175275026,-0.1631933912948241,25,2
1080,-0.13850898055653316,-0.1453768094926433,-0.006867828936110154,-0.16217344529586392,25,2
1100,-0.14580080654573735,-0.15366383633022657,-0.007863029784489217,-0.16166259944481187,25,2
1120,-0.13766534435208017,-0.14453866459049436,-0.006873320238414193,-0.16128481667865424,25,2
1140,-0.1472781213798114,-0.15505461355162803,-0.00777649217181664,-0.16073102990361204,25,2
1160,-0.15491530888143268,-0.16424284832473107,-0.009327539443298394,-0.16097081436823785,25,2
1180,-0.1497893479720021,-0.15849265650107436,-0.008703308529072251,-0.16132032936861274,25,2
1200,-0.15174412762405584,-0.16084035386515363,-0.009096226241097793,-0.16119339206951275,25,2
1220,-0.1485082192165202,-0.15672664075063086,-0.008218421534110676,-0.16090940845491086,25,2
1240,-0.15472407095582977,-0.16218793590614064,-0.007463864950310872,-0.16040787472205717,25,2
1260,-0.15882580347007358,-0.16789486257711633,-0.009069059107042754,-0.159531961445756,25,2
1280,-0.1455805250099716,-0.1535502110864142,-0.007969686076442606,-0.15948072063711666,25,2
1300,-0.13709388040793624,-0.14375403490637412,-0.006660154498437876,-0.15951299557178944,25,2
1320,-0.13799073792233157,-0.14528959203554642,-0.007298854113214848,-0.15957312713575356,25,2
1340,-0.13919566970463265,-0.14410701897442335,-0.004911349269790699,-0.15910781840012156,25,2
1360,-0.1505096386370393,-0.15865034748279816,-0.008140708845758848,-0.15933958961331518,25,2
1380,-0.15226272795562018,-0.1611531459123462,-0.008890417956726016,-0.16034290569773485,25,2
1400,-0.15317361804484741,-0.16322487881795072,-0.01005126077310331,-0.16114511296584366,25,2
1420,-0.14653631794758668,-0.15592074822149052,-0.009384430273903843,-0.16105889759350991,25,2
1440,-0.13849191981698838,-0.14626107252362003,-0.0077691527066316435,-0.16166687438795524,25,2
1460,-0.13305933124885916,-0.13994909212275114,-0.006889760873891981,-0.16196758486032242,25,2
1480,-0.14890276078990727,-0.16026110494911588,-0.011358344159208611,-0.16279046879842302,25,2
1500,-0.1482453843310306,-0.15973908196104034,-0.011493697630009736,-0.1631970130913495,25,2
1520,-0.14880217148614724,-0.15975573506289806,-0.010953563576750813,-0.16296519302173743,25,2
1540,-0.15799998686268682,-0.1706927283800048,-0.012692741517317974,-0.16356400279117936,25,2
1560,-0.14967247738358141,-0.16103742682039357,-0.011364949436812155,-0.16306110728262208,25,2
1580,-0.1556615899272311,-0.16729682608691418,-0.011635236159683093,-0.16279436764070684,25,2
1600,-0.15314086158804288,-0.16421450539735136,-0.011073643809308475,-0.16220921363952814,25,2
1620,-0.14491421005772231,-0.1532687927049352,-0.008354582647212894,-0.1621457573041682,25,2
1640,-0.15477752930263505,-0.16697077973271862,-0.012193250430083569,-0.16208095793440458,25,2
1660,-0.15212907399366132,-0.16195078834896875,-0.009821714355307432,-0.1618797512800384,25,2
1680,-0.14979794005900376,-0.160123380042767,-0.01032543998376323,-0.16207271909816362,25,2
1700,-0.15111955003816172,-0.16034415706362062,-0.009224607025458909,-0.16192336484867706,25,2
1720,-0.14854008258635418,-0.1579430882682932,-0.009403005681939025,-0.16176937441106035,25,2
1740,-0.16460672739795074,-0.17550141036069095,-0.01089468296274021,-0.1623591489036061,25,2
1760,-0.16426497524561134,-0.1758708084690448,-0.011605833223433448,-0.16260342304075687,25,2
1780,-0.16548384349715894,-0.17786965053667536,-0.012385807039516417,-0.16180274551699425,25,2
1800,-0.15518386829867842,-0.16567361140703502,-0.010489743108356597,-0.16164411877943824,25,2
1820,-0.159936135267433,-0.17107151296548162,-0.01113537769804862,-0.16197680887997984,25,2
1840,-0.16001160979688867,-0.17267357569354252,-0.01266196589665386,-0.16176418178612767,25,2
1860,-0.15796113998142472,-0.16921543033321015,-0.011254290351785434,-0.1617241790171737,25,2
1880,-0.16140042167169877,-0.1736586769705049,-0.012258255298806142,-0.16222962979876054,25,2
1900,-0.16612075342104332,-0.17910173300462634,-0.012980979583583019,-0.16250432895598377,25,2
1920,-0.1549334832982709,-0.166763483091581,-0.01182999979331012,-0.16252816275797344,25,2
1940,-0.13836185776788137,-0.14787529375398092,-0.00951343598609955,-0.16270556443402304,25,2
1960,-0.13332272521339442,-0.1413399394450545,-0.008017214231660075,-0.16229304671461356,25,2
1980,-0.14869566629710557,-0.15787026558204276,-0.00917459928493719,-0.16198175271055765,25,2
2000,-0.142553299980132,-0.15071323640071482,-0.008159936420582825,-0.16140793011275129,25,2
1,12.666834180508735,12.671030881689612,0.004196701180877227,13.135052239721624,25,3
20,8.699942072729696,8.75266495785482,0.05272288512512446,8.93019589995118,25,3
40,5.794774840569449,5.838533413399497,0.043758572830047804,5.900701254521513,25,3
60,3.845951409258277,3.8864501352840133,0.04049872602573634,3.840118497541755,25,3
80,2.5418385801743533,2.5760894100271816,0.034250829852828346,2.4601695129991814,25,3
100,1.6283124232224164,1.645970010266728,0.01765758704431164,1.5603021454454136,25,3
120,1.0213690406738078,1.0278223716335946,0.0064533309597867294,0.9729336706715411,25,3
140,0.618644716621905,0.6170884763485428,-0.0015562402733622083,0.5965566608820689,25,3
160,0.35553465476906926,0.3501077291740041,-0.005426925595065135,0.34660872000864246,25,3
180,0.20710731202296792,0.20307914367333407,-0.004028168349633848,0.18552110765242388,25,3
200,0.09303530869019125,0.0880713507396847,-0.004963957950506553,0.0777823864136907,25,3
220,0.012533968052645755,0.006589634561853519,-0.005944333490792236,0.005891497752044117,25,3
240,-0.04128658707906882,-0.048284339167747214,-0.006997752088678394,-0.04107267825996394,25,3
260,-0.07582817553182822,-0.08441179356051035,-0.008583618028682127,-0.0743027219616639,25,3
280,-0.09919251156032166,-0.1089209034255249,-0.009728391865203245,-0.09776320836978114,25,3
300,-0.1138601487296344,-0.12338428445008309,-0.00952413572044869,-0.11453693050414787,25,3
320,-0.12130861859160519,-0.12949732612340714,-0.008188707531801953,-0.12624000490143328,25,3
340,-0.11692687045098141,-0.12450239309346048,-0.007575522642479071,-0.13434798530702877,25,3
360,-0.1266937239167899,-0.13407417140524702,-0.00738044748845712,-0.1400989421990942,25,3
380,-0.13142603342868853,-0.13954626694017042,-0.008120233511481889,-0.14393020908662363,25,3
400,-0.1433441639135103,-0.15477522728136844,-0.011431063367858152,-0.14792798733022794,25,3
420,-0.14334359161341978,-0.15509804694055665,-0.01175445532713687,-0.14981782177191197,25,3
440,-0.13399907409657866,-0.14284734437113497,-0.008848270274556314,-0.15170233498765026,25,3
460,-0.13168386412543656,-0.14022736147397932,-0.008543497348542761,-0.15316601849215192,25,3
480,-0.12917795098165363,-0.1366934416146684,-0.007515490633014765,-0.15427725621670796,25,3
500,-0.13074349858916756,-0.13784040025235633,-0.0070969016631887705,-0.15453697944526112,25,3
520,-0.14274038418291402,-0.15424623152833483,-0.011505847345420817,-0.15418014290603527,25,3
540,-0.13416663144945362,-0.14165857364163081,-0.007491942192177192,-0.15444156760514732,25,3
560,-0.12800719222487306,-0.13264032579930107,-0.004633133574428017,-0.15354766280236243,25,3
580,-0.12571150598725916,-0.1311342658751239,-0.005422759887864725,-0.15338165470150922,25,3
600,-0.1491160697307572,-0.16250611588462788,-0.013390046153870683,-0.15390430365778307,25,3
620,-0.14383281292421962,-0.15535942729523733,-0.011526614371017707,-0.1541891550943537,25,3
640,-0.14042107290913886,-0.15096931216800796,-0.010548239258869108,-0.1550752820619049,25,3
660,-0.14654655662692628,-0.15972285551111703,-0.013176298884190751,-0.15508589141810375,25,3
680,-0.16253235490647003,-0.18215692736937086,-0.019624572462900836,-0.15531564392719718,25,3
700,-0.14713165351351726,-0.16150669419287006,-0.014375040679352802,-0.15594077692832503,25,3
720,-0.14720642985987903,-0.16170334857073998,-0.014496918710860951,-0.15609270785588586,25,3
740,-0.13445470814158,-0.1453972976157134,-0.010942589474133402,-0.156752804726216,25,3
760,-0.12984552114393302,-0.13856933058554052,-0.0087238094416075,-0.15592547027775974,25,3
780,-0.1326347359221849,-0.14102020345409927,-0.008385467531914381,-0.1554124272871253,25,3
800,-0.13547888080842643,-0.14439555422693565,-0.008916673418509213,-0.15524600549485537,25,3
820,-0.13813569328232883,-0.15040317484001853,-0.012267481557689697,-0.15501106756717153,25,3
840,-0.13423521125051277,-0.1438216967780588,-0.00958648552754604,-0.1545630807929376,25,3
860,-0.12559574446994395,-0.13087113498919548,-0.005275390519251522,-0.15370651089223472,25,3
880,-0.13911783216646254,-0.14946145233243588,-0.010343620165973344,-0.1544371188791814,25,3
900,-0.14471851027737756,-0.15814647946786933,-0.013427969190491773,-0.15524073648244355,25,3
920,-0.14127317166616152,-0.15443174816052388,-0.013158576494362362,-0.1563026464148152,25,3
940,-0.14078913543605473,-0.15350229254807776,-0.012713157112023032,-0.15669251601069759,25,3
960,-0.1483037957473397,-0.16298290832179446,-0.014679112574454756,-0.15719021189912719,25,3
980,-0.14522132193248433,-0.1599485819777548,-0.014727260045270474,-0.15728546039651625,25,3
1000,-0.1381811644159387,-0.14865843957113212,-0.010477275155193422,-0.1561555662068005,25,3
1020,-0.14626988017071285,-0.1626589120600811,-0.016389031889368244,-0.15613577873564138,25,3
1040,-0.13897838868645784,-0.15027844465280127,-0.011300055966343425,-0.15529991051016917,25,3
1060,-0.13727763955699396,-0.14689674055936425,-0.00961910100237029,-0.15476753867951287,25,3
1080,-0.13596497284513903,-0.1450030138260569,-0.009038040980917872,-0.15418173356059872,25,3
1100,-0.14121522506020123,-0.1520366659276428,-0.010821440867441579,-0.15383678687263042,25,3
1120,-0.14006867249928684,-0.15020289798251296,-0.010134225483226122,-0.15341615956715843,25,3
1140,-0.14101947758509972,-0.15131670609024386,-0.01029722850514414,-0.1529474167711176,25,3
1160,-0.14598979834262346,-0.15836926673069554,-0.012379468388072079,-0.15312968791510276,25,3
1180,-0.14468799934059393,-0.1562015967620697,-0.011513597421475785,-0.15333354844755256,25,3
1200,-0.1365814521664206,-0.14671078028064088,-0.010129328114220293,-0.15356480215143897,25,3
1220,-0.1457880707969345,-0.15924818915764904,-0.013460118360714535,-0.1529914618285773,25,3
1240,-0.14982045758036727,-0.16299240099984263,-0.013171943419475363,-0.15238070786027952,25,3
1260,-0.15102248047839334,-0.1645449402572009,-0.01352245977880756,-0.15304620093429377,25,3
1280,-0.14207694664547366,-0.15221462856090584,-0.010137681915432184,-0.15318088521188755,25,3
1300,-0.13521258059357366,-0.14260355014003206,-0.0073909695464584035,-0.15316180946108593,25,3
1320,-0.13816220010703106,-0.14662412782860973,-0.008461927721578666,-0.15298398828389442,25,3
1340,-0.1392064099884957,-0.14896760937278636,-0.009761199384290653,-0.15324795042448475,25,3
1360,-0.14484175416615966,-0.15714544073624195,-0.012303686570082295,-0.1541002695757632,25,3
1380,-0.14354989585170227,-0.1563448738705834,-0.012794978018881131,-0.15496562454058063,25,3
1400,-0.13592449911600948,-0.14491929773348974,-0.00899479861748026,-0.15521118641216955,25,3
1420,-0.14313250926519894,-0.15609929619719232,-0.01296678693199338,-0.15535842262946514,25,3
1440,-0.1407352821421811,-0.15238186510778381,-0.011646582965602725,-0.15519873049557434,25,3
1460,-0.1395229469345466,-0.1502422061170519,-0.010719259182505325,-0.15467134915076308,25,3
1480,-0.13861564834527984,-0.14698308201356514,-0.008367433668285296,-0.1537843609371951,25,3
1500,-0.14307889974915958,-0.15450834393009447,-0.011429444180934889,-0.15348086989017348,25,3
1520,-0.14034750069608665,-0.1503557361014643,-0.010008235405377652,-0.15385459307819122,25,3
1540,-0.1305177085545083,-0.13780980597348289,-0.007292097418974575,-0.15411928040355968,25,3
1560,-0.13156611362646403,-0.13765321659650026,-0.006087102970036229,-0.15408775959554583,25,3
1580,-0.13198473736064853,-0.1384904296342302,-0.006505692273581665,-0.15395780277304566,25,3
1600,-0.1411930699444399,-0.14998435041683447,-0.00879128047239458,-0.15347946458576264,25,3
1620,-0.15048678021715267,-0.16459327472178192,-0.014106494504629252,-0.15372834436354116,25,3
1640,-0.1394300320042142,-0.14843113341080824,-0.009001101406594048,-0.1540924925270201,25,3
1660,-0.13570561060760838,-0.14433280525742465,-0.008627194649816261,-0.1539748463386416,25,3
1680,-0.14578533841744395,-0.15811894806132093,-0.012333609643876975,-0.1537418889990131,25,3
1700,-0.14854456260147186,-0.16104464159499587,-0.01250007899352401,-0.15385068314503625,25,3
1720,-0.138143813841844,-0.1468920048336413,-0.0087481909917973,-0.15335404260634483,25,3
1740,-0.13515087357117467,-0.14134243009763164,-0.006191556526456976,-0.15269705731954614,25,3
1760,-0.14363570231693598,-0.15369264564124283,-0.010056943324306844,-0.15283117984156733,25,3
1780,-0.1524606680257653,-0.16676850394383064,-0.014307835918065337,-0.15371289319600617,25,3
1800,-0.1489076512296406,-0.16319388362208206,-0.014286232392441478,-0.15444379847301967,25,3
1820,-0.14303055920552754,-0.1554640515358473,-0.012433492330319762,-0.155936574127375,25,3
1840,-0.13664343124621497,-0.1472752261086161,-0.010631794862401123,-0.15642284839805842,25,3
1860,-0.14019355345898393,-0.15305322185706027,-0.01285966839807634,-0.15661813857879214,25,3
1880,-0.13717302187523628,-0.14848881014799786,-0.011315788272761584,-0.15708335031393028,25,3
1900,-0.15242117704844804,-0.16941346805325486,-0.016992291004806814,-0.15785970029506685,25,3
1920,-0.14502951259819735,-0.158866866129926,-0.013837353531728658,-0.1581383641697634,25,3
1940,-0.1481821638243932,-0.16441616678003612,-0.016234002955642923,-0.15841752022396732,25,3
1960,-0.14301142900359343,-0.15733745641199487,-0.014326027408401443,-0.15854431834649618,25,3
1980,-0.14747113682773696,-0.163286918926507,-0.015815782098770048,-0.15852684532092728,25,3
2000,-0.13906746061421968,-0.14979866358024815,-0.010731202966028475,-0.15823414420523016,25,3
1,11.82092358228834,11.822552242077634,0.0016286597892936072,11.496831172773902,25,4
20,7.9172594081459735,7.9339420933142994,0.01668268516832594,7.815783217566388,25,4
40,5.2346552135693685,5.256148953749163,0.02149374017979433,5.211997842977421,25,4
60,3.439550621801793,3.461530639387452,0.02198001758565926,3.471218630748143,25,4
80,2.26965557943641,2.2886408580003903,0.018985278563980135,2.3086748765726934,25,4
100,1.5163656936713772,1.53120452236294,0.014838828691562833,1.5361998575764642,25,4
120,1.0168049464574498,1.0292096565194755,0.012404710062025703,1.0214263721363046,25,4
140,0.6545601791227185,0.665881167913208,0.011320988790489483,0.6809821096059873,25,4
160,0.43449244467619585,0.44363879960358077,0.009146354927384914,0.4506819322214594,25,4
180,0.2808581568411073,0.2884740838447014,0.007615927003594092,0.29268741334203413,25,4
200,0.18189766343667751,0.18825878328551188,0.006361119848834362,0.1856673096559157,25,4
220,0.09872839288672014,0.1048405756999013,0.006112182813181155,0.11296264946868406,25,4
240,0.033973873298226986,0.03987202189334971,0.005898148595122721,0.06074537244937567,25,4
260,-0.0027842557376293597,0.002877706979479755,0.005661962717109115,0.027383400532947966,25,4
280,0.0002812495930034631,0.0036438574652889744,0.0033626078722855113,0.0006455407856353068,25,4
300,-0.02207665625955052,-0.019132545666878054,0.0029441105926724664,-0.021609497563546104,25,4
320,-0.04630579966663376,-0.04331202826703162,0.0029937713996021353,-0.03780328707352382,25,4
340,-0.06719894690355349,-0.06472278959883865,0.0024761573047148433,-0.05129373652030267,25,4
360,-0.07482299125504407,-0.07285739156745011,0.0019655996875939663,-0.06045568102936963,25,4
380,-0.07155854703197584,-0.07041685842200082,0.0011416886099750168,-0.07001399020610533,25,4
400,-0.08353218892812544,-0.08247539218063815,0.001056796747487293,-0.07762778702968032,25,4
420,-0.08076338372156103,-0.08038130159247564,0.0003820821290853871,-0.0857066848354601,25,4
440,-0.08973544169760261,-0.08954500341574087,0.00019043828186174339,-0.0934759953662557,25,4
460,-0.1042492466115292,-0.10372760275446816,0.0005216438570610493,-0.09955829674441982,25,4
480,-0.1070000670086135,-0.10670468409048442,0.00029538291812908346,-0.10518314343942092,25,4
500,-0.11424854237038898,-0.1137331944185373,0.0005153479518516801,-0.11021697355036283,25,4
520,-0.12606197882958284,-0.12478996122110153,0.0012720176084813073,-0.1140129538098428,25,4
540,-0.1293054371182354,-0.12790347714569067,0.0014019599725447196,-0.11957035337830643,25,4
560,-0.12561170046469095,-0.12460716108712522,0.0010045393775657274,-0.12494537191341831,25,4
580,-0.13365457292345423,-0.13220743707651483,0.0014471358469393958,-0.12947336322878927,25,4
600,-0.13084910230873717,-0.12957569948763734,0.0012734028210998338,-0.13329288548152832,25,4
620,-0.13503315689078832,-0.13345730658782912,0.001575850302959203,-0.1367837273967369,25,4
640,-0.14141224342299422,-0.13926630625229422,0.0021459371706999963,-0.13960067520962985,25,4
660,-0.1507852009222811,-0.1476951843924671,0.003090016529813999,-0.14341293010352107,25,4
680,-0.12472890324354557,-0.12387456302998218,0.0008543402135633982,-0.14613163799758633,25,4
700,-0.1411730817814436,-0.1388678913631523,0.002305190418291303,-0.14837449162879102,25,4
720,-0.15117850489509604,-0.14784691628432367,0.0033315886107723736,-0.15058381627673234,25,4
740,-0.14353207489757155,-0.14072744615481184,0.0028046287427597183,-0.15287022070649856,25,4
760,-0.13515899426952585,-0.13287441981341883,0.0022845744561070247,-0.15401556657574786,25,4
780,-0.14238508630275115,-0.13934341759141428,0.0030416687113368757,-0.15429348253822284,25,4
800,-0.15075102469667023,-0.14673516732206993,0.004015857374600307,-0.15558121257163915,25,4
820,-0.16377815188632833,-0.15819708514536923,0.005581066740959095,-0.15719707738267463,25,4
840,-0.15336381671484117,-0.14881090150435117,0.004552915210490005,-0.15825246391021353,25,4
860,-0.16331095435995652,-0.15757609826565544,0.005734856094301077,-0.1590297738299839,25,4
880,-0.1614054933980648,-0.15568533344530308,0.005720159952761705,-0.15983893928439538,25,4
900,-0.15066576909587176,-0.1458843929838684,0.004781376112003355,-0.16076929498445452,25,4
920,-0.16617867699185984,-0.1601950848802583,0.005983592111601543,-0.16060606504537372,25,4
940,-0.17216226891980754,-0.16506063430351456,0.007101634616292984,-0.162195540569241,25,4
960,-0.16657430396448797,-0.15995153870921563,0.006622765255272334,-0.16334720264052655,25,4
980,-0.1531847831527523,-0.14755070737856274,0.005634075774189562,-0.1635910295416173,25,4
1000,-0.1668074273829186,-0.15955732456314436,0.007250102819774229,-0.16393135682088927,25,4
1020,-0.1862871738091954,-0.17702695233067234,0.009260221478523067,-0.16467054489912025,25,4
1040,-0.18686426493418556,-0.17738566687247803,0.009478598061707533,-0.1652162659876712,25,4
1060,-0.17689718822749034,-0.16768318385809605,0.00921400436939429,-0.16574377179105793,25,4
1080,-0.19108967732796234,-0.17989528001305627,0.011194397314906068,-0.16610770350066884,25,4
1100,-0.21191710034990358,-0.198328454952938,0.013588645396965582,-0.16642082852247136,25,4
1120,-0.18148743912073761,-0.17046916549946184,0.011018273621275776,-0.166562705498081,25,4
1140,-0.17142222999073914,-0.16142161452425258,0.010000615466486562,-0.1666408094655501,25,4
1160,-0.1779459780576058,-0.16764740928582234,0.010298568771783478,-0.16666040192016507,25,4
1180,-0.191804887525254,-0.18098268671087603,0.010822200814377958,-0.1666860287578521,25,4
1200,-0.19490622268066815,-0.1833182935521252,0.011587929128542951,-0.1667098164630163,25,4
1220,-0.17377125539020483,-0.1631303628135754,0.010640892576629424,-0.16665832422338295,25,4
1240,-0.16282180319068934,-0.15352525068719924,0.009296552503490096,-0.16675676277084361,25,4
1260,-0.17345947826781766,-0.16356516980641533,0.009894308461402324,-0.16692160314014964,25,4
1280,-0.17535422892951735,-0.16580538109096915,0.009548847838548202,-0.16706779222458734,25,4
1300,-0.14124379252927155,-0.1337996866541336,0.007444105875137941,-0.16709718835863296,25,4
1320,-0.1705594347667183,-0.15993533712654662,0.010624097640171692,-0.16712546653433247,25,4
1340,-0.18530874964819144,-0.17253397905455464,0.012774770593636797,-0.16713206073237707,25,4
1360,-0.15987862192951907,-0.14960758281673364,0.01027103911278543,-0.1668872964551258,25,4
1380,-0.1780532612672157,-0.16548041233757044,0.012572848929645275,-0.1667712545213988,25,4
1400,-0.200903941604335,-0.18650038802928703,0.014403553575047967,-0.1665610348630704,25,4
1420,-0.18224823071913454,-0.16929636392662506,0.012951866792509481,-0.16664768824975046,25,4
1440,-0.16742755086406885,-0.15665461228971278,0.010772938574356072,-0.16680556663581408,25,4
1460,-0.18578472838241072,-0.17299140413523778,0.012793324247172944,-0.16689405988352818,25,4
1480,-0.17486988084667732,-0.1623104888861998,0.012559391960477506,-0.1668197113143997,25,4
1500,-0.16201027029884962,-0.15061019167462536,0.011400078624224264,-0.16689604527281132,25,4
1520,-0.16071218652977337,-0.14881069370171524,0.011901492828058136,-0.1668917321447967,25,4
1540,-0.17190938194483585,-0.15969638165455602,0.01221300029027983,-0.16692769003324592,25,4
1560,-0.17437550815268654,-0.16153440629526095,0.012841101857425596,-0.16685635101660234,25,4
1580,-0.17192208890764027,-0.15929630171205772,0.01262578719558255,-0.16678619071864947,25,4
1600,-0.1616976582101372,-0.14982174026483996,0.011875917945297243,-0.166725905965518,25,4
1620,-0.1726463108828722,-0.15945007891680119,0.013196231966071004,-0.16669706734816886,25,4
1640,-0.14036435685096638,-0.1312376712300477,0.009126685620918673,-0.16670482603464765,25,4
1660,-0.1743070615132022,-0.16187164058827658,0.012435420924925611,-0.16660197109309194,25,4
1680,-0.16599999524829578,-0.1536287183208912,0.012371276927404584,-0.16641013190558163,25,4
1700,-0.17596290660610409,-0.16342309922238135,0.012539807383722734,-0.16653220852208722,25,4
1720,-0.18355076783645413,-0.16960618832192298,0.013944579514531152,-0.16667242590774184,25,4
1740,-0.1781779411370802,-0.16499024051000188,0.013187700627078303,-0.16692203260219884,25,4
1760,-0.17981065963093923,-0.16618795543290238,0.01362270419803685,-0.1670201578085987,25,4
1780,-0.19151108259816446,-0.17636098109229564,0.015150101505868818,-0.16655464905948336,25,4
1800,-0.1836988895904531,-0.16987659557840495,0.013822294012048153,-0.16679472205819523,25,4
1820,-0.20292227544245167,-0.18708839999711835,0.015833875445333323,-0.1666009168015084,25,4
1840,-0.19117679408923227,-0.1776640471909039,0.013512746898328376,-0.16646157809380058,25,4
1860,-0.20412186017553863,-0.1885151576191631,0.015606702556375529,-0.16627853611496674,25,4
1880,-0.17849237785314093,-0.16455050169551438,0.013941876157626543,-0.16575234280691836,25,4
1900,-0.1947048489536342,-0.1783548874228274,0.01634996153080681,-0.16578172978719152,25,4
1920,-0.2204694295264334,-0.20100047090613155,0.019468958620301846,-0.1658519598050811,25,4
1940,-0.17813715725016144,-0.16358125186004402,0.014555905390117418,-0.16634639476278906,25,4
1960,-0.19100061138339353,-0.17582639413588913,0.015174217247504396,-0.16606983032372796,25,4
1980,-0.18242666893260373,-0.16822428135743595,0.014202387575167785,-0.16538247663683214,25,4
2000,-0.17575226002884353,-0.1608381713511084,0.014914088677735138,-0.16521227763398233,25,4
1,11.476013873904733,11.474985766436788,-0.0010281074679454605,11.645721123435433,25,5
20,7.852293379126991,7.8540491997112865,0.0017558205842957975,7.903931047149445,25,5
40,5.216352471528525,5.216686350342467,0.00033387881394197905,5.222317382205065,25,5
60,3.437033265772821,3.4360520553377554,-0.0009812104350657158,3.4194094086902442,25,5
80,2.23207197196173,2.2307553315349993,-0.001316640426730853,2.2170875593701695,25,5
100,1.4229598787256692,1.421418781164909,-0.0015410975607601518,1.4185226454996018,25,5
120,0.8907634447010817,0.8882369016174088,-0.0025265430836729497,0.8886011161367409,25,5
140,0.546412261820691,0.5437945137980171,-0.0026177480226738936,0.5408469737913897,25,5
160,0.3144004051832017,0.31144267136335996,-0.002957733819841768,0.3098608350210301,25,5
180,0.15864805997324932,0.15523240111122855,-0.003415658862020776,0.15418017900272357,25,5
200,0.06014383565666698,0.05663868508867159,-0.0035051505679953854,0.0526787674794536,25,5
220,-0.001446437976676429,-0.004037338516995392,-0.0025909005403189633,-0.014751290509019133,25,5
240,-0.0475250081393066,-0.051213310034736115,-0.0036883018954295133,-0.06099403078690019,25,5
260,-0.08720217908232875,-0.09255486353799908,-0.005352684455670331,-0.09198490466152098,25,5
280,-0.10912765273033731,-0.11473765356074539,-0.0056100008304080795,-0.11431717750283632,25,5
300,-0.12378391163444274,-0.1299157142066943,-0.0061318025722515435,-0.12899630817275903,25,5
320,-0.12918745825940603,-0.13550964831880397,-0.006322190059397936,-0.13921513914691835,25,5
340,-0.1453767636217341,-0.15310157923018655,-0.007724815608452451,-0.14604852313030733,25,5
360,-0.1534702760606983,-0.16221620876116016,-0.008745932700461867,-0.15107239086368102,25,5
380,-0.13375934506480247,-0.1395670096662236,-0.005807664601421125,-0.15368983442286338,25,5
400,-0.13792981662062098,-0.1442133447304113,-0.006283528109790326,-0.15506085485866994,25,5
420,-0.13723813386994005,-0.14403130651895485,-0.0067931726490148,-0.15623901952372582,25,5
440,-0.14763755879415943,-0.15589046067036097,-0.008252901876201535,-0.157439284118602,25,5
460,-0.15772685319587654,-0.1658238423418229,-0.008096989145946365,-0.15789053484849086,25,5
480,-0.14738728526804173,-0.15420217680167303,-0.006814891533631295,-0.15875946187209627,25,5
500,-0.1458322501012833,-0.15324943272261965,-0.007417182621336338,-0.15954052964151771,25,5
520,-0.15474234757762098,-0.1642638583119129,-0.009521510734291916,-0.16032657908337863,25,5
540,-0.15231722896756827,-0.16012743827753628,-0.007810209309968008,-0.1600497419763418,25,5
560,-0.14758186759041256,-0.1538802722179605,-0.006298404627547938,-0.15958856349192937,25,5
580,-0.1523476914477132,-0.15951860816520613,-0.007170916717492926,-0.15995931807153418,25,5
600,-0.16493250835523202,-0.1731850854904328,-0.008252577135200778,-0.1606161237387054,25,5
620,-0.16893154862035753,-0.1763744216439333,-0.007442873023575769,-0.16110555556830247,25,5
640,-0.15014434987940584,-0.1575638285693099,-0.007419478689904058,-0.1611888414675332,25,5
660,-0.15862385102374443,-0.16505452791131525,-0.006430676887570819,-0.16139704570573477,25,5
680,-0.15924980298459762,-0.16635846755061723,-0.007108664566019607,-0.16164986809762888,25,5
700,-0.17608040814516915,-0.1854291346183303,-0.00934872647316115,-0.1632651924284069,25,5
720,-0.16672303657819065,-0.1777795740325187,-0.011056537454328053,-0.16401120044885803,25,5
740,-0.16220106659616151,-0.17148010597579205,-0.009279039379630538,-0.1650187738380099,25,5
760,-0.16693516340659428,-0.1780324801918657,-0.011097316785271427,-0.16555816603125414,25,5
780,-0.1543306079501481,-0.16354908731455145,-0.009218479364403342,-0.16568886851194933,25,5
800,-0.1546173428451628,-0.16671378477674673,-0.012096441931583934,-0.16606722829113987,25,5
820,-0.14491428308059287,-0.15346332214666294,-0.008549039066070074,-0.16579576338338034,25,5
840,-0.13742960402671375,-0.14477310946108282,-0.007343505434369069,-0.16534207476703414,25,5
860,-0.14046876912783707,-0.1503535774626285,-0.00988480833479144,-0.16509830281436189,25,5
880,-0.13620076397429903,-0.1456510169340619,-0.009450252959762873,-0.1651764424245633,25,5
900,-0.16123620423608562,-0.17387043804323496,-0.012634233807149342,-0.16510000733202676,25,5
920,-0.1709046318823158,-0.18294269865466656,-0.012038066772350753,-0.164483548505775,25,5
940,-0.1732036083845177,-0.18727666318531633,-0.014073054800798623,-0.16500958081601064,25,5
960,-0.17730886106539928,-0.1927960904209423,-0.01548722935554303,-0.16541338759959262,25,5
980,-0.1689742975864843,-0.1840568191474391,-0.015082521560954798,-0.16557273731065425,25,5
1000,-0.15608111426041724,-0.16814532839468474,-0.012064214134267504,-0.16555184551197596,25,5
1020,-0.15560738008887143,-0.16642567401569497,-0.010818293926823541,-0.16554485367343152,25,5
1040,-0.17703237702216854,-0.1872425353817224,-0.010210158359553856,-0.16518053658221524,25,5
1060,-0.16356481737620748,-0.17749138245487367,-0.013926565078666187,-0.16498623264414303,25,5
1080,-0.14566790850588462,-0.15530033958083617,-0.009632431074951542,-0.16404055623931896,25,5
1100,-0.15676658159895285,-0.1669465727927782,-0.010179991193825344,-0.16250092887988837,25,5
1120,-0.13472692015422705,-0.14167244337184126,-0.006945523217614213,-0.16220297027534075,25,5
1140,-0.1342102632863284,-0.14004986899244515,-0.005839605706116746,-0.16202511627745236,25,5
1160,-0.1557153017585684,-0.16467238507936693,-0.008957083320798531,-0.1620161398607884,25,5
1180,-0.15917933637679266,-0.16896625209305988,-0.00978691571626722,-0.16160543020992274,25,5
1200,-0.15661401853114418,-0.16660356401740348,-0.0099895454862593,-0.16133218499554672,25,5
1220,-0.1526536653877581,-0.16048735942678927,-0.00783369403903117,-0.16193011980210287,25,5
1240,-0.15115285707620613,-0.15887172314059728,-0.00771886606439115,-0.1620901414670392,25,5
1260,-0.1425417487090706,-0.1496059114181748,-0.007064162709104205,-0.1620982273041307,25,5
1280,-0.14151159180199296,-0.1501370162348813,-0.008625424432888329,-0.16241859104459438,25,5
1300,-0.15070412397674063,-0.15794403195449644,-0.007239907977755811,-0.16244784309141622,25,5
1320,-0.15303803448868675,-0.16132069857390685,-0.008282664085220104,-0.16323592622975258,25,5
1340,-0.15274890854172,-0.15999968262180256,-0.007250774080082567,-0.16331226083685854,25,5
1360,-0.1519338717621306,-0.1598573945869571,-0.007923522824826501,-0.16341174899471464,25,5
1380,-0.16639209244415132,-0.17754391173958933,-0.011151819295438015,-0.16352124501062437,25,5
1400,-0.15823081440459127,-0.16745415628454133,-0.009223341879950053,-0.16317998862947283,25,5
1420,-0.15438250999005643,-0.16258322691885702,-0.008200716928800589,-0.1635098110108018,25,5
1440,-0.15694513076107214,-0.16629649674995917,-0.009351365988887028,-0.16274285228524665,25,5
1460,-0.16248010463072404,-0.17167757234430198,-0.009197467713577934,-0.16252038349248887,25,5
1480,-0.15624118682271937,-0.16444381823728405,-0.008202631414564676,-0.1631909196529175,25,5
1500,-0.1670642746041632,-0.17659965233128574,-0.00953537772712254,-0.16364014051763778,25,5
1520,-0.15445608988255183,-0.16490310845152967,-0.01044701856897784,-0.16411718920212054,25,5
1540,-0.15911999397574023,-0.17008252636456211,-0.010962532388821888,-0.1636577895524325,25,5
1560,-0.16004835040719356,-0.17028047721604467,-0.010232126808851105,-0.16398706939900276,25,5
1580,-0.15917842153635076,-0.16814785048789105,-0.008969428951540293,-0.16451584572033662,25,5
1600,-0.16256799067921737,-0.17245651862793807,-0.009888527948720693,-0.16493573213161436,25,5
1620,-0.1560086069609291,-0.166636408143008,-0.0106278011820789,-0.1651033347385899,25,5
1640,-0.161887517069698,-0.17192819026836054,-0.01004067319866253,-0.16539630631310764,25,5
1660,-0.14772209238340514,-0.1561846378330651,-0.008462545449659964,-0.1651122834014397,25,5
1680,-0.14443968768986953,-0.1520344973867438,-0.007594809696874261,-0.16461874753201644,25,5
1700,-0.1555043981204924,-0.1640539370004356,-0.008549538879943197,-0.16443723466207164,25,5
1720,-0.14497185436744847,-0.1514091023644445,-0.006437247996996021,-0.16447094426540854,25,5
1740,-0.1336698018271944,-0.14087308755594086,-0.007203285728746456,-0.16424949251884863,25,5
1760,-0.15312447752851563,-0.16114747224032064,-0.00802299471180501,-0.16409424835210698,25,5
1780,-0.14986184944975928,-0.15629333580475996,-0.006431486355000682,-0.16371196932881743,25,5
1800,-0.156677976103974,-0.16554890299116798,-0.008870926887193986,-0.16444313080466577,25,5
1820,-0.14292306814229724,-0.14932250342110412,-0.006399435278806875,-0.16453410598456672,25,5
1840,-0.15719454652172604,-0.16293093253416896,-0.005736386012442918,-0.16423437485494852,25,5
1860,-0.15646797311344954,-0.16625715236669128,-0.009789179253241742,-0.16454948889356716,25,5
1880,-0.15249388772501693,-0.16036971603611333,-0.0078758283110964,-0.16466004061687428,25,5
1900,-0.16112401888507452,-0.17044492350223603,-0.009320904617161507,-0.16403922108965344,25,5
1920,-0.1754065759445741,-0.1879008601378952,-0.012494284193321104,-0.16435349859863202,25,5
1940,-0.17078990144190037,-0.1836537880566731,-0.012863886614772724,-0.16507384472715164,25,5
1960,-0.17209832801428818,-0.18481301403381747,-0.012714686019529298,-0.16579337700362193,25,5
1980,-0.1776064017807737,-0.18939016298531686,-0.011783761204543164,-0.1660858169304199,25,5
2000,-0.16841708351076495,-0.17920415203622175,-0.0107870685254568,-0.1659964906734584,25,5
1,11.690648959231483,11.686308474474902,-0.004340484756580665,10.934260816997972,25,6
20,7.6972058409811215,7.629908560532349,-0.06729728044877259,7.333982382594441,25,6
40,4.959111215697542,4.8821186134878065,-0.07699260220973514,4.796767567773892,25,6
60,3.246162361506808,3.1771324005435395,-0.06902996096326852,3.164192842971085,25,6
80,2.1099815382305636,2.059903316523556,-0.050078221707007486,2.052847797609602,25,6
100,1.3397199488448268,1.301172728365765,-0.03854722047906178,1.3111475445289977,25,6
120,0.8241490493704446,0.7917526435891643,-0.032396405781280335,0.814848641945849,25,6
140,0.5061457024551427,0.47818950728337484,-0.02795619517176784,0.49355899115408075,25,6
160,0.31082507438532647,0.28973952190110164,-0.021085552484224834,0.2843300384218943,25,6
180,0.14822523783692643,0.13466343915115586,-0.013561798685770565,0.13481068994587875,25,6
200,0.05255326049776743,0.03421159504231397,-0.01834166545545346,0.04038544043316883,25,6
220,-0.023567053998273302,-0.03561681968753727,-0.01204976568926397,-0.023791677427890345,25,6
240,-0.05155909097984024,-0.05563853541483932,-0.00407944443499908,-0.0681997489892534,25,6
260,-0.0865597783485772,-0.09544880580101245,-0.00888902745243525,-0.09956633632418888,25,6
280,-0.10153323507862322,-0.1080066464137246,-0.0064734113351013756,-0.12083383051978136,25,6
300,-0.12217843512035387,-0.13131794573310507,-0.0091395106127512,-0.13449744983946432,25,6
320,-0.16123010925332537,-0.1653540136087288,-0.0041239043554034405,-0.1442988382411955,25,6
340,-0.1533203248142737,-0.15824681240166305,-0.004926487587389339,-0.1508342736076771,25,6
360,-0.15095351109643912,-0.15406675573090395,-0.003113244634464829,-0.15539863133420256,25,6
380,-0.17293109540750895,-0.17714210849329948,-0.004211013085790527,-0.15795795572323412,25,6
400,-0.1528386873564911,-0.15198658904437362,0.0008520983121174663,-0.16045441645901437,25,6
420,-0.17734478385003116,-0.17604080040133918,0.001303983448691981,-0.1621355346834572,25,6
440,-0.19452303579953,-0.19393800443298093,0.0005850313665490825,-0.16343512928147363,25,6
460,-0.1639750568121756,-0.16228757849450431,0.0016874783176712982,-0.16401788264630723,25,6
480,-0.16076976696050888,-0.15721085816266478,0.003558908797844096,-0.16465126671459157,25,6
500,-0.18193738506305346,-0.17917344671580715,0.0027639383472463086,-0.16528381484592858,25,6
520,-0.16074407522240003,-0.15809074939063694,0.002653325831763087,-0.16580207210862302,25,6
540,-0.17603536382047225,-0.17225671313428104,0.0037786506861912095,-0.16622963291625859,25,6
560,-0.17247569658698275,-0.1671277570904438,0.005347939496538945,-0.16665579194600028,25,6
580,-0.17390922314336932,-0.16905858363649273,0.004850639506876586,-0.16695548512130187,25,6
600,-0.15208843249545556,-0.14660068533376303,0.0054877471616925355,-0.16711699925082585,25,6
620,-0.17210036317432204,-0.1653134920395531,0.006786871134768946,-0.16719871490659632,25,6
640,-0.17336467673957634,-0.16708221777322252,0.006282458966353821,-0.16712298887520294,25,6
660,-0.16343046971462089,-0.15741366609241875,0.006016803622202138,-0.16709143303965862,25,6
680,-0.1680062209582418,-0.16275373347678923,0.005252487481452572,-0.16694606520206146,25,6
700,-0.17297192249929255,-0.16957110712990503,0.003400815369387522,-0.1671164364340958,25,6
720,-0.16642746173702377,-0.1634887099009818,0.002938751836041975,-0.1672734544426449,25,6
740,-0.1668862184182352,-0.1609153800566312,0.005970838361604003,-0.1672959665784733,25,6
760,-0.18541202298002102,-0.18049983951831022,0.004912183461710795,-0.1668164491834241,25,6
780,-0.18627210755806956,-0.18316042517928144,0.0031116823787881165,-0.16665394918170995,25,6
800,-0.1890021503469942,-0.18206369135892758,0.006938458988066609,-0.16659248850400038,25,6
820,-0.18609052984627977,-0.18144926831483366,0.004641261531446117,-0.16665210297506028,25,6
840,-0.21861981366464978,-0.21275373187287572,0.005866081791774058,-0.16643591495638055,25,6
860,-0.19316423925453907,-0.18868315326165863,0.00448108599288044,-0.16626666962889836,25,6
880,-0.19624787596785975,-0.19169925853972714,0.0045486174281326175,-0.16619197331078706,25,6
900,-0.16623901043348682,-0.1611320890801824,0.005106921353304428,-0.16543169676487013,25,6
920,-0.15783462297365414,-0.1533769940873428,0.004457628886311349,-0.1655497731815998,25,6
940,-0.17448489154078212,-0.16763310022658717,0.006851791314194944,-0.16570645062734735,25,6
960,-0.13942023488047323,-0.13618353667041871,0.0032366982100545116,-0.16610514573359658,25,6
980,-0.1363733564796079,-0.13391758523360459,0.0024557712460033243,-0.16628217684558005,25,6
1000,-0.16772013883913278,-0.16428156022399043,0.0034385786151423514,-0.16628541148542797,25,6
1020,-0.17208298827041296,-0.1672480783566041,0.00483490991380886,-0.16634152211193837,25,6
1040,-0.17846769533665618,-0.17307619286050202,0.005391502476154164,-0.1663423242101818,25,6
1060,-0.16718831377651394,-0.16241739945849792,0.004770914318016017,-0.16640441538086342,25,6
1080,-0.15653298210149613,-0.15211450401446402,0.004418478087032107,-0.16642259997759773,25,6
1100,-0.16523190139518334,-0.16094259121800908,0.004289310177174266,-0.1665755233523984,25,6
1120,-0.13788611391804295,-0.13601427587511622,0.0018718380429267323,-0.1667652209773064,25,6
1140,-0.16369351800493315,-0.16096149516735592,0.0027320228375772304,-0.16685463926117933,25,6
1160,-0.20217871213563032,-0.19726987018898479,0.004908841946645537,-0.1668760492046405,25,6
1180,-0.16294351275598207,-0.15754156409248005,0.005401948663502021,-0.16669740566018237,25,6
1200,-0.1817295528333931,-0.17557970338808743,0.006149849445305666,-0.1664963536093969,25,6
1220,-0.19176813994928815,-0.187479373991557,0.004288765957731144,-0.16609464938621232,25,6
1240,-0.17287665979888273,-0.17108501356254496,0.0017916462363377628,-0.16636552856985892,25,6
1260,-0.18963796638276414,-0.18347978534843906,0.006158181034325083,-0.16647385595056285,25,6
1280,-0.1791692978122389,-0.17455415143608033,0.004615146376158563,-0.1665535899366984,25,6
1300,-0.15800140011973401,-0.1517744602756934,0.006226939844040602,-0.16670291116667713,25,6
1320,-0.16634471119833333,-0.15804747312070583,0.0082972380776275,-0.16663627250849805,25,6
1340,-0.16589699688048226,-0.1607711519635629,0.005125844916919364,-0.16642872101186396,25,6
1360,-0.1690232818700964,-0.1637488640430277,0.0052744178270687225,-0.16625131930648918,25,6
1380,-0.16185592783020958,-0.15519287421717942,0.0066630536130301565,-0.16623340432565553,25,6
1400,-0.15421039768733785,-0.15097715294182856,0.0032332447455092894,-0.16617968015642648,25,6
1420,-0.13900300020207745,-0.13731455575515128,0.001688444446926174,-0.1663433958424309,25,6
1440,-0.15742460270398045,-0.15480811286648272,0.0026164898374977374,-0.1664140510513914,25,6
1460,-0.13701012602696044,-0.1333318619220319,0.0036782641049285525,-0.1662637189782229,25,6
1480,-0.16739496782193275,-0.16533859543421509,0.0020563723877176643,-0.16623199481699685,25,6
1500,-0.16870587591289976,-0.16403353063804343,0.0046723452748563266,-0.16617480998903228,25,6
1520,-0.1709384901039565,-0.16483215181752886,0.006106338286427648,-0.16613380680567613,25,6
1540,-0.16783869840847376,-0.16288760434615368,0.004951094062320083,-0.166001785532921,25,6
1560,-0.15134363354600983,-0.1452652162896923,0.006078417256317525,-0.16605169378022477,25,6
1580,-0.18788861640921367,-0.18123141106632434,0.006657205342889327,-0.1659202656016185,25,6
1600,-0.17576247677209694,-0.16664451947448278,0.009117957297614165,-0.16580366145680708,25,6
1620,-0.1775634272722144,-0.1690581257556702,0.008505301516544217,-0.16556894689232515,25,6
1640,-0.1902736130812478,-0.18207312886020544,0.008200484221042359,-0.16557481655195638,25,6
1660,-0.1631145986801863,-0.15821004420081253,0.004904554479373768,-0.16524946965697346,25,6
1680,-0.1788244962504172,-0.17131272073845194,0.007511775511965246,-0.16496639539451696,25,6
1700,-0.20228515491412485,-0.19442128613483328,0.007863868779291572,-0.164414124887923,25,6
1720,-0.20453644474305133,-0.19679457281195156,0.007741871931099764,-0.16510926343306326,25,6
1740,-0.20083073872812995,-0.19245164319771574,0.008379095530414216,-0.16445004051491274,25,6
1760,-0.19239711194355913,-0.18384609053448842,0.008551021409070714,-0.16435917914021442,25,6
1780,-0.18459481041025266,-0.1786494699685685,0.005945340441684155,-0.16454406326180365,25,6
1800,-0.16774050648664196,-0.16334254899366563,0.004397957492976334,-0.16474554430891575,25,6
1820,-0.1567340268135602,-0.1519090590724671,0.004824967741093089,-0.16513908547581146,25,6
1840,-0.20825916990046955,-0.19992167675086414,0.008337493149605413,-0.164270349929438,25,6
1860,-0.18158668310574688,-0.17696647547051653,0.004620207635230356,-0.16402434351420875,25,6
1880,-0.17305004673125823,-0.1686790695089161,0.004370977222342143,-0.16476555756683542,25,6
1900,-0.17115868001564338,-0.16411605376381333,0.007042626251830053,-0.16516472444827535,25,6
1920,-0.18145915638238708,-0.17598536133117204,0.005473795051215036,-0.16533206050493543,25,6
1940,-0.16529066977900003,-0.16082258712053982,0.004468082658460215,-0.16510133049561104,25,6
1960,-0.16149040187776487,-0.15604032176233396,0.005450080115430911,-0.16522347286690153,25,6
1980,-0.1705003330571606,-0.16401222157860557,0.0064881114785550476,-0.16535994855133257,25,6
2000,-0.1716091661600166,-0.1646750229820309,0.0069341431779856855,-0.16587346953596166,25,6
1,12.581775386196446,12.582592493329374,0.00081710713292793,12.632715082763902,25,7
20,8.547289850230632,8.562624544634204,0.015334694403572158,8.570622850448144,25,7
40,5.626821881816882,5.647847779512681,0.021025897695798434,5.653639311475871,25,7
60,3.6676404097861557,3.6980342810343227,0.03039387124816706,3.7024795463791538,25,7
80,2.3729056640509483,2.4040544381186773,0.03114877406772898,2.419460770996029,25,7
100,1.5313523711465904,1.5512818797008712,0.019929508554280773,1.5688898528270323,25,7
120,0.9483559468475778,0.9690536885572986,0.02069774170972072,1.0018331292130318,25,7
140,0.6043243306209201,0.6216588255823785,0.017334494961458446,0.626190669103455,25,7
160,0.3549773794885476,0.3662558127579384,0.01127843326939082,0.3730476369570352,25,7
180,0.17222234165409211,0.18428833863102378,0.01206599697693167,0.2025531848335418,25,7
200,0.06931846406229147,0.07825077871879532,0.008932314656503848,0.08577485196011181,25,7
220,-0.023384162191444346,-0.015239169696637134,0.008144992494807213,0.008249134447110118,25,7
240,-0.06257771041894666,-0.058996921115386125,0.0035807893035605387,-0.045579515864834996,25,7
260,-0.10697004282932943,-0.10614448239521357,0.0008255604341158573,-0.08111097557395308,25,7
280,-0.10790912747143111,-0.10701372931800313,0.0008953981534279842,-0.10501850489566217,25,7
300,-0.13739107152423302,-0.1340185708352546,0.0033725006889784304,-0.12129455848470161,25,7
320,-0.1448412118652586,-0.14201268948975176,0.002828522375506848,-0.13268937124986285,25,7
340,-0.13400020884369668,-0.13703417915993876,-0.003033970316242085,-0.1409915316533732,25,7
360,-0.1473703377425486,-0.14770636575850998,-0.0003360280159613871,-0.14754328847165704,25,7
380,-0.1630920186929537,-0.16052134755498793,0.0025706711379657743,-0.15078577207945204,25,7
400,-0.14775030931611904,-0.1523003413392347,-0.004550032023115658,-0.15331087317431463,25,7
420,-0.14964512892423726,-0.14901467149051267,0.000630457433724585,-0.15522259317161385,25,7
440,-0.1560911206373055,-0.16091183277071286,-0.0048207121334073455,-0.15663470552013187,25,7
460,-0.16121464542468106,-0.16863642928431666,-0.0074217838596356,-0.1575702655531585,25,7
480,-0.17058720850691356,-0.1753717541054362,-0.004784545598522649,-0.15787573536811483,25,7
500,-0.1660568363816355,-0.16289831869608407,0.0031585176855514208,-0.15906214901419435,25,7
520,-0.1586527732811447,-0.15929464897094503,-0.0006418756898003419,-0.15933924591875198,25,7
540,-0.14644348820013664,-0.14807884712773994,-0.0016353589276033031,-0.15899837316154458,25,7
560,-0.14969480108726102,-0.15034712159123226,-0.0006523205039712376,-0.15883888953219893,25,7
580,-0.12512485259632772,-0.13002678825692104,-0.004901935660593326,-0.15940027380718097,25,7
600,-0.13357965159152024,-0.13631411144866584,-0.002734459857145599,-0.15841371152387784,25,7
620,-0.13249277598058873,-0.13699404422959138,-0.0045012682490026545,-0.15925361859728282,25,7
640,-0.14951994135980962,-0.1563433373883069,-0.006823396028497297,-0.16004819354088778,25,7
660,-0.15508718334034322,-0.15908812300366898,-0.004000939663325764,-0.1609563820100518,25,7
680,-0.1701625473144298,-0.17883230549055473,-0.00866975817612492,-0.16200798263118527,25,7
700,-0.14801140747687258,-0.15587145431772426,-0.007860046840851675,-0.1621071752509003,25,7
720,-0.15421474886238667,-0.15839036258291406,-0.0041756137205273824,-0.1626224307662424,25,7
740,-0.16155967768894858,-0.16728065919154472,-0.005720981502596145,-0.16248084069771146,25,7
760,-0.16744832191111875,-0.17291203971231356,-0.005463717801194812,-0.162526556665942,25,7
780,-0.1512257761459687,-0.15635027912568547,-0.005124502979716783,-0.1630918704028034,25,7
800,-0.1453044456623121,-0.15044746636660666,-0.005143020704294565,-0.16338317125395285,25,7
820,-0.15339759474828368,-0.15930466494306178,-0.005907070194778097,-0.16420551644698272,25,7
840,-0.14021095332221067,-0.14338216600429665,-0.0031712126820859776,-0.1633800584615278,25,7
860,-0.15693657673618985,-0.16416329923641534,-0.007226722500225491,-0.16367714678432707,25,7
880,-0.15351863375980462,-0.16133850649617515,-0.007819872736370526,-0.16412496476673727,25,7
900,-0.14954837027336337,-0.15916915884754668,-0.009620788574183303,-0.16459044945493967,25,7
920,-0.17091835475187284,-0.18399619191415822,-0.013077837162285388,-0.16522037193623768,25,7
940,-0.16981501624042655,-0.18549264867755993,-0.015677632437133382,-0.16575870062050785,25,7
960,-0.18278432378066756,-0.19786712370949455,-0.015082799928826995,-0.1657596132392568,25,7
980,-0.148968870218589,-0.16269714448318806,-0.01372827426459905,-0.16590637922531393,25,7
1000,-0.1590824443959196,-0.1699981450127421,-0.01091570061682251,-0.16574449231896807,25,7
1020,-0.14916856494304334,-0.1618053368476093,-0.012636771904565969,-0.16585677500483917,25,7
1040,-0.16017231944776822,-0.16939240775230163,-0.009220088304533414,-0.16589147894832923,25,7
1060,-0.16268924003103558,-0.1754027710986047,-0.012713531067569117,-0.1662834063858704,25,7
1080,-0.1590664298053871,-0.17204191257958523,-0.012975482774198133,-0.16637487465023804,25,7
1100,-0.12918564379000083,-0.14136562401123984,-0.012179980221239006,-0.16612695043164086,25,7
1120,-0.1387763620702035,-0.14494665684184882,-0.006170294771645324,-0.16571547682961674,25,7
1140,-0.14967328208858005,-0.15525761961703632,-0.0055843375284562735,-0.16596174354762377,25,7
1160,-0.15322152191571903,-0.16459715459600532,-0.011375632680286296,-0.16666802229063882,25,7
1180,-0.14194093824179116,-0.15059725469665136,-0.008656316454860202,-0.16656283887244,25,7
1200,-0.12234768877795549,-0.12560167622588186,-0.0032539874479263764,-0.16624600803458295,25,7
1220,-0.13115143741886484,-0.13924931006563493,-0.008097872646770088,-0.16600638160888911,25,7
1240,-0.18204193185551082,-0.19640784137231915,-0.014365909516808328,-0.16613440266030904,25,7
1260,-0.17433650349776647,-0.1830106538384298,-0.008674150340663322,-0.16579806194476487,25,7
1280,-0.17893458566746523,-0.19033997340434433,-0.011405387736879102,-0.16575448705470952,25,7
1300,-0.17155328130843947,-0.18485957421635849,-0.013306292907919015,-0.16568066825966046,25,7
1320,-0.15833555429790191,-0.17060588165835916,-0.012270327360457245,-0.1659993584945842,25,7
1340,-0.14902015234544488,-0.1593221574391764,-0.010302005093731526,-0.16621253269566408,25,7
1360,-0.13732953826809477,-0.14418102867692253,-0.006851490408827765,-0.16634509696634273,25,7
1380,-0.16325213868009414,-0.16881003236118663,-0.005557893681092496,-0.16610706569720274,25,7
1400,-0.16183546785752173,-0.17109750271206997,-0.00926203485454824,-0.16562252968778673,25,7
1420,-0.1692998119404752,-0.18167872229193013,-0.012378910351454941,-0.1654958941754923,25,7
1440,-0.18270409979475866,-0.19683595011671012,-0.014131850321951467,-0.165761780778379,25,7
1460,-0.1804956603585145,-0.19332205793492263,-0.012826397576408133,-0.16562085961660417,25,7
1480,-0.15951036409347136,-0.17279647629723216,-0.013286112203760803,-0.16591213140767935,25,7
1500,-0.16878034493665162,-0.18062400361862713,-0.01184365868197551,-0.16571453968549843,25,7
1520,-0.16144207877206046,-0.17065067037231485,-0.00920859160025439,-0.1654162531445939,25,7
1540,-0.17218455203602934,-0.1868194519531618,-0.01463489991713246,-0.16527129805616098,25,7
1560,-0.16403493065421665,-0.17329305804476852,-0.009258127390551874,-0.1646331422963172,25,7
1580,-0.14823856162103186,-0.1569911632450138,-0.008752601623981948,-0.16432244737418625,25,7
1600,-0.16397369021574992,-0.17184452269903028,-0.007870832483280354,-0.16435074261322263,25,7
1620,-0.1624779027208844,-0.16835050543935362,-0.005872602718469233,-0.16505047772161655,25,7
1640,-0.16425433433358155,-0.17444341502891425,-0.010189080695332697,-0.16517711928501105,25,7
1660,-0.15004337028096626,-0.15566360604331453,-0.005620235762348269,-0.16489670652742394,25,7
1680,-0.13703758325108473,-0.14195324708269125,-0.00491566383160652,-0.16457648549338239,25,7
1700,-0.12104694785734166,-0.1255103147603739,-0.004463366903032229,-0.16385842358344754,25,7
1720,-0.13880704596686516,-0.1446764209096743,-0.005869374942809147,-0.16338861541523425,25,7
1740,-0.13996943102613923,-0.14673178881527538,-0.006762357789136142,-0.16340546922440324,25,7
1760,-0.1462000196243489,-0.1521711582364159,-0.005971138612066995,-0.16273645446734827,25,7
1780,-0.14143336575714227,-0.14243589342366542,-0.0010025276665231453,-0.16287292208003906,25,7
1800,-0.155953308504062,-0.1593776884321206,-0.0034243799280586074,-0.162864911300354,25,7
1820,-0.15458660635482793,-0.15768755162558204,-0.0031009452707541074,-0.1621093214053169,25,7
1840,-0.16561086563602584,-0.17324660927270596,-0.007635743636680126,-0.16206755622851987,25,7
1860,-0.16861425697182572,-0.17607096644104522,-0.007456709469219502,-0.16236075496404653,25,7
1880,-0.17752022090955574,-0.1865575914242845,-0.009037370514728749,-0.1626554027279913,25,7
1900,-0.18789970578594503,-0.19735997719457768,-0.009460271408632648,-0.16296259617754968,25,7
1920,-0.155915306067932,-0.16375969075010052,-0.007844384682168526,-0.1625383988468003,25,7
1940,-0.14519346869809374,-0.1521705920928339,-0.006977123394740159,-0.16207231704687686,25,7
1960,-0.14504811903061862,-0.14926839261837047,-0.004220273587751844,-0.16176962402002512,25,7
1980,-0.15367299583075977,-0.1612931160468909,-0.007620120216131121,-0.1611868596019322,25,7
2000,-0.15665836587298712,-0.16351270105861124,-0.006854335185624116,-0.16148425801008023,25,7
1,11.344732104393783,11.343971706615516,-0.0007603977782668636,11.276206800820958,50,0
20,7.6941470995926124,7.687824302481987,-0.006322797110625444,7.654608116530781,50,0
40,5.080620645857392,5.0737470404670155,-0.006873605390376625,5.076037374375294,50,0
60,3.362256908423843,3.355754254698912,-0.0065026537249313066,3.3505563754357297,50,0
80,2.204182824871404,2.197886252896137,-0.006296571975267007,2.1967748553956596,50,0
100,1.427554318061147,1.4215502869868653,-0.006004031074281713,1.4233916983114794,50,0
120,0.8996646568601836,0.8959262133475204,-0.00373844351266317,0.9052455610334217,50,0
140,0.5565299657057825,0.5544576133238485,-0.0020723523819340395,0.5575886558614342,50,0
160,0.3245687623940467,0.32426785681237946,-0.00030090558166723236,0.32402814557591053,50,0
180,0.16053012702083824,0.1623485260252403,0.0018183990044020604,0.16631354047010827,50,0
200,0.05749940370181872,0.0630324982719438,0.0055330945701250744,0.05962415196555049,50,0
220,-0.013832397738939628,-0.008712230571717272,0.005120167167222356,-0.012601613745876039,50,0
240,-0.0753888388924922,-0.06650537343466073,0.008883465457831474,-0.06179910803456895,50,0
260,-0.11294681794357198,-0.1014523466061556,0.011494471337416379,-0.09619118647620234,50,0
280,-0.1360889186395361,-0.12264044975800809,0.013448468881528008,-0.11945581403824124,50,0
300,-0.14889277559453912,-0.13196863630167266,0.016924139292866458,-0.13545009794159424,50,0
320,-0.16448624638959136,-0.149227117414016,0.015259128975575353,-0.14548528566628838,50,0
340,-0.14572344496074646,-0.1319289574044306,0.013794487556315849,-0.15280516206104128,50,0
360,-0.14784567559143447,-0.13360570766245305,0.014239967928981412,-0.15780453261734878,50,0
380,-0.1559388923971165,-0.14321625094768353,0.01272264144943297,-0.16084658722270767,50,0
400,-0.16819332993348313,-0.15418361397204072,0.014009715961442404,-0.16283213297834775,50,0
420,-0.16247857814415723,-0.14384872656227976,0.018629851581877466,-0.16427876756268223,50,0
440,-0.19237681290634778,-0.16721290792447818,0.0251639049818696,-0.1652719841179765,50,0
460,-0.17913598973317718,-0.15830242445507758,0.020833565278099597,-0.16600135570556596,50,0
480,-0.1774204597129979,-0.15345027465658612,0.023970185056411797,-0.1665093497411969,50,0
500,-0.2181910894984671,-0.1871508626512023,0.031040226847264818,-0.16683071633314017,50,0
520,-0.2419143033735952,-0.20142130925357193,0.040492994120023273,-0.16626789226630168,50,0
540,-0.21438153177231267,-0.17921142946935176,0.035170102302960915,-0.1662536309460806,50,0
560,-0.19208859100304615,-0.1637131622867145,0.02837542871633164,-0.166368504286046,50,0
580,-0.17274150848030284,-0.15134384312445825,0.021397665355844586,-0.1668480760809697,50,0
600,-0.1727103135956597,-0.1508204016870212,0.021889911908638482,-0.1668139978885098,50,0
620,-0.16827061248905667,-0.14432636432663282,0.023944248162423853,-0.16661299918882477,50,0
640,-0.15760114569016992,-0.13843412339459527,0.019167022295574654,-0.1663397529948027,50,0
660,-0.15775096386431214,-0.13750706355589853,0.02024390030841361,-0.16621499101941994,50,0
680,-0.15067946587079023,-0.1325460645453193,0.01813340132547092,-0.16610568141450022,50,0
700,-0.15891306354436574,-0.1371782374645062,0.02173482607985955,-0.16613788157383752,50,0
720,-0.15685931098899086,-0.13596524144333966,0.020894069545651206,-0.16601147113760784,50,0
740,-0.18186520957992564,-0.14980444059082804,0.0320607689890976,-0.16575861252134355,50,0
760,-0.19741619819692235,-0.16148942023441504,0.03592677796250732,-0.1650075863380004,50,0
780,-0.15645267557434916,-0.12606077911709684,0.03039189645725232,-0.16431655851840454,50,0
800,-0.16529663330741595,-0.13554324038581467,0.029753392921601285,-0.16381613621603064,50,0
820,-0.1588492702738168,-0.1267551399496994,0.0320941303241174,-0.16311949168057882,50,0
840,-0.18088117851940766,-0.14318545489797152,0.03769572362143614,-0.16289367692435852,50,0
860,-0.17762043653245174,-0.14144270233362954,0.0361777341988222,-0.1624444529625152,50,0
880,-0.21114012352880301,-0.17204822245499068,0.03909190107381233,-0.16191424367077206,50,0
900,-0.2000999444307916,-0.1622493958999185,0.03785054853087311,-0.16184931080187026,50,0
920,-0.21097559827255646,-0.1725354554950183,0.038440142777538155,-0.16242189337497442,50,0
940,-0.23585976311062073,-0.1916084334643796,0.04425132964624112,-0.16254951268369255,50,0
960,-0.23033613340572456,-0.18704182370570843,0.04329430970001613,-0.16276808051017078,50,0
980,-0.19676680464318352,-0.15988859606970562,0.0368782085734779,-0.1637636333065311,50,0
1000,-0.19699431091756758,-0.15902394360247996,0.03797036731508763,-0.16423495488960171,50,0
1020,-0.17480970661988138,-0.14589518707151372,0.028914519548367656,-0.164933085731033,50,0
1040,-0.18953112238895148,-0.1552510119220662,0.03428011046688528,-0.16527921085725866,50,0
1060,-0.19698396613454638,-0.16278889754875592,0.03419506858579047,-0.16495946082030488,50,0
1080,-0.21326870438437806,-0.17522180637816698,0.03804689800621108,-0.16363906359650182,50,0
1100,-0.19962693379743401,-0.1612092893139937,0.038417644483440316,-0.16201930984911384,50,0
1120,-0.159281660682574,-0.12822934745086945,0.031052313231704542,-0.16212149549186983,50,0
1140,-0.17704465296680982,-0.14185225865318019,0.03519239431362964,-0.16207602686154754,50,0
1160,-0.16550358392386078,-0.1328026880444219,0.03270089587943886,-0.16222452931461295,50,0
1180,-0.1739230122549536,-0.14540112685770895,0.02852188539724465,-0.16243684368774464,50,0
1200,-0.1851816199936377,-0.15245918461320218,0.03272243538043551,-0.16214837316996533,50,0
1220,-0.17729156559964165,-0.14407856813754194,0.033212997462099714,-0.1618658421440755,50,0
1240,-0.18871657983512913,-0.15340525702321917,0.03531132281190996,-0.16205181468080299,50,0
1260,-0.19909234244450208,-0.15981864883372138,0.0392736936107807,-0.1626677046136134,50,0
1280,-0.23184469863095802,-0.1831260111099634,0.04871868752099462,-0.16227060290284756,50,0
1300,-0.21178274912703493,-0.16153010483393776,0.05025264429309717,-0.15918138701986734,50,0
1320,-0.21609454997539534,-0.16634130540744563,0.04975324456794972,-0.15809493016129972,50,0
1340,-0.19866650294514077,-0.1521468953489874,0.04651960759615337,-0.15666767967284367,50,0
1360,-0.15945012286024418,-0.12275786389722654,0.03669225896301764,-0.15650000841138012,50,0
1380,-0.14981218300203375,-0.11241695127918855,0.0373952317228452,-0.1574624311242096,50,0
1400,-0.15264706612427437,-0.1149892387499386,0.03765782737433576,-0.15760931961982294,50,0
1420,-0.19008763189234879,-0.1460389643299006,0.044048667562448185,-0.15817002193222818,50,0
1440,-0.1952154420722913,-0.15078787084142203,0.04442757123086927,-0.15775136405775464,50,0
1460,-0.20663689641046512,-0.1629813848314412,0.04365551157902392,-0.15784696336754522,50,0
1480,-0.22841318859761195,-0.17867774169985196,0.049735446897759994,-0.15723833816904598,50,0
1500,-0.22715842170797546,-0.18130940952567393,0.04584901218230153,-0.15758285669825595,50,0
1520,-0.1954989780256145,-0.15617150676115593,0.03932747126445857,-0.15760984320034682,50,0
1540,-0.2026524666031544,-0.15848979979040334,0.04416266681275105,-0.15730699143869242,50,0
1560,-0.173331954473173,-0.13553400907508023,0.03779794539809278,-0.15880654469623917,50,0
1580,-0.2140073209184961,-0.16966757297270135,0.04433974794579476,-0.15756901423621544,50,0
1600,-0.24393310418698655,-0.1914592653852516,0.05247383880173495,-0.15606583931213946,50,0
1620,-0.21937698405101524,-0.1642291521663889,0.05514783188462635,-0.15327993646885663,50,0
1640,-0.18691817675349043,-0.140440731139582,0.04647744561390843,-0.15361047387501314,50,0
1660,-0.23169770834171233,-0.18170974041713328,0.049987967924579046,-0.1558349174225141,50,0
1680,-0.2255259827423497,-0.17288812989231384,0.05263785285003586,-0.15565839396254677,50,0
1700,-0.20777525137278385,-0.15680563098401556,0.05096962038876829,-0.15168408562396873,50,0
1720,-0.2138247448833035,-0.16063062729628963,0.05319411758701387,-0.15134526333879528,50,0
1740,-0.17597670137715282,-0.12997264131726638,0.04600406005988644,-0.14869745195019068,50,0
1760,-0.18969538832094623,-0.1374623494656615,0.05223303885528474,-0.15162903834487595,50,0
1780,-0.17448331426367336,-0.12379337000150314,0.05068994426217022,-0.15241089422786935,50,0
1800,-0.16855134518352766,-0.12153564317784926,0.047015702005678395,-0.15437718766920328,50,0
1820,-0.20949542864761317,-0.15674589483086787,0.0527495338167453,-0.1545377353194458,50,0
1840,-0.23242411721054773,-0.1764148134060421,0.05600930380450564,-0.1549952101038487,50,0
1860,-0.2037819363232834,-0.15058505624677626,0.053196880076507136,-0.15126315168448917,50,0
1880,-0.18835929401903378,-0.13840112106102137,0.049958172958012415,-0.15101461077842,50,0
1900,-0.21747975277130793,-0.16321259820451672,0.05426715456679121,-0.15132037685435729,50,0
1920,-0.24096025014511124,-0.1843020966809239,0.056658153464187344,-0.15128404205426693,50,0
1940,-0.21970535475241448,-0.16628246868837593,0.053422886064038555,-0.15170602758258067,50,0
1960,-0.1852331919958895,-0.13706226969087043,0.04817092230501907,-0.1509265359108629,50,0
1980,-0.18118024522537746,-0.1317688358136977,0.04941140941167976,-0.15009341268730192,50,0
2000,-0.17816405486747916,-0.13318188283821725,0.04498217202926191,-0.14904409135050584,50,0
1,13.194793300709886,13.196595285963314,0.0018019852534276737,12.888019666277152,50,1
20,8.879282946491946,8.90395631185345,0.02467336536150455,8.725357754668455,50,1
40,5.825621835177252,5.862654669774797,0.037032834597545694,5.78779904165917,50,1
60,3.8524753618509426,3.889067249240558,0.03659188738961516,3.8565934066383964,50,1
80,2.6104715464267194,2.634910907040574,0.024439360613854433,2.5741972397838846,50,1
100,1.7023497992841903,1.7331684616170928,0.030818662332902536,1.7262198461218237,50,1
120,1.1175316177080863,1.1473831261328646,0.02985150842477835,1.160820649171195,50,1
140,0.7656203331070396,0.7849876973915891,0.01936736428454955,0.7732781903899419,50,1
160,0.5007941638344242,0.5180921632141179,0.017297999379693674,0.516161796352433,50,1
180,0.3221163496262693,0.3370479415182969,0.01493159189202764,0.3408426713038537,50,1
200,0.1961131373502058,0.20932954353306849,0.013216406182862683,0.2188890510362481,50,1
220,0.12031846888351634,0.12949624835567003,0.009177779472153688,0.1323459132061359,50,1
240,0.0805015029080912,0.08478141875526965,0.004279915847178448,0.07130815829323611,50,1
260,0.02870691423462693,0.03202067975440791,0.0033137655197809784,0.023601504778521826,50,1
280,-0.011543281873643424,-0.008968044747237308,0.002575237126406116,-0.011312021424597724,50,1
300,-0.03914307831566646,-0.03718931508634282,0.0019537632293236407,-0.03658119470000107,50,1
320,-0.05268107993572346,-0.05243610093063275,0.0002449790050907119,-0.05713913242793919,50,1
340,-0.07370342705205586,-0.07332070291581379,0.00038272413624207413,-0.07338203314778373,50,1
360,-0.08531435054406511,-0.085174216868865,0.00014013367520010478,-0.08492991965589577,50,1
380,-0.09433168650346221,-0.09447294562866287,-0.00014125912520066009,-0.09505083051967042,50,1
400,-0.10417387331710355,-0.10417770902290206,-3.835705798510558e-06,-0.10346045958234092,50,1
420,-0.10974239628385388,-0.10989345513212878,-0.00015105884827490423,-0.11073496800435831,50,1
440,-0.11833756029700722,-0.11807586570919161,0.0002616945878156085,-0.11744574771258524,50,1
460,-0.12155838847084573,-0.12158900894714576,-3.062047630003617e-05,-0.1231730001396658,50,1
480,-0.12407542555649295,-0.12396733681776764,0.00010808873872530933,-0.12797139258275894,50,1
500,-0.12592091079758572,-0.12558193972800102,0.0003389710695846926,-0.13263001788296913,50,1
520,-0.1329571000075653,-0.13193216934193405,0.0010249306656312518,-0.13627893748662004,50,1
540,-0.14590027856637205,-0.1429626717208483,0.0029376068455237436,-0.13986036815852165,50,1
560,-0.1479252701408078,-0.14451323454188963,0.0034120355989181728,-0.14315698810604632,50,1
580,-0.14532571584618229,-0.14258481203747767,0.00274090380870462,-0.14620245673848772,50,1
600,-0.1487460998392761,-0.14543343085669008,0.003312668982586031,-0.14851198682970052,50,1
620,-0.14735849978291046,-0.1438215871116064,0.003536912671304071,-0.15077497037962626,50,1
640,-0.1465406799803769,-0.14304784077199145,0.0034928392083854454,-0.1527618277505659,50,1
660,-0.1341135052380929,-0.13161580824959251,0.0024976969885003864,-0.1541306690705342,50,1
680,-0.14360756814644743,-0.13942982341074334,0.004177744735704092,-0.1555076390997095,50,1
700,-0.16973258156712526,-0.16252611896097327,0.0072064626061519865,-0.15757931373682124,50,1
720,-0.18843611626913848,-0.17765851761781226,0.010777598651326215,-0.16019403456725362,50,1
740,-0.16466232991849022,-0.1560649958674204,0.008597334051069827,-0.16117163457606026,50,1
760,-0.1571214293951947,-0.14875733028240778,0.008364099112786905,-0.1624899336011093,50,1
780,-0.1724070846605569,-0.1622238435260904,0.010183241134466503,-0.16310214327282754,50,1
800,-0.16996523892275212,-0.15819311567513067,0.011772123247621447,-0.1642950737841649,50,1
820,-0.16249616981800102,-0.15180326428004326,0.010692905537957764,-0.16478944067407159,50,1
840,-0.18339870997173965,-0.16932143970342636,0.014077270268313291,-0.16548558113879977,50,1
860,-0.15213612354182213,-0.14177322803381734,0.010362895508004788,-0.16555614698145513,50,1
880,-0.17278297846827462,-0.15977719444874539,0.013005784019529232,-0.16584116863451892,50,1
900,-0.15692286187956228,-0.14550484541489117,0.01141801646467111,-0.16592907678608587,50,1
920,-0.1888873467364405,-0.1726305675796486,0.016256779156791912,-0.16647963972012295,50,1
940,-0.15601004412178465,-0.1435560746552173,0.01245396946656735,-0.16663203669524268,50,1
960,-0.15019840164110476,-0.1374673309673901,0.01273107067371465,-0.16672799091894214,50,1
980,-0.16681611445216682,-0.15178695952866778,0.015029154923499044,-0.16677287528849077,50,1
1000,-0.16039802635622125,-0.14526443356752583,0.015133592788695416,-0.1668955445663276,50,1
1020,-0.13979235893201863,-0.1274942452769367,0.012298113655081933,-0.1667850879521396,50,1
1040,-0.1422543173378547,-0.1284572986367084,0.013797018701146302,-0.16685075202075073,50,1
1060,-0.1728291653280115,-0.15483364910530706,0.017995516222704455,-0.16667335911712244,50,1
1080,-0.1831910737737097,-0.16384320410423725,0.01934786966947244,-0.16648906902329696,50,1
1100,-0.1786754690605079,-0.16150886350519256,0.01716660555531535,-0.1666316984033791,50,1
1120,-0.18352827900304736,-0.16532197424481354,0.018206304758233816,-0.1666413672886604,50,1
1140,-0.19335781228952198,-0.17260075283756404,0.020757059451957938,-0.16671738856245522,50,1
1160,-0.2120330921230359,-0.18684484922245387,0.025188242900582025,-0.16632092183700387,50,1
1180,-0.19843046931506858,-0.17384234044288194,0.024588128872186643,-0.16638051221993216,50,1
1200,-0.21021386392029173,-0.1846565752819399,0.025557288638351827,-0.1663904953963058,50,1
1220,-0.2048664185216601,-0.1783839466236551,0.02648247189800501,-0.16517950666046632,50,1
1240,-0.1752555555129059,-0.15301920667776941,0.022236348835136477,-0.16452207445836103,50,1
1260,-0.1682288860605889,-0.1452818851581385,0.022947000902450387,-0.16377874718869184,50,1
1280,-0.14638258980138447,-0.12664414260423484,0.019738447197149622,-0.16391631376870652,50,1
1300,-0.16846455492346907,-0.14598618261705615,0.02247837230641292,-0.16450211695302402,50,1
1320,-0.1626066083829334,-0.13940833145855613,0.02319827692437726,-0.16466277143833902,50,1
1340,-0.1906924266227028,-0.16542726541205666,0.025265161210646148,-0.1648169844000587,50,1
1360,-0.18219816544199963,-0.15812374810663365,0.024074417335365972,-0.16510768033459478,50,1
1380,-0.21234133470076466,-0.18358148732321367,0.028759847377550996,-0.16476470034238083,50,1
1400,-0.21744604309309368,-0.18937641728413734,0.028069625808956333,-0.1649215151834329,50,1
1420,-0.23733782095279188,-0.20710597113620877,0.030231849816583112,-0.16523224773161904,50,1
1440,-0.2169004727349142,-0.18871775460512907,0.028182718129785123,-0.16422871610655854,50,1
1460,-0.2179539949795682,-0.18905493150327585,0.02889906347629234,-0.16318009026387265,50,1
1480,-0.18150571577458807,-0.1542157267440103,0.027289989030577777,-0.16032765971229324,50,1
1500,-0.18788452825879925,-0.15979319088654248,0.028091337372256775,-0.16036484912434396,50,1
1520,-0.20518959916949336,-0.1731241845822316,0.032065414587261754,-0.15819262423032782,50,1
1540,-0.19815760500797136,-0.16713136575542203,0.031026239252549326,-0.15773354207087814,50,1
1560,-0.18058813727334622,-0.1498303148931006,0.030757822380245603,-0.15724670792648798,50,1
1580,-0.20909494226261033,-0.17422367986278792,0.03487126239982241,-0.15718487957698385,50,1
1600,-0.22098618127583025,-0.18366558116095932,0.03732060011487093,-0.15629797514131905,50,1
1620,-0.19801336471079112,-0.16265318050623767,0.035360184204553446,-0.15600209137469256,50,1
1640,-0.21014796501354416,-0.17147239258482816,0.038675572428716,-0.15314404181243746,50,1
1660,-0.20110592959874612,-0.16324678915813445,0.03785914044061167,-0.15321490320915926,50,1
1680,-0.20357387491640455,-0.16507128110600777,0.03850259381039678,-0.15143086570440012,50,1
1700,-0.21610323134578413,-0.17715955723633503,0.0389436741094491,-0.1528943799097986,50,1
1720,-0.18809200390101616,-0.15439584774699683,0.03369615615401933,-0.15564845703245117,50,1
1740,-0.16799546341948024,-0.1373934066013569,0.030602056818123335,-0.1574313835330805,50,1
1760,-0.20683756892136568,-0.1704187891686924,0.03641877975267327,-0.1574194013567522,50,1
1780,-0.16349325334779702,-0.1346720036038686,0.028821249743928412,-0.15828791818085525,50,1
1800,-0.16705474372966522,-0.13864362871375835,0.028411115015906874,-0.16053387489528326,50,1
1820,-0.2183215798646158,-0.18561327863309302,0.032708301231522796,-0.1618533832049464,50,1
1840,-0.18235153711117824,-0.15586784528031106,0.026483691830867184,-0.16153006434802064,50,1
1860,-0.2005272995223954,-0.17082951131767626,0.029697788204719133,-0.16071201674462848,50,1
1880,-0.20941941324367175,-0.17733736934222044,0.03208204390145131,-0.16212693403320233,50,1
1900,-0.17774127766620368,-0.15034867944792202,0.02739259821828166,-0.16204970623647236,50,1
1920,-0.18305244097442752,-0.15447561112046626,0.02857682985396126,-0.1611451690843858,50,1
1940,-0.16965768672064663,-0.14345852031445394,0.026199166406192687,-0.16129413713872276,50,1
1960,-0.16335346405763695,-0.13747219704779623,0.025881267009840725,-0.1613442535979307,50,1
1980,-0.19161191990031906,-0.1615479823857207,0.03006393751459835,-0.1606482743308177,50,1
2000,-0.19407706770896332,-0.16310143981668218,0.030975627892281143,-0.15879794581824563,50,1
1,12.189558910231598,12.192661562709864,0.0031026524782653553,12.383703846018669,50,2
20,8.296339092511472,8.308899694794727,0.012560602283254951,8.385116381300733,50,2
40,5.444113471266869,5.455444638694603,0.011331167427734101,5.503080779993429,50,2
60,3.540647039526432,3.5478660013486163,0.007218961822184511,3.558785885123359,50,2
80,2.3223201080605467,2.327582772467452,0.005262664406905149,2.2799772014262083,50,2
100,1.4943768758974283,1.499022108276719,0.004645232379290709,1.435714767156005,50,2
120,0.9216862891741273,0.9233745195284224,0.001688230354295106,0.8704476861587114,50,2
140,0.5445743654179066,0.5406897661954576,-0.0038845992224489923,0.5101044485732973,50,2
160,0.3242795979706192,0.3217643494082359,-0.002515248562383332,0.2734057047796246,50,2
180,0.13395135278935505,0.12827761724044484,-0.005673735548910208,0.12066298302441103,50,2
200,0.03787425694788682,0.03151360405304959,-0.0063606528948372265,0.020416590415887947,50,2
220,-0.02247429850496896,-0.029783969379060526,-0.007309670874091567,-0.0416238005140801,50,2
240,-0.06261827572494089,-0.0705115705067626,-0.007893294781821714,-0.08304551173552821,50,2
260,-0.12424955216845562,-0.13261493790747553,-0.008365385739019904,-0.11250445595836006,50,2
280,-0.1404064817447337,-0.14797492381999044,-0.007568442075256754,-0.1305247984326911,50,2
300,-0.15186625368280454,-0.15864471851573153,-0.006778464832926989,-0.14263620297783597,50,2
320,-0.14586390706840535,-0.15021152092721368,-0.00434761385880833,-0.15107580619154182,50,2
340,-0.17905161652815837,-0.18633819382857153,-0.007286577300413155,-0.15648364105949208,50,2
360,-0.17256096639612623,-0.1807569119591143,-0.008195945562988083,-0.16003084282225288,50,2
380,-0.17287563999488348,-0.18014677390970263,-0.00727113391481915,-0.16213522633652727,50,2
400,-0.1633894279581003,-0.17027111148632823,-0.006881683528227933,-0.16368514550228452,50,2
420,-0.18165117411155163,-0.190774457554519,-0.009123283442967367,-0.16487043542653007,50,2
440,-0.18662421784315303,-0.19430919285744652,-0.007684975014293494,-0.16478743520304662,50,2
460,-0.17770844858004908,-0.18549616087996662,-0.0077877122999175374,-0.16588681199909228,50,2
480,-0.14882865074773144,-0.15444310053223487,-0.005614449784503428,-0.1662466229548618,50,2
500,-0.16028415894747677,-0.16604246259652922,-0.005758303649052443,-0.1663424344541935,50,2
520,-0.13937739286014417,-0.1444535647476422,-0.005076171887498038,-0.16635757816437996,50,2
540,-0.13277730765199142,-0.136964022661826,-0.004186715009834585,-0.16652044763100304,50,2
560,-0.1454677786444618,-0.14966197282624866,-0.004194194181786848,-0.16633802309201645,50,2
580,-0.16478075630704153,-0.16905443037759876,-0.004273674070557232,-0.1658996897721809,50,2
600,-0.1660522901353369,-0.17103468173737973,-0.004982391602042835,-0.16576171105622445,50,2
620,-0.16657818725213897,-0.17182651414705924,-0.005248326894920274,-0.16594183734872847,50,2
640,-0.16614693190971064,-0.17340183186951136,-0.00725489995980072,-0.16625471705193473,50,2
660,-0.16647888983514636,-0.17146741292361867,-0.0049885230884723075,-0.16640545990948125,50,2
680,-0.1647190301136876,-0.16965597372164265,-0.004936943607955047,-0.16646024020047073,50,2
700,-0.16608869305337925,-0.17071577845124664,-0.004627085397867381,-0.1666190964403591,50,2
720,-0.16894871513051957,-0.17406768709546927,-0.005118971964949703,-0.16668535427794262,50,2
740,-0.1987291348206563,-0.20579824677717123,-0.00706911195651494,-0.16660530638508497,50,2
760,-0.18318649209062393,-0.1894834398495645,-0.006296947758940574,-0.16653813149707886,50,2
780,-0.17128055712709034,-0.17728450143473118,-0.0060039443076408405,-0.16637565696255274,50,2
800,-0.1591371224367999,-0.16417393904786048,-0.0050368166110605905,-0.16643210324772312,50,2
820,-0.16580110505699142,-0.1720912573153091,-0.006290152258317694,-0.16653699020257035,50,2
840,-0.16208367343702507,-0.16629193860884478,-0.004208265171819714,-0.1664725818230312,50,2
860,-0.1739630352663355,-0.17942198013397448,-0.005458944867638982,-0.16655502516567694,50,2
880,-0.1624897285388277,-0.1664651790656022,-0.003975450526774504,-0.1666038865400491,50,2
900,-0.15601270124160588,-0.15996752089826233,-0.00395481965665645,-0.16656995476264913,50,2
920,-0.14850670056504972,-0.15142782505220537,-0.0029211244871556463,-0.1663231709490816,50,2
940,-0.15742529911564457,-0.16228269288637337,-0.004857393770728802,-0.16612318422186234,50,2
960,-0.15957683456275135,-0.16526110999446758,-0.005684275431716235,-0.16612694530713928,50,2
980,-0.15819869099913847,-0.16443757700143902,-0.006238886002300548,-0.16603083005566555,50,2
1000,-0.1291455192092768,-0.1340472389160588,-0.004901719706781993,-0.16591209457899048,50,2
1020,-0.1509735309391977,-0.1555574802970378,-0.0045839493578401225,-0.16568501916009148,50,2
1040,-0.15420387660887652,-0.1585090127479865,-0.0043051361391099885,-0.1651465665518727,50,2
1060,-0.12923509781774067,-0.13363403024985282,-0.004398932432112146,-0.1655123721905995,50,2
1080,-0.13954723892117515,-0.14306069519990117,-0.0035134562787260126,-0.16596671266904495,50,2
1100,-0.1507605493412552,-0.15480128536261561,-0.004040736021360403,-0.166225126757776,50,2
1120,-0.1413865263728155,-0.14552312829771002,-0.004136601924894512,-0.1664218136065142,50,2
1140,-0.1545020439543634,-0.15877815972407716,-0.004276115769713762,-0.1664792387625253,50,2
1160,-0.1666382058120809,-0.1715036156211085,-0.00486540980902761,-0.16646619976581545,50,2
1180,-0.1618500795218415,-0.16631897844884252,-0.00446889892700103,-0.1663701068315529,50,2
1200,-0.16525577653848467,-0.16976796543789302,-0.004512188899408354,-0.1661286895090911,50,2
1220,-0.15989123978762212,-0.16396370713445593,-0.004072467346833808,-0.16614747932383014,50,2
1240,-0.16608627520745883,-0.16872375453298566,-0.002637479325526826,-0.16567428810411972,50,2
1260,-0.17281668780338327,-0.1768022622221257,-0.003985574418742421,-0.16521419051611175,50,2
1280,-0.15640321581209207,-0.16061204696269235,-0.0042088311506002785,-0.16487353255423584,50,2
1300,-0.14444588931664692,-0.14830535570339226,-0.003859466386745336,-0.164974431875211,50,2
1320,-0.14677516940895752,-0.15096074979048424,-0.004185580381526721,-0.16448464503367027,50,2
1340,-0.14570142302436723,-0.1475799165644075,-0.0018784935400402714,-0.16417089811969254,50,2
1360,-0.16076775926661932,-0.16433525838820154,-0.0035674991215822183,-0.1641488099418936,50,2
1380,-0.16347028341189218,-0.16704407409970345,-0.0035737906878112735,-0.16397996090642986,50,2
1400,-0.16510367180914637,-0.16922607801409878,-0.004122406204952411,-0.16427025675446566,50,2
1420,-0.15583128151866693,-0.16006556602879718,-0.004234284510130248,-0.1645481612120781,50,2
1440,-0.14549251234364136,-0.14878520125258282,-0.0032926889089414657,-0.1646789279737444,50,2
1460,-0.1378702220944487,-0.140802070427685,-0.0029318483332362866,-0.1649615968987767,50,2
1480,-0.1597203679493698,-0.16448608517824118,-0.004765717228871369,-0.16493702099109467,50,2
1500,-0.15836613443947983,-0.163129493219621,-0.004763358780141169,-0.16531929898564346,50,2
1520,-0.15828565830107766,-0.16262821975204922,-0.00434256145097156,-0.16502380319503357,50,2
1540,-0.16968362805382564,-0.1742559988584379,-0.004572370804612258,-0.16514847080041062,50,2
1560,-0.1582069188532354,-0.1629370304556581,-0.004730111602422704,-0.165621762330454,50,2
1580,-0.1640173921338949,-0.16872313273070152,-0.004705740596806618,-0.165855841385844,50,2
1600,-0.16043517762837836,-0.16537404172323902,-0.004938864094860662,-0.16590785312057435,50,2
1620,-0.15076172362415302,-0.15402630810604723,-0.003264584481894206,-0.16546543388966994,50,2
1640,-0.1660741161692026,-0.17186967121287772,-0.005795555043675127,-0.16542163246543545,50,2
1660,-0.16100629024073734,-0.16505520927674774,-0.004048919036010401,-0.1654576755000162,50,2
1680,-0.15986376560889637,-0.1643505465872821,-0.004486780978385729,-0.16484993698294081,50,2
1700,-0.16029373828822424,-0.16377969741532666,-0.0034859591271024226,-0.16481883861200552,50,2
1720,-0.15773473471051586,-0.1616120802085031,-0.003877345497987239,-0.16438905029462808,50,2
1740,-0.17574917451032315,-0.1789140081224537,-0.0031648336121305465,-0.16398818827731212,50,2
1760,-0.17625043151816325,-0.17986982091584705,-0.003619389397683803,-0.16384465543445123,50,2
1780,-0.17713691188443503,-0.18172081569742105,-0.004583903812986012,-0.16351185368401444,50,2
1800,-0.16434185300841625,-0.1681766725988479,-0.0038348195904316373,-0.1629544053414962,50,2
1820,-0.17013455511815084,-0.17369374673377885,-0.00355919161562801,-0.16248415694147467,50,2
1840,-0.17087036708103862,-0.1758061470368709,-0.004935779955832276,-0.1623501726319239,50,2
1860,-0.16709261411356527,-0.17105626634686413,-0.003963652233298864,-0.1623408714899163,50,2
1880,-0.17081146344966175,-0.17503161463468025,-0.004220151185018506,-0.1629853644206689,50,2
1900,-0.1755645114098726,-0.18004185966105443,-0.004477348251181845,-0.16388096921626735,50,2
1920,-0.16224769726011887,-0.16706538149573644,-0.00481768423561757,-0.16460853481762347,50,2
1940,-0.14355840439621026,-0.14779610732547582,-0.004237702929265563,-0.1647324936566208,50,2
1960,-0.13768882231771526,-0.14136271790753854,-0.003673895589823284,-0.1644762510446827,50,2
1980,-0.15551297587713864,-0.15889319661707502,-0.0033802207399363793,-0.16437924568404344,50,2
2000,-0.14722663769910588,-0.15063037866987367,-0.003403740970767788,-0.16467621889973377,50,2
1,12.6673321104653,12.671030881689612,0.0036987712243128357,13.135052239721624,50,3
20,8.70751722143458,8.738291903677034,0.03077468224245372,8.903265915810282,50,3
40,5.771701539302398,5.795341103893109,0.02363956459071126,5.840386355032106,50,3
60,3.8216229053875925,3.841374498445053,0.019751593057460326,3.785986085072955,50,3
80,2.51772403474981,2.5294820020365223,0.0117579672867123,2.4056715872913297,50,3
100,1.5921722110554124,1.5987708461086232,0.0065986350532107885,1.5065257862991637,50,3
120,0.9978399954782297,1.0010091847312728,0.003169189253043103,0.9411494805564163,50,3
140,0.5968644091770015,0.5989264375347754,0.002062028357773915,0.5778372974836161,50,3
160,0.34307959567703156,0.34452875794890103,0.0014491622718694752,0.3422901871694812,50,3
180,0.20043476754458875,0.20108922535103937,0.0006544578064506257,0.18623497112010493,50,3
200,0.09300461779077171,0.09331710420622646,0.00031248641545475464,0.08381313841752319,50,3
220,0.017159980182956724,0.01758954402185703,0.00042956383890030425,0.015238871048913527,50,3
240,-0.04035684267423684,-0.03997384998306486,0.0003829926911719794,-0.03277649686780326,50,3
260,-0.07651373249511559,-0.07792364662552201,-0.00140991413040642,-0.06685781879360655,50,3
280,-0.09972822914644519,-0.10269803657559023,-0.002969807429145044,-0.09106682215678913,50,3
300,-0.11405786495089254,-0.11697516311597833,-0.002917298165085791,-0.10753346506730532,50,3
320,-0.12167764464097,-0.12356383451745015,-0.0018861898764801488,-0.11903284149774482,50,3
340,-0.10951432855192786,-0.11365157004981882,-0.004137241497890964,-0.1279228060805416,50,3
360,-0.12612352701796486,-0.1289926322061667,-0.002869105188201826,-0.13515563568094657,50,3
380,-0.13186357371535556,-0.13538502424277216,-0.003521450527416592,-0.1397655977593339,50,3
400,-0.14785306421893799,-0.15273766699903593,-0.004884602780097946,-0.1430413275967952,50,3
420,-0.14794581018777003,-0.15377893063666032,-0.005833120448890283,-0.14673860290352025,50,3
440,-0.13570407983245236,-0.1401330629478063,-0.004428983115353946,-0.14918903265408295,50,3
460,-0.13232067921375587,-0.1369879325095875,-0.004667253295831619,-0.1506123415710178,50,3
480,-0.1297909524126138,-0.13378683569393696,-0.003995883281323165,-0.15189681907564861,50,3
500,-0.13217798342979278,-0.13564533612334376,-0.0034673526935509735,-0.15324187247547397,50,3
520,-0.14647882512597937,-0.1534125880706873,-0.006933762944707933,-0.15476911945362637,50,3
540,-0.13701339433116422,-0.14105664575054488,-0.004043251419380667,-0.1556797858989375,50,3
560,-0.12824012473865126,-0.13075240636189395,-0.0025122816232426848,-0.1554768025405423,50,3
580,-0.12173886219732066,-0.12633744208227082,-0.00459857988495016,-0.15538381545073632,50,3
600,-0.1556157893463767,-0.1649700926061874,-0.009354303259810681,-0.1559006090144085,50,3
620,-0.14931642208275106,-0.1578132372525389,-0.008496815169787841,-0.15732103111569692,50,3
640,-0.14570548344596496,-0.1533917768007984,-0.007686293354833451,-0.15792578785120764,50,3
660,-0.15361675429696123,-0.1635392267224717,-0.009922472425510476,-0.15851600110034994,50,3
680,-0.17454399025513626,-0.18889352109534638,-0.014349530840210123,-0.15840179878031443,50,3
700,-0.15323989541571914,-0.16486605261763443,-0.011626157201915288,-0.16015747651911572,50,3
720,-0.15355802943104901,-0.1655741695483509,-0.012016140117301899,-0.16058657674351906,50,3
740,-0.13413871234566402,-0.144363218436476,-0.010224506090811991,-0.16120715797445698,50,3
760,-0.1269918497763387,-0.13609447504757066,-0.009102625271231957,-0.1613794854380306,50,3
780,-0.13418439793469797,-0.14241472315991424,-0.008230325225216273,-0.16119621723365454,50,3
800,-0.13947365029653902,-0.14792086699451668,-0.008447216697977655,-0.16146119644258028,50,3
820,-0.1389640883032376,-0.1518327803653945,-0.012868692062156906,-0.16108813552222434,50,3
840,-0.13615424032868712,-0.14614783390934522,-0.0099935935806581,-0.16042909902586394,50,3
860,-0.12530289512302675,-0.13164489853531217,-0.006342003412285413,-0.15974894276296617,50,3
880,-0.14508895520023174,-0.15464757535210927,-0.009558620151877528,-0.15991016520166912,50,3
900,-0.15171396917750002,-0.16384878107260104,-0.012134811895101016,-0.16041338968948754,50,3
920,-0.14667795959981217,-0.1580058694167839,-0.011327909816971737,-0.15987621710898853,50,3
940,-0.14712726651152438,-0.15748875515554575,-0.010361488644021366,-0.1599053036207659,50,3
960,-0.1586731118418454,-0.16938007008736516,-0.01070695824551976,-0.1603796475084464,50,3
980,-0.15139262884288998,-0.16311776229954197,-0.011725133456651993,-0.16107971097668164,50,3
1000,-0.14230427348635255,-0.15102192973525425,-0.008717656248901695,-0.16124032307365654,50,3
1020,-0.14844451548105914,-0.16311539415576576,-0.014670878674706622,-0.16053114023292764,50,3
1040,-0.14196800926038838,-0.1525892378966947,-0.010621228636306324,-0.16115696667562374,50,3
1060,-0.14094653063888773,-0.14992398011218655,-0.008977449473298815,-0.16083578637281626,50,3
1080,-0.13863880145072727,-0.14766720120415683,-0.009028399753429561,-0.1607748150532774,50,3
1100,-0.14611081339318285,-0.15673882951446985,-0.010628016121286998,-0.1609224242275016,50,3
1120,-0.14440875818480692,-0.15473578596683468,-0.010327027782027765,-0.1609845219464785,50,3
1140,-0.14615689257706166,-0.15696443190200976,-0.010807539324948101,-0.16102297189062087,50,3
1160,-0.15381623694219942,-0.16656543326258588,-0.012749196320386458,-0.16127432726457575,50,3
1180,-0.15307215897156592,-0.16499275311380027,-0.011920594142234342,-0.1615459016902945,50,3
1200,-0.13973714523613118,-0.15167750702232258,-0.0119403617861914,-0.16126424686384083,50,3
1220,-0.15222732166000458,-0.16708708195684663,-0.01485976029684205,-0.1613220574155903,50,3
1240,-0.16048759498818446,-0.17401782077672265,-0.013530225788538186,-0.16091225994380035,50,3
1260,-0.16261292852733084,-0.1762372598816747,-0.013624331354343877,-0.16150676752542992,50,3
1280,-0.1486625460908137,-0.1598269139773113,-0.011164367886497606,-0.1621748866231401,50,3
1300,-0.13935219404655239,-0.14816211535953858,-0.00880992131298619,-0.16185268875877037,50,3
1320,-0.1435742234664846,-0.1533257165934643,-0.009751493126979704,-0.1619533382020424,50,3
1340,-0.1440628570499964,-0.15545028619881765,-0.011387429148821238,-0.16198696153390826,50,3
1360,-0.1528333394327977,-0.1656230401164155,-0.012789700683617788,-0.16163877858971776,50,3
1380,-0.15052636662093902,-0.163532684623354,-0.013006318002414974,-0.16146375170130103,50,3
1400,-0.14188610328428522,-0.1508402007444087,-0.008954097460123489,-0.1609659765630759,50,3
1420,-0.14952380175982405,-0.16175270238004186,-0.012228900620217809,-0.16061765839175074,50,3
1440,-0.14617081317474093,-0.15713443885975545,-0.010963625685014522,-0.16056141517205538,50,3
1460,-0.14332690698134026,-0.15387300873286125,-0.010546101751520987,-0.16116838482647222,50,3
1480,-0.14424327174716,-0.15218577124412397,-0.007942499496963962,-0.16139878296792204,50,3
1500,-0.14749303673197567,-0.1593774600853342,-0.011884423353358542,-0.16169018161546606,50,3
1520,-0.14562419342240995,-0.15615207414224058,-0.010527880719830629,-0.162001527203412,50,3
1540,-0.13145220168293176,-0.14034309035958464,-0.008890888676652886,-0.16128134043519327,50,3
1560,-0.13643346304236534,-0.14311180876446603,-0.006678345722100687,-0.1611690907690895,50,3
1580,-0.13631837937680555,-0.14347512894944367,-0.007156749572638121,-0.160939529554235,50,3
1600,-0.1503115853763156,-0.1586706862426602,-0.008359100866344615,-0.1615308838216503,50,3
1620,-0.16067044942337746,-0.1747176884782395,-0.014047239054862048,-0.16184934725291963,50,3
1640,-0.14638061888174003,-0.15581956789435275,-0.009438949012612718,-0.16237659693769824,50,3
1660,-0.13930875595619374,-0.14939644637450222,-0.010087690418308481,-0.1623290939160908,50,3
1680,-0.15408565867274426,-0.16720428514818697,-0.013118626475442707,-0.16221396401599442,50,3
1700,-0.15935107026073858,-0.1718444929312069,-0.012493422670468324,-0.16226151702047803,50,3
1720,-0.14327074869707762,-0.15325222556839546,-0.00998147687131784,-0.16213117411179223,50,3
1740,-0.14053505434389962,-0.14782141989612863,-0.007286365552229002,-0.16224447215344434,50,3
1760,-0.152609010491503,-0.16351486813994115,-0.010905857648438155,-0.16225851049948709,50,3
1780,-0.16529564835767935,-0.17983601087893986,-0.014540362521260508,-0.16247749835289238,50,3
1800,-0.15909467340668043,-0.1738435937935443,-0.014748920386863873,-0.16225919532568012,50,3
1820,-0.1526483872636275,-0.16488116588760648,-0.01223277862397898,-0.16226851920604596,50,3
1840,-0.14363408779272452,-0.154372099724852,-0.010738011932127478,-0.1620431663292196,50,3
1860,-0.14753558721873483,-0.15975663436042797,-0.012221047141693142,-0.16130987608243008,50,3
1880,-0.14416187229623695,-0.1544269658139641,-0.010265093517727142,-0.16120866408400286,50,3
1900,-0.1634465655135541,-0.17709200380597837,-0.013645438292424261,-0.16200348413294355,50,3
1920,-0.15256652671421314,-0.16394223361710433,-0.011375706902891192,-0.16302151888273134,50,3
1940,-0.1561820970238723,-0.16960547191826814,-0.013423374894395823,-0.16273936798845057,50,3
1960,-0.1502973587651773,-0.16202507822160128,-0.01172771945642398,-0.1622714946817479,50,3
1980,-0.15613181657392342,-0.16850787577917672,-0.01237605920525331,-0.162037610423116,50,3
2000,-0.146144850204953,-0.15378891922087112,-0.007644069015918131,-0.16191342795557473,50,3
1,11.822918085513857,11.822552242077634,-0.0003658434362225904,11.496831172773902,50,4
20,7.925219327654316,7.917031139972124,-0.008188187682192094,7.803396821558248,50,4
40,5.253692828783939,5.238019602332929,-0.015673226451010436,5.1927741728595045,50,4
60,3.4596797210725576,3.4533936716216065,-0.0062860494509511256,3.4570262857414975,50,4
80,2.287700486938156,2.2898177371667483,0.0021172502285922157,2.3062437462337133,50,4
100,1.5294349720446965,1.5360810517614123,0.006646079716715825,1.5383156472099455,50,4
120,1.0459051548831033,1.0497341464474135,0.003828991564310158,1.036908260643023,50,4
140,0.6690797463746467,0.6807278335347493,0.011648087160102572,0.6944595009648966,50,4
160,0.4384976975454424,0.4501981800629099,0.011700482517467525,0.45874334081299833,50,4
180,0.2792698529988977,0.2894091122464287,0.010139259247530952,0.29675791521824924,50,4
200,0.18127066229189198,0.18884799171761624,0.007577329425724255,0.1871124305824639,50,4
220,0.09735020692537222,0.10533735642216702,0.007987149496794799,0.11282463631210976,50,4
240,0.03108701278066306,0.04034743493497356,0.0092604221543105,0.06006637890492483,50,4
260,-0.010997619455512753,-0.0018230831938497172,0.009174536261663035,0.02033316058934881,50,4
280,-0.01250930707375325,-0.0063658735297453806,0.00614343354400787,-0.00850002124538013,50,4
300,-0.030542759337117892,-0.02601973329386073,0.004523026043257161,-0.02950902035741554,50,4
320,-0.05223996098615258,-0.048140248040230926,0.004099712945921652,-0.04689408515894544,50,4
340,-0.07442394249575895,-0.0679893698325908,0.006434572663168159,-0.056704650555117614,50,4
360,-0.08243020268684972,-0.07552148585145582,0.006908716835393902,-0.0639060538137882,50,4
380,-0.07618025938781639,-0.0718495543650271,0.0043307050227892885,-0.07334588438580808,50,4
400,-0.09034895174452201,-0.08577835599191413,0.0045705957526078755,-0.08213310883886424,50,4
420,-0.08552762929436467,-0.0831273193320479,0.002400309962316771,-0.08885866949069957,50,4
440,-0.09174571094876549,-0.08932253250032507,0.0024231784484404217,-0.09554153330691664,50,4
460,-0.1085632831360106,-0.10554147136598221,0.0030218117700283875,-0.10030528539456096,50,4
480,-0.11013161368483715,-0.10746593317381495,0.0026656805110222004,-0.10579456239816815,50,4
500,-0.1172547428922795,-0.11518438536106596,0.0020703575312135403,-0.11037743673492298,50,4
520,-0.12989929430972808,-0.12879861810785026,0.001100676201877815,-0.11532591522379898,50,4
540,-0.1299311653243803,-0.1296734209690086,0.0002577443553716807,-0.11938260335149434,50,4
560,-0.12403745268709043,-0.12448393753261777,-0.0004464848455273396,-0.12428511021374433,50,4
580,-0.13241871312200879,-0.13274367749105395,-0.00032496436904516646,-0.12825544698751348,50,4
600,-0.1264334637118576,-0.12728153366862716,-0.0008480699567695593,-0.1301928686329219,50,4
620,-0.1301896497283237,-0.1312584440452037,-0.0010687943168800063,-0.13330853772586337,50,4
640,-0.1344684551641286,-0.13617858538519556,-0.0017101302210669744,-0.13621582817688294,50,4
660,-0.14188928495328468,-0.14426803896025298,-0.0023787540069682978,-0.13934648220539292,50,4
680,-0.12204418923483745,-0.12259946278840067,-0.0005552735535632181,-0.14118705463769837,50,4
700,-0.1331580692545381,-0.13452399774108437,-0.001365928486546264,-0.14271618704782552,50,4
720,-0.1411571246497724,-0.14320734180952824,-0.0020502171597558405,-0.14553024626817354,50,4
740,-0.13545671201853327,-0.1368916788364557,-0.001434966817922434,-0.147793762777633,50,4
760,-0.1292041402071194,-0.13066239481972236,-0.0014582546126029605,-0.1492049315061189,50,4
780,-0.1343993977482374,-0.13674348448370338,-0.002344086735465989,-0.1499501137492274,50,4
800,-0.14079878609850327,-0.14378914468987514,-0.0029903585913718667,-0.1502971608016369,50,4
820,-0.1503939925357463,-0.15433638523835785,-0.003942392702611541,-0.15083445476487384,50,4
840,-0.142902226457924,-0.14516704734472335,-0.002264820886799357,-0.15135270824591862,50,4
860,-0.14938922917361347,-0.15270806807507908,-0.003318838901465615,-0.15244573448797938,50,4
880,-0.1477233659786474,-0.15088935570459203,-0.003165989725944618,-0.1534794771767994,50,4
900,-0.14010288592465145,-0.14209493721103375,-0.0019920512863823014,-0.15517162318567904,50,4
920,-0.1511342951554765,-0.15395870485148966,-0.0028244096960131637,-0.1563381380107447,50,4
940,-0.15548494075087654,-0.15930322291002846,-0.00381828215915192,-0.15792211016344654,50,4
960,-0.15364187675378785,-0.1557350644533135,-0.002093187699525656,-0.15903472384959086,50,4
980,-0.14323542161238412,-0.14528006822524347,-0.0020446466128593577,-0.1595094123474507,50,4
1000,-0.15283960608446961,-0.15645820576344904,-0.0036185996789794284,-0.15968767424246022,50,4
1020,-0.16788621405923992,-0.1719897754747402,-0.004103561415500279,-0.16036413713975506,50,4
1040,-0.16913932062226972,-0.1725335755368264,-0.0033942549145566936,-0.16068968534755107,50,4
1060,-0.16106025173717747,-0.16459741383796217,-0.0035371621007846965,-0.16084239436876335,50,4
1080,-0.17007636341099852,-0.1752245398156711,-0.0051481764046725775,-0.16106558681434358,50,4
1100,-0.18364495814046622,-0.19121028981482524,-0.0075653316743590215,-0.16240155060310246,50,4
1120,-0.1604933587234797,-0.16629687823603462,-0.005803519512554922,-0.16343313467877507,50,4
1140,-0.1538910205818718,-0.15825214833263238,-0.004361127750760585,-0.16393972976338309,50,4
1160,-0.15899991107258035,-0.16338227834837346,-0.004382367275793109,-0.16418995175194803,50,4
1180,-0.1722095239810746,-0.17511929547661328,-0.002909771495538671,-0.16454983141112875,50,4
1200,-0.17500888166632056,-0.17840630484130954,-0.0033974231749889783,-0.1645077886664829,50,4
1220,-0.15409205149050237,-0.15949554775470715,-0.005403496264204777,-0.1653262513553983,50,4
1240,-0.14789956572546595,-0.15119740556108832,-0.0032978398356223737,-0.1657305118173246,50,4
1260,-0.15909191632097583,-0.16161145707826444,-0.0025195407572886075,-0.16563776536031946,50,4
1280,-0.1659355467462793,-0.1655309224231985,0.0004046243230808044,-0.1655497800293474,50,4
1300,-0.13715097434438642,-0.13749616401581746,-0.0003451896714310454,-0.16509244097604572,50,4
1320,-0.15679035923447976,-0.16019647071041315,-0.0034061114759333933,-0.16449992451254447,50,4
1340,-0.16461704174205397,-0.17019876224867972,-0.005581720506625754,-0.16390599888949428,50,4
1360,-0.14936065290717943,-0.15188154478744764,-0.0025208918802682168,-0.1640211688577567,50,4
1380,-0.15890387768314607,-0.16395447842444477,-0.005050600741298705,-0.16363486937640237,50,4
1400,-0.1801692313612953,-0.1833404905507411,-0.0031712591894457742,-0.16436070106095357,50,4
1420,-0.16709636319313517,-0.1691927671722898,-0.002096403979154615,-0.16454533835966603,50,4
1440,-0.16156606794976666,-0.15908307008718867,0.002482997862577996,-0.165135089060678,50,4
1460,-0.17123870665303387,-0.17142010709167937,-0.00018140043864550703,-0.16491939194675936,50,4
1480,-0.15980516289936,-0.1615109428208674,-0.0017057799215073888,-0.16487501463484974,50,4
1500,-0.1500608214243888,-0.15149281061041192,-0.0014319891860231082,-0.16474935145991143,50,4
1520,-0.14628479200511083,-0.14960133203047657,-0.003316540025365744,-0.1647016310225212,50,4
1540,-0.15695941424663384,-0.15873891318738043,-0.0017794989407465822,-0.16476598395418557,50,4
1560,-0.1584926369650559,-0.16065268903237817,-0.0021600520673222823,-0.164986877822624,50,4
1580,-0.15873999988583354,-0.16012684667620358,-0.0013868467903700443,-0.16492130929281845,50,4
1600,-0.1506925975950713,-0.15186370118284903,-0.001171103587777722,-0.16512290027387927,50,4
1620,-0.15457932395893373,-0.15780744024559903,-0.0032281162866653057,-0.1656299581074798,50,4
1640,-0.13656509029081432,-0.1346100294092631,0.0019550608815512294,-0.165871820902257,50,4
1660,-0.16116599106439755,-0.16120795044517588,-4.195938077833361e-05,-0.16581235427172758,50,4
1680,-0.15275355857247358,-0.1538848745993957,-0.0011313160269221245,-0.16586745139140097,50,4
1700,-0.1617268699491563,-0.16188799680940658,-0.00016112686025027134,-0.16558371672610483,50,4
1720,-0.16214169379895432,-0.16504422076017933,-0.002902526961225005,-0.1659566477040817,50,4
1740,-0.15732336286113818,-0.16091352561942707,-0.003590162758288884,-0.16599839452012177,50,4
1760,-0.15780203476797522,-0.16289239479947587,-0.005090360031500651,-0.16580654652830462,50,4
1780,-0.1697993715690917,-0.1749209906547191,-0.005121619085627416,-0.16663426778760387,50,4
1800,-0.16545996188318196,-0.16873678560700744,-0.003276823723825484,-0.16691833467941614,50,4
1820,-0.18197592899346837,-0.1856111154484708,-0.003635186455002437,-0.16679910817984456,50,4
1840,-0.18195235686662925,-0.17965301693733027,0.0022993399292989825,-0.16673218280241153,50,4
1860,-0.18719085019309478,-0.18793612190852305,-0.000745271715428264,-0.16640993171077034,50,4
1880,-0.1650818343791613,-0.16578598313787635,-0.0007041487587150508,-0.16610410575293094,50,4
1900,-0.17252854734664608,-0.17744477586787916,-0.004916228521233079,-0.16601334821214642,50,4
1920,-0.1878192094713395,-0.196564188323344,-0.008744978852004481,-0.1661837558198977,50,4
1940,-0.15821165171564544,-0.16295502995301564,-0.004743378237370199,-0.16630052474269225,50,4
1960,-0.17085835614393519,-0.17335700761827488,-0.002498651474339697,-0.16628054910123014,50,4
1980,-0.1707038558279243,-0.16960451258086806,0.0010993432470562392,-0.16627162225351777,50,4
2000,-0.16116439770033458,-0.16358758829287984,-0.0024231905925452546,-0.166056369972648,50,4
1,11.473305244315295,11.474985766436788,0.0016805221214930555,11.645721123435433,50,5
20,7.8464502775798595,7.857569353522089,0.011119075942229273,7.90780172442507,50,5
40,5.214092034730715,5.224020821205268,0.009928786474552531,5.230584895560009,50,5
60,3.4363091633557854,3.4436224180586854,0.007313254702900007,3.426486544708806,50,5
80,2.2313362674603665,2.2348503801188038,0.003514112658437263,2.2210855816017943,50,5
100,1.421624370803592,1.4214649279432279,-0.00015944286036417843,1.418690614301747,50,5
120,0.8907205267105212,0.8885537031840306,-0.0021668235264905578,0.8888646404327816,50,5
140,0.5474579871047778,0.5450988374324062,-0.0023591496723716077,0.5419247828875287,50,5
160,0.31602114791754365,0.3129990292046858,-0.0030221187128578464,0.3113934601157336,50,5
180,0.16202291941032254,0.15859665290451497,-0.0034262665058075736,0.15796165693712672,50,5
200,0.06206131966539946,0.05871122210191754,-0.003350097563481924,0.05607153585138652,50,5
220,-0.00015306094462963493,-0.0026502279228854952,-0.0024971669782558603,-0.012330009322179147,50,5
240,-0.0466815950957889,-0.04975855769371873,-0.003076962597929833,-0.05801693044160794,50,5
260,-0.08544991058022439,-0.09026041044772687,-0.004810499867502482,-0.08901300146155111,50,5
280,-0.10661585737901291,-0.11163081944357534,-0.005014962064562423,-0.10994111826617475,50,5
300,-0.12111055973212193,-0.12654679889385706,-0.005436239161735135,-0.12454542169302768,50,5
320,-0.12716236026171296,-0.1325750838536558,-0.005412723591942836,-0.1352602601103795,50,5
340,-0.14154914005919378,-0.14853652827490044,-0.006987388215706658,-0.14178828147210842,50,5
360,-0.14936539546809796,-0.15736659571316586,-0.008001200245067897,-0.14686699378382123,50,5
380,-0.13227883596040718,-0.13699876286010176,-0.004719926899694582,-0.15009545823423537,50,5
400,-0.13579791638819452,-0.14103703829211137,-0.0052391219039168435,-0.1522073191813347,50,5
420,-0.13629497215413727,-0.14157962326423085,-0.0052846511100935745,-0.15315133954414578,50,5
440,-0.14576254062333013,-0.15261273376342724,-0.006850193140097105,-0.15398745939806077,50,5
460,-0.15385209129856076,-0.1621336223479734,-0.00828153104941265,-0.15575359839242053,50,5
480,-0.14452581228432293,-0.15143416573785518,-0.0069083534535322455,-0.15699076089194902,50,5
500,-0.14424624590114826,-0.15142501837062777,-0.007178772469479511,-0.15760547404037373,50,5
520,-0.15342984599174367,-0.16213063094481392,-0.00870078495307025,-0.1571470755920111,50,5
540,-0.15033149064714008,-0.15818937851586967,-0.007857887868729596,-0.15740873454037962,50,5
560,-0.1446044030330594,-0.1515072497820061,-0.0069028467489467005,-0.1580316200807819,50,5
580,-0.14944327004823227,-0.15737986034814633,-0.00793659029991406,-0.15838950048688277,50,5
600,-0.16037259998981815,-0.17013129480088826,-0.009758694811070112,-0.1586770080407284,50,5
620,-0.1630662658887263,-0.17327409897964424,-0.01020783309091794,-0.15949654808288383,50,5
640,-0.14782938949250063,-0.15615683984529694,-0.008327450352796306,-0.1597872733138893,50,5
660,-0.15359947591435766,-0.16267836415613954,-0.00907888824178188,-0.16036788526794485,50,5
680,-0.15454679233232835,-0.16424240306424628,-0.009695610731917936,-0.16091534435256735,50,5
700,-0.1703705830335832,-0.18303663113212615,-0.012666048098542937,-0.16161473108357194,50,5
720,-0.1639359227019363,-0.17630648275158733,-0.012370560049651036,-0.16192500653995123,50,5
740,-0.15954096092681097,-0.17071332853043392,-0.011172367603622946,-0.16221103099407236,50,5
760,-0.16388449970729307,-0.17619116048862643,-0.012306660781333356,-0.16252461087429798,50,5
780,-0.15211954748377507,-0.16234235728399102,-0.010222809800215948,-0.16261944737185483,50,5
800,-0.15406651663948948,-0.16554625374749485,-0.011479737108005372,-0.16289818148753002,50,5
820,-0.1422930531797556,-0.15130461714428206,-0.009011563964526459,-0.1630171316779604,50,5
840,-0.1347352833009423,-0.14245433190551537,-0.007719048604573064,-0.1630002731803203,50,5
860,-0.1397183338078763,-0.14864053658119808,-0.008922202773321786,-0.1625603052767865,50,5
880,-0.13713007311698094,-0.14534569015473064,-0.0082156170377497,-0.1621875037344646,50,5
900,-0.15843518965658623,-0.1703358248990852,-0.011900635242498958,-0.16199431789021287,50,5
920,-0.16563129484595973,-0.17865344250912174,-0.01302214766316201,-0.16231937990956707,50,5
940,-0.1686637531789865,-0.18359605783134966,-0.01493230465236317,-0.16339034803063215,50,5
960,-0.1731022482042935,-0.1889595835970803,-0.015857335392786776,-0.1634344174527225,50,5
980,-0.16660891339635348,-0.18207744375862667,-0.015468530362273192,-0.16375972628649638,50,5
1000,-0.1536347598634089,-0.16639814297399658,-0.012763383110587667,-0.16375213540437483,50,5
1020,-0.15318843493511228,-0.1651434988351527,-0.011955063900040419,-0.16338959257516386,50,5
1040,-0.16890187634508225,-0.18273992942689177,-0.01383805308180952,-0.16338253289192428,50,5
1060,-0.16123360621913133,-0.17527242076947067,-0.01403881455033934,-0.1634695716218497,50,5
1080,-0.14300509397571473,-0.15330577056825975,-0.010300676592545022,-0.16325361147495462,50,5
1100,-0.1527331920472286,-0.16489057611690186,-0.01215738406967326,-0.1632015043585349,50,5
1120,-0.13094111105631373,-0.13910517575081555,-0.008164064694501816,-0.16319444683318363,50,5
1140,-0.13238239154249806,-0.13974740093466645,-0.007365009392168387,-0.16230404879638385,50,5
1160,-0.1533802526934432,-0.16474763972074707,-0.011367387027303888,-0.16259435263347738,50,5
1180,-0.15681486395448754,-0.16947165001524075,-0.012656786060753211,-0.16306614933016153,50,5
1200,-0.1552426189048956,-0.16801699978884355,-0.012774380883947944,-0.16325834222552615,50,5
1220,-0.15066514264399597,-0.16164441661977683,-0.010979273975780857,-0.1628900633913474,50,5
1240,-0.1495340833246452,-0.1604427437556555,-0.010908660431010297,-0.16306012227878228,50,5
1260,-0.14171151228075607,-0.15130386756612868,-0.009592355285372611,-0.16299177861122427,50,5
1280,-0.14246676407640624,-0.1526301338557413,-0.010163369779335074,-0.16285330032988243,50,5
1300,-0.14749449722166835,-0.15809591267356277,-0.010601415451894414,-0.16320265861618277,50,5
1320,-0.15071279874465332,-0.16211799947852318,-0.011405200733869858,-0.16349353527453125,50,5
1340,-0.1489324666695045,-0.1599830985660448,-0.01105063189654032,-0.1638371639393884,50,5
1360,-0.14897147148326192,-0.16050797836202194,-0.011536506878760011,-0.16419856839275773,50,5
1380,-0.1641786994812706,-0.17886452965047786,-0.01468583016920727,-0.164258056452561,50,5
1400,-0.1560613056109264,-0.1689160544477672,-0.01285474883684079,-0.16405701478106982,50,5
1420,-0.15102088523935836,-0.1633315251629754,-0.012310639923617028,-0.16455568655301195,50,5
1440,-0.1536241077420135,-0.16745649501081775,-0.013832387268804258,-0.16501070879614674,50,5
1460,-0.15931395993655045,-0.17341009430189913,-0.014096134365348678,-0.16467143817930424,50,5
1480,-0.15332509495652435,-0.1661692323957359,-0.012844137439211534,-0.16470422264251283,50,5
1500,-0.163313712936995,-0.17822775424028045,-0.014914041303285441,-0.16501089314154357,50,5
1520,-0.15302567333160708,-0.16697174291310138,-0.013946069581494303,-0.16516047051394997,50,5
1540,-0.1568270506177864,-0.17192524126377196,-0.015098190645985554,-0.16541162866329628,50,5
1560,-0.1582405411905337,-0.17261324868906447,-0.014372707498530757,-0.16497901471995224,50,5
1580,-0.15695274481443672,-0.1703839006414531,-0.013431155827016372,-0.16483204955133574,50,5
1600,-0.1611158996093744,-0.1749677072020563,-0.013851807592681897,-0.16445584232534094,50,5
1620,-0.1565062733368332,-0.16948449124731835,-0.012978217910485146,-0.16408191199706262,50,5
1640,-0.15988158642506,-0.17282828999841438,-0.012946703573354368,-0.16392037122180747,50,5
1660,-0.14771097237263497,-0.158057973982284,-0.01034700160964902,-0.1632300293258343,50,5
1680,-0.14298208701070048,-0.15252095071781724,-0.009538863707116763,-0.16325169237634418,50,5
1700,-0.15233470991222248,-0.16342449423123434,-0.011089784319011864,-0.1632549159808428,50,5
1720,-0.1435647500403176,-0.15226437191129422,-0.008699621870976615,-0.16247850198010416,50,5
1740,-0.13574323335145624,-0.14338594893228765,-0.007642715580831405,-0.16212071526306335,50,5
1760,-0.15027917457373202,-0.1601086177865529,-0.009829443212820865,-0.16211102734032456,50,5
1780,-0.14402429543925926,-0.15310386103703694,-0.009079565597777672,-0.16301331719044443,50,5
1800,-0.15123999707616614,-0.16233511404307727,-0.011095116966911123,-0.1634516917523916,50,5
1820,-0.13806691482150946,-0.14684379021194388,-0.008776875390434424,-0.1636812922620387,50,5
1840,-0.14882372025774254,-0.1589549938933259,-0.01013127363558336,-0.1636709499967468,50,5
1860,-0.15429006379882065,-0.16639104254369252,-0.01210097874487187,-0.16366724687399242,50,5
1880,-0.14949294400528812,-0.1602884653897274,-0.010795521384439288,-0.16355041872057535,50,5
1900,-0.15791418320079265,-0.1699777074305871,-0.012063524229794453,-0.16305803389803525,50,5
1920,-0.17199730011810477,-0.1865812455299644,-0.014583945411859645,-0.16281027388206326,50,5
1940,-0.16768661688035447,-0.1824241444492229,-0.014737527568868425,-0.16363728312341513,50,5
1960,-0.16794243613688925,-0.18266804375395995,-0.014725607617070702,-0.1637922316679854,50,5
1980,-0.16940609375678561,-0.18438475388705627,-0.01497866013027066,-0.16405206601127548,50,5
2000,-0.1605330411310268,-0.1742831463815856,-0.013750105250558808,-0.16434772902727363,50,5
1,11.692657990655544,11.686308474474902,-0.006349516180641501,10.934260816997972,50,6
20,7.702323254281818,7.6108342723396545,-0.09148898194216315,7.321643406645423,50,6
40,5.009944241687385,4.900408713626158,-0.1095355280612269,4.814964650332098,50,6
60,3.2439936276983987,3.1481778158116556,-0.09581581188674315,3.141421874374487,50,6
80,2.117947763325421,2.0431886634583187,-0.07475909986710239,2.0387266452592607,50,6
100,1.344260424260515,1.2841713981493192,-0.06008902611119571,1.2974312602140186,50,6
120,0.8480402836421866,0.7939908245029481,-0.05404945913923853,0.8151576136360379,50,6
140,0.5158232688628244,0.4715809614231169,-0.04424230743970747,0.4900529558915352,50,6
160,0.3060134122352747,0.2721238545067911,-0.033889557728483566,0.27434815009870683,50,6
180,0.16441330852364078,0.13514705049932663,-0.02926625802431415,0.13543748797316302,50,6
200,0.06932891148165687,0.036695265782006325,-0.03263364569965055,0.043844636627923816,50,6
220,0.0009292024347504757,-0.027343261571477373,-0.02827246400622785,-0.01795154624868389,50,6
240,-0.03200567460213616,-0.051102092755548945,-0.019096418153412786,-0.0650554807391936,50,6
260,-0.0724899101170201,-0.09474107152947203,-0.022251161412451925,-0.09724738267654992,50,6
280,-0.09212884411676547,-0.11082059463352589,-0.01869175051676042,-0.11904905596166998,50,6
300,-0.11593095723213659,-0.1360145860303688,-0.020083628798232223,-0.13380637782630667,50,6
320,-0.1455374856247872,-0.1635177995912711,-0.01798031396648392,-0.14323637778509302,50,6
340,-0.1411105297863755,-0.1580109252185341,-0.0169003954321586,-0.14979677299619432,50,6
360,-0.13917522881575234,-0.15400528362455568,-0.014830054808803339,-0.15416593861966627,50,6
380,-0.15873155202303835,-0.1758077760358523,-0.017076224012813945,-0.1573427032719612,50,6
400,-0.14244381558631658,-0.15318463317379505,-0.010740817587478468,-0.16038342950469298,50,6
420,-0.16636949921804955,-0.17755032213730443,-0.011180822919254874,-0.16329933615822784,50,6
440,-0.18071393002972075,-0.19320572972212913,-0.012491799692408379,-0.16462129179661006,50,6
460,-0.15799870963529605,-0.16682168128711894,-0.008822971651822886,-0.16559679282372552,50,6
480,-0.15680970619868845,-0.16345872163037545,-0.006649015431687,-0.16615246591736071,50,6
500,-0.17340433380904063,-0.18139681082674852,-0.007992477017707889,-0.16659649639529572,50,6
520,-0.15592665933377609,-0.16202726145164448,-0.006100602117868392,-0.1666264583783456,50,6
540,-0.16678892520097355,-0.1727805706663576,-0.0059916454653840545,-0.16665513476881338,50,6
560,-0.16327418393018125,-0.16761776834865325,-0.004343584418471991,-0.16659449847690458,50,6
580,-0.1626273891938792,-0.1672254412485063,-0.0045980520546271,-0.1666865160242192,50,6
600,-0.14375437285573195,-0.1463583665384014,-0.0026039936826694476,-0.16673363091925225,50,6
620,-0.15933669152655988,-0.16192031718253053,-0.002583625655970645,-0.1667322853432679,50,6
640,-0.1620319280703062,-0.16506526590357523,-0.003033337833269034,-0.16645956056907135,50,6
660,-0.1563481046543997,-0.15898985793419912,-0.0026417532797994303,-0.16617523805885503,50,6
680,-0.16043952010750806,-0.16393530417107482,-0.0034957840635667647,-0.16597508686037177,50,6
700,-0.16368649157712328,-0.16871930842527966,-0.005032816848156374,-0.16603741993572968,50,6
720,-0.15771346389190521,-0.1624385441245343,-0.004725080232629075,-0.16595645292037103,50,6
740,-0.1602639217922952,-0.16289138096958522,-0.0026274591772900147,-0.16552486601815758,50,6
760,-0.17488563223016532,-0.1798410876083589,-0.004955455378193585,-0.1659139153752903,50,6
780,-0.175359888101824,-0.1815268221536438,-0.0061669340518197835,-0.16576862042643675,50,6
800,-0.17723657202039336,-0.18140609094953122,-0.004169518929137861,-0.16612100265125454,50,6
820,-0.17398471459264692,-0.17942925220417355,-0.005444537611526634,-0.166015742598645,50,6
840,-0.19888176842549082,-0.20577609607090103,-0.006894327645410203,-0.1662160794968111,50,6
860,-0.17811671124917092,-0.18463695032379304,-0.006520239074622125,-0.16633922624653166,50,6
880,-0.1808038796213855,-0.18741969590149649,-0.0066158162801109865,-0.1662289818838562,50,6
900,-0.1565113089789727,-0.16141391159932084,-0.00490260262034814,-0.16636996718380914,50,6
920,-0.1504079634071367,-0.15539137511421053,-0.004983411707073837,-0.16663609561046866,50,6
940,-0.16364097408467526,-0.16785764250568241,-0.0042166684210071526,-0.16658417913300583,50,6
960,-0.13379432622235948,-0.1380299292432584,-0.004235603020898926,-0.1664991940666446,50,6
980,-0.1333729393986475,-0.13761421156486411,-0.004241272166216614,-0.16592598229564118,50,6
1000,-0.15854263273470587,-0.1640099369918377,-0.005467304257131822,-0.16582606519203874,50,6
1020,-0.16091670146722958,-0.16568991165982205,-0.00477321019259247,-0.16585706446832377,50,6
1040,-0.16421353999074303,-0.16904066373345658,-0.004827123742713546,-0.16629923716345676,50,6
1060,-0.15451904660518823,-0.15920284292369352,-0.0046837963185052955,-0.1664162380509127,50,6
1080,-0.14764628184311804,-0.15178851317442735,-0.0041422313313093095,-0.16617369927775158,50,6
1100,-0.15579270988683427,-0.1606130210471974,-0.004820311160363133,-0.1661777108771159,50,6
1120,-0.13164721397405643,-0.13624812588426505,-0.004600911910208616,-0.16625928724731287,50,6
1140,-0.15351362493299398,-0.15922024702657234,-0.005706622093578362,-0.1664773251206531,50,6
1160,-0.1866872679557992,-0.19370260336257544,-0.007015335406776235,-0.16673024962598976,50,6
1180,-0.15294634066863433,-0.15680387973045978,-0.0038575390618254546,-0.16672527174127738,50,6
1200,-0.1703956677616873,-0.1751415467418585,-0.004745878980171203,-0.16668131300762823,50,6
1220,-0.18108813644486696,-0.188316318470185,-0.007228182025318053,-0.16657118011955777,50,6
1240,-0.1649425418253601,-0.17297635057902022,-0.00803380875366011,-0.16669639334848319,50,6
1260,-0.17611722866843793,-0.18183750408393407,-0.005720275415496134,-0.166837542493751,50,6
1280,-0.16697144032598593,-0.17319553125244813,-0.0062240909264622,-0.16692271300747136,50,6
1300,-0.14824983752861387,-0.15141819303359644,-0.0031683555049825673,-0.1669324532502437,50,6
1320,-0.15554154540461573,-0.1571421790106345,-0.0016006336060187532,-0.16658394363597762,50,6
1340,-0.15711889427616382,-0.1611298253618949,-0.004010931085731084,-0.16615278877435202,50,6
1360,-0.1613150868960445,-0.16574716888393826,-0.004432081987893743,-0.16622017455522964,50,6
1380,-0.1543834981788601,-0.15709367469256713,-0.00271017651370703,-0.16617471460042327,50,6
1400,-0.14805305867677926,-0.15294129055409056,-0.0048882318773113,-0.16612089927567603,50,6
1420,-0.13465205919575157,-0.1394892787625685,-0.0048372195668169304,-0.16601721983098455,50,6
1440,-0.15017639755375434,-0.1553550130034893,-0.005178615449734969,-0.16581258312950753,50,6
1460,-0.13157697819771408,-0.13423707356317183,-0.0026600953654577486,-0.1656568280905777,50,6
1480,-0.1592573986796411,-0.16511650631703054,-0.005859107637389449,-0.16519507798250152,50,6
1500,-0.16015499273723852,-0.16418042831706806,-0.004025435579829539,-0.16529818579659047,50,6
1520,-0.1621918720676592,-0.16531165238496368,-0.003119780317304477,-0.16531207090270558,50,6
1540,-0.15917576261886196,-0.16296233118462383,-0.003786568565761872,-0.16544876947046855,50,6
1560,-0.143783292983402,-0.14571016350409657,-0.001926870520694568,-0.16575639220917257,50,6
1580,-0.17465892134195496,-0.17871103417413922,-0.0040521128321842625,-0.1657412419214064,50,6
1600,-0.16396482767774012,-0.16540559668347166,-0.0014407690057315348,-0.16583122591907407,50,6
1620,-0.1667748677806608,-0.1688125867564601,-0.0020377189757992964,-0.16545112350147462,50,6
1640,-0.17681274561472726,-0.18000516904675024,-0.0031924234320229727,-0.16560908907401595,50,6
1660,-0.1537379567411009,-0.15794312494924173,-0.004205168208140819,-0.1657814904750196,50,6
1680,-0.16912149858177253,-0.17258057901628301,-0.0034590804345104864,-0.1658373990553003,50,6
1700,-0.19030462704854956,-0.1954696636926671,-0.005165036644117549,-0.16577186117182557,50,6
1720,-0.19004764784924744,-0.1955512455281524,-0.005503597678904959,-0.165810559190943,50,6
1740,-0.18647978671777282,-0.1915325346361676,-0.005052747918394773,-0.16580277221581685,50,6
1760,-0.17796139673729428,-0.18258531930005817,-0.004623922562763894,-0.16573556318630867,50,6
1780,-0.17275562788680565,-0.17900774030746602,-0.006252112420660372,-0.16593256931085926,50,6
1800,-0.1592737419299866,-0.16558377365755367,-0.006310031727567056,-0.16624918482949647,50,6
1820,-0.1476148323236049,-0.15280428500345733,-0.005189452679852435,-0.16629002261247916,50,6
1840,-0.1922707885311602,-0.19894101893279292,-0.006670230401632726,-0.16620835311708004,50,6
1860,-0.17050642437356545,-0.1785579820712997,-0.008051557697734246,-0.1660882409091099,50,6
1880,-0.1622200212683349,-0.169566820516465,-0.007346799248130087,-0.16622136184501074,50,6
1900,-0.1590883426432152,-0.16389901673498547,-0.004810674091770273,-0.1660794880532404,50,6
1920,-0.16697926826680015,-0.17382241845395835,-0.006843150187158198,-0.16572731142695613,50,6
1940,-0.15444364964453594,-0.16088053514198858,-0.006436885497452638,-0.1659018378463647,50,6
1960,-0.15412190986175317,-0.15931796459290193,-0.005196054731148758,-0.16611388396200572,50,6
1980,-0.16150148261900443,-0.16647334673610226,-0.004971864117097824,-0.16599351076622737,50,6
2000,-0.16131952264074506,-0.16552236590867664,-0.0042028432679315775,-0.16604223460261797,50,6
1,12.581527932283345,12.582592493329374,0.0010645610460287003,12.632715082763902,50,7
20,8.540777239084404,8.562468023770245,0.02169078468584118,8.565006673630268,50,7
40,5.610342995140811,5.650360444921339,0.040017449780528125,5.653012620319078,50,7
60,3.659665643010689,3.7138354274752055,0.05416978446451637,3.721051112581634,50,7
80,2.354002887860337,2.421046819805312,0.06704393194497493,2.437986965556664,50,7
100,1.5228045214404506,1.5753697991519262,0.052565277711475566,1.5928991038303275,50,7
120,0.934412567380874,0.9926341284365574,0.058221561055683435,1.0276602571877367,50,7
140,0.5992296045692456,0.646559361053266,0.04732975648402038,0.6482324826831656,50,7
160,0.35268390500786956,0.3920335990276981,0.03934969401982852,0.39449148282321983,50,7
180,0.1651071520079171,0.2098193614806137,0.04471220947269661,0.22741233984919146,50,7
200,0.06653112087121321,0.1044843319836663,0.03795321111245309,0.11007675113806514,50,7
220,-0.03533012375498257,0.0038683526079958397,0.03919847636297841,0.03174143925863915,50,7
240,-0.06772947573548282,-0.03549707731203755,0.032232398423445274,-0.02078003550113977,50,7
260,-0.11639242405757044,-0.0879482374425869,0.028444186614983547,-0.060316205206966456,50,7
280,-0.1131393411294474,-0.08769388583073623,0.025445455298711173,-0.08585575909939591,50,7
300,-0.15194265045834782,-0.12067539060020255,0.03126725985814527,-0.1033383249985449,50,7
320,-0.15520501206617549,-0.1233486546603137,0.03185635740586179,-0.11092296438366017,50,7
340,-0.1385919151979399,-0.11749187730114147,0.02110003789679843,-0.1195848010946039,50,7
360,-0.15861917455472718,-0.1331754501098722,0.025443724444854987,-0.1278167724977275,50,7
380,-0.1812344844768865,-0.14959377217351577,0.03164071230337073,-0.13242648478037677,50,7
400,-0.1541590110928298,-0.13706296338506585,0.01709604770776396,-0.13817346558598959,50,7
420,-0.16161926806427696,-0.13578483546001774,0.025834432604259217,-0.13997079005523666,50,7
440,-0.16596303043789407,-0.14930445479759896,0.016658575640295104,-0.14329574014595214,50,7
460,-0.17080747209027475,-0.15889284799926423,0.011914624091010517,-0.14673317269348707,50,7
480,-0.18383015295155225,-0.16788870222968033,0.01594145072187192,-0.14894076538808848,50,7
500,-0.1864786842664245,-0.15846293759372676,0.02801574667269774,-0.14940375700611158,50,7
520,-0.17302378733259377,-0.1520460232669409,0.020977764065652882,-0.1494128446481533,50,7
540,-0.1571059123490517,-0.14030477661349727,0.016801135735554418,-0.15125016303169753,50,7
560,-0.1637376756033233,-0.1477910287723958,0.015946646830927502,-0.15503463914952553,50,7
580,-0.13019232578805334,-0.12467246419938316,0.005519861588670183,-0.15695533894342611,50,7
600,-0.14036758271320465,-0.13267414312628367,0.00769343958692098,-0.15823320682510372,50,7
620,-0.13752492833652968,-0.13363178284668387,0.0038931454898458173,-0.15901547057763138,50,7
640,-0.1584941439212914,-0.15684295454679542,0.0016511893744959871,-0.16025376182014028,50,7
660,-0.16799762189900758,-0.16201981306775587,0.0059778088312517075,-0.1612880870050457,50,7
680,-0.18042528670283808,-0.1796389168600564,0.0007863698427816868,-0.16165652741879205,50,7
700,-0.1513009835888251,-0.15205267213526413,-0.0007516885464390333,-0.1616424692112749,50,7
720,-0.16188960520861334,-0.15640560925117747,0.005483995957435872,-0.16227840911934321,50,7
740,-0.16987019820194493,-0.16639648443205224,0.0034737137698926945,-0.1626948620153219,50,7
760,-0.17617175133239948,-0.17194803086169558,0.004223720470703907,-0.1628436783765611,50,7
780,-0.1565661675267756,-0.15335673342924794,0.0032094340975276636,-0.16289559066582437,50,7
800,-0.15372941775301746,-0.15104917988532623,0.0026802378676912264,-0.1629188864455789,50,7
820,-0.16548786221758732,-0.1622041999839714,0.003283662233615925,-0.16271088029554343,50,7
840,-0.14950823486420262,-0.14440126452881985,0.005106970335382766,-0.16297640780544714,50,7
860,-0.16769907204512846,-0.16638986039948123,0.0013092116456472347,-0.16304914068102455,50,7
880,-0.16238493403741827,-0.1620136603344685,0.00037127370294975925,-0.16341766411412206,50,7
900,-0.15289778677930205,-0.15571213669221223,-0.0028143499129101857,-0.16404148386480166,50,7
920,-0.1772553731041575,-0.18246696709466942,-0.005211593990511909,-0.16433217243535936,50,7
940,-0.17240173498654815,-0.1814503819213304,-0.009048646934782245,-0.1642858277900071,50,7
960,-0.19001531009729217,-0.19700712264922282,-0.006991812551930654,-0.16466138235284034,50,7
980,-0.148143850559257,-0.15698962120282406,-0.008845770643567064,-0.16488197132245613,50,7
1000,-0.16446953355450322,-0.16716670999494931,-0.002697176440446092,-0.16422325320810743,50,7
1020,-0.15229040996938809,-0.15773133814601348,-0.0054409281766253925,-0.16313282141836505,50,7
1040,-0.16751847999782987,-0.16614155449462742,0.001376925503202453,-0.1629383527843501,50,7
1060,-0.1673618177690448,-0.16902142885142551,-0.0016596110823807186,-0.16259342448218234,50,7
1080,-0.16187960483143443,-0.16415764822866813,-0.0022780433972336978,-0.1622200969671766,50,7
1100,-0.12256643697950048,-0.1282381402437039,-0.005671703264203409,-0.16199969636381312,50,7
1120,-0.1440566800839575,-0.1387013334277834,0.005355346656174098,-0.16170988019343963,50,7
1140,-0.16297961684107515,-0.1542731832998075,0.008706433541267655,-0.16183496436849587,50,7
1160,-0.16151957808245848,-0.16018222554873107,0.0013373525337274095,-0.16163846228301776,50,7
1180,-0.14910821879735298,-0.1446394880404127,0.0044687307569402646,-0.1612462533320566,50,7
1200,-0.1292740377883368,-0.11906193082708277,0.01021210696125402,-0.16069874953482782,50,7
1220,-0.1334686611470497,-0.13000347621020142,0.0034651849368482757,-0.1603020545038124,50,7
1240,-0.1922601900742923,-0.19103677006356673,0.0012234200107255622,-0.16037165941982656,50,7
1260,-0.19112294561966514,-0.18257743718143338,0.008545508438231764,-0.16167603892337856,50,7
1280,-0.1911888438660857,-0.18710308473177611,0.004085759134309586,-0.16144791520114127,50,7
1300,-0.17839389577250064,-0.1795008567466191,-0.0011069609741184427,-0.16208383385285535,50,7
1320,-0.16440447128557645,-0.16523376211645607,-0.0008292908308796254,-0.1625038186401251,50,7
1340,-0.15810867256391375,-0.1569812958383051,0.001127376725608642,-0.16281371566231434,50,7
1360,-0.14973986226007857,-0.14466939939787204,0.005070462862206526,-0.1621769575142712,50,7
1380,-0.18294616894928273,-0.1717442835779006,0.011201885371382114,-0.16126899303776476,50,7
1400,-0.17279216090624833,-0.16823763882187293,0.004554522084375401,-0.1609628478422373,50,7
1420,-0.1786307098962328,-0.178249005777244,0.0003817041189888015,-0.1612066232996212,50,7
1440,-0.19371157808157602,-0.19416827672695763,-0.00045669864538161464,-0.16164404838995955,50,7
1460,-0.19131310545955282,-0.19102475843617334,0.00028834702337948714,-0.16227683116684133,50,7
1480,-0.16602114315500366,-0.16780615988203434,-0.001785016727030686,-0.16183626988768512,50,7
1500,-0.17765376831509966,-0.1764034897180175,0.001250278597082155,-0.16126915528971025,50,7
1520,-0.16672786501095382,-0.16272446379979716,0.004003401211156665,-0.1606501803519338,50,7
1540,-0.17334472877955542,-0.17677237930525042,-0.003427650525694992,-0.16021423310478522,50,7
1560,-0.16680495211469815,-0.1636397929196416,0.003165159195056555,-0.1603516977015102,50,7
1580,-0.14633070029662465,-0.14529862574367453,0.001032074552950124,-0.1609483493648134,50,7
1600,-0.1718150338129581,-0.1681141847815924,0.003700849031365694,-0.1620610009562894,50,7
1620,-0.17506279942905262,-0.16758669281373811,0.007476106615314504,-0.1620237111769287,50,7
1640,-0.17186334966245276,-0.17063621425298064,0.0012271354094721132,-0.1611646793605231,50,7
1660,-0.15556518315273266,-0.14826727596305123,0.00729790718968143,-0.1602085147279414,50,7
1680,-0.1384998247187783,-0.13180473459801462,0.0066950901207636915,-0.1597071436477781,50,7
1700,-0.11713100975455493,-0.11222768358816293,0.004903326166391997,-0.1585050335244343,50,7
1720,-0.14062311168400726,-0.13555767731348445,0.005065434370522814,-0.15792114142677904,50,7
1740,-0.14303215683762294,-0.139360837766478,0.0036713190711449295,-0.1579291574883373,50,7
1760,-0.15166859611214029,-0.14604522932899916,0.005623366783141126,-0.15832779790893714,50,7
1780,-0.14971975570645468,-0.13588692549119363,0.01383283021526105,-0.15879529104450513,50,7
1800,-0.16539506630784928,-0.15339386465978988,0.0120012016480594,-0.1587676759096987,50,7
1820,-0.16207637154153565,-0.15009394447041963,0.01198242707111602,-0.15810537228102706,50,7
1840,-0.17329495949166207,-0.16810037013264373,0.005194589359018342,-0.15799898639426085,50,7
1860,-0.17800812906699387,-0.17221069982054144,0.005797429246452435,-0.15826479561192225,50,7
1880,-0.18867702272851028,-0.18413602967530285,0.004540993053207432,-0.15811149325984242,50,7
1900,-0.20299073935779388,-0.19799379970529463,0.004996939652499255,-0.1581121845777187,50,7
1920,-0.15701065457798963,-0.15408376373979443,0.0029268908381951952,-0.1577750767453986,50,7
1940,-0.14069196647841542,-0.1386690444436503,0.0020229220347651178,-0.1580358355600845,50,7
1960,-0.14765518959929008,-0.14017381102119575,0.007481378578094333,-0.15796970168545654,50,7
1980,-0.15669004767661,-0.15503088400431864,0.0016591636722913528,-0.15830739898752966,50,7
2000,-0.16455448466071704,-0.16058729785803988,0.003967186802677158,-0.1584841661012315,50,7
1,11.344318156998186,11.343971706615516,-0.000346450382670227,11.276206800820958,100,0
20,7.689047414131236,7.686240512281272,-0.0028069018499641274,7.653802753534313,100,0
40,5.075501061774762,5.072622656301466,-0.0028784054732966524,5.075959514133309,100,0
60,3.35874013428404,3.355947566037489,-0.0027925682465510526,3.3508546315906087,100,0
80,2.2007102545838153,2.197969999643715,-0.0027402549401003284,2.1964132849963076,100,0
100,1.427805060325733,1.4249034964985516,-0.0029015638271814304,1.4254836165634122,100,0
120,0.9010353615449883,0.8993592668431949,-0.001676094701793418,0.9076796183468232,100,0
140,0.5588760228623229,0.557943544246367,-0.0009324786159558007,0.5593531376175196,100,0
160,0.3295058189046039,0.32951885946988335,1.3040565279454075e-05,0.3259041870313041,100,0
180,0.1650820790740415,0.166269914908318,0.0011878358342765072,0.16798548760782261,100,0
200,0.06662828798170861,0.06973234945377194,0.003104061472063324,0.061799420225399804,100,0
220,-0.006877870105948036,-0.004046567164104509,0.0028313029418435276,-0.010242403223073904,100,0
240,-0.06872446984575675,-0.06431944852109722,0.0044050213246595304,-0.0587242339811897,100,0
260,-0.10648888154579317,-0.10103884711336275,0.005450034432430417,-0.09315463000256824,100,0
280,-0.12856601468479256,-0.12244665189589127,0.006119362788901295,-0.11641003779196274,100,0
300,-0.13919949091719191,-0.13210054581076985,0.007098945106422061,-0.1319083457815356,100,0
320,-0.1567889619389944,-0.15030224321246077,0.0064867187265336135,-0.14308523422572517,100,0
340,-0.13976507711302344,-0.13447671779749348,0.005288359315529956,-0.14971984888588385,100,0
360,-0.14168623673718844,-0.1364678452994899,0.005218391437698533,-0.15483877118465111,100,0
380,-0.1495919111704172,-0.1451001534005496,0.004491757769867599,-0.1586327791383788,100,0
400,-0.15936758169822374,-0.15417882907548586,0.00518875262273788,-0.16146501525831403,100,0
420,-0.1538680348715416,-0.14700996669825578,0.006858068173285825,-0.16286574408835547,100,0
440,-0.17733478355438725,-0.16713942409761917,0.010195359456768083,-0.16452715375673488,100,0
460,-0.16434333009216684,-0.1553383909644509,0.009004939127715939,-0.165846446808317,100,0
480,-0.16120814419851442,-0.15055060551867389,0.01065753867984054,-0.1664765341015768,100,0
500,-0.19783937052160477,-0.18363971633457105,0.014199654187033728,-0.16672092385514498,100,0
520,-0.21761394043532623,-0.19960473602675088,0.01800920440857534,-0.16696125294372477,100,0
540,-0.19437388464118532,-0.17794491468987644,0.01642896995130888,-0.1665056682888525,100,0
560,-0.1723630236749788,-0.15838168121679846,0.013981342458180335,-0.16587858038843184,100,0
580,-0.15280769603254385,-0.1413999486594708,0.01140774737307304,-0.1657216011103151,100,0
600,-0.1538335256388524,-0.14177647341294547,0.012057052225906917,-0.16570029693648325,100,0
620,-0.15411143971607755,-0.14151760110027511,0.012593838615802433,-0.16623064467848953,100,0
640,-0.1517044993984375,-0.14171111922469914,0.009993380173738353,-0.16640935305268312,100,0
660,-0.1530649059352423,-0.14305999744426345,0.010004908490978848,-0.1666015499504071,100,0
680,-0.14582477685239476,-0.13706418914695706,0.008760587705437695,-0.16671906814901022,100,0
700,-0.1516464875208436,-0.14167151927394012,0.00997496824690347,-0.16673371672194098,100,0
720,-0.1523672254100319,-0.1432807632351124,0.009086462174919485,-0.1668071093570319,100,0
740,-0.1704602913434698,-0.15686021949823498,0.013600071845234818,-0.16708730657587328,100,0
760,-0.1839826373025839,-0.16970821754295695,0.014274419759626955,-0.16713238514585882,100,0
780,-0.1502505882792725,-0.13912133463594167,0.011129253643330839,-0.16722575887763796,100,0
800,-0.1568473902253374,-0.14625981388022224,0.010587576345115146,-0.16721613713628947,100,0
820,-0.14761273841784778,-0.13656360530233425,0.011049133115513532,-0.16720980273862518,100,0
840,-0.1633985228322043,-0.15029901224039965,0.013099510591804642,-0.16717038474218898,100,0
860,-0.16137862642960543,-0.14924295369600715,0.01213567273359828,-0.16708713643752426,100,0
880,-0.19088824149508582,-0.17772780468984922,0.013160436805236597,-0.16718143269964764,100,0
900,-0.18122053220990797,-0.1684946074305811,0.01272592477932688,-0.16714415904186086,100,0
920,-0.18985855203586366,-0.176627427540742,0.013231124495121649,-0.1671672838682915,100,0
940,-0.2077522963952484,-0.19145647789655218,0.016295818498696213,-0.16679848696207655,100,0
960,-0.2021075354337406,-0.1851686724348176,0.016938862998923,-0.1658958423100424,100,0
980,-0.17257146266790901,-0.1578850837933769,0.014686378874532113,-0.16600191874893222,100,0
1000,-0.1742060914455562,-0.15888283613778464,0.015323255307771566,-0.16645739138369176,100,0
1020,-0.15733142907673775,-0.1455422821158086,0.011789146960929142,-0.1666267461471918,100,0
1040,-0.16593882754374778,-0.15066993024444597,0.015268897299301809,-0.16605238441503634,100,0
1060,-0.17513465567625836,-0.16003133050443863,0.015103325171819726,-0.16613458053368807,100,0
1080,-0.1935081835028562,-0.17714371687910913,0.016364466623747076,-0.16597905593278922,100,0
1100,-0.18353693571680563,-0.1672731282132539,0.01626380750355172,-0.16545501428916565,100,0
1120,-0.14855727362797427,-0.13559451624131758,0.012962757386656698,-0.16531338173903404,100,0
1140,-0.1609361225449384,-0.14586418771751697,0.015071934827421418,-0.16481541107984043,100,0
1160,-0.15215451885101838,-0.13853014490101467,0.01362437395000371,-0.165190012861422,100,0
1180,-0.16210224310973836,-0.15030357990434018,0.011798663205398185,-0.16523243028538687,100,0
1200,-0.17353633171229849,-0.1604874548286802,0.013048876883618277,-0.16568584152104449,100,0
1220,-0.1682047353750764,-0.15585904262277206,0.01234569275230435,-0.1661470844221533,100,0
1240,-0.1765040399132985,-0.1633183108211923,0.013185729092106191,-0.1666053017566161,100,0
1260,-0.17901408928537121,-0.16384868787767015,0.015165401407701062,-0.1666134510348114,100,0
1280,-0.20338139823279777,-0.1847931860384704,0.01858821219432738,-0.16671411202943975,100,0
1300,-0.18731455411642278,-0.16869713237124245,0.01861742174518033,-0.16608769052804778,100,0
1320,-0.19258360554738585,-0.17417355221946484,0.018410053327921005,-0.16553287008151818,100,0
1340,-0.18127533086953262,-0.16514816543089406,0.01612716543863857,-0.16596260311829553,100,0
1360,-0.1521724082054749,-0.14027397657490015,0.011898431630574746,-0.16593475924492812,100,0
1380,-0.1404495236802737,-0.12815859094231968,0.012290932737954008,-0.16580632233446763,100,0
1400,-0.14559733364801664,-0.13373347308831274,0.011863860559703898,-0.1662145715264698,100,0
1420,-0.17433762743438158,-0.1601875350647491,0.014150092369632494,-0.16633984716702716,100,0
1440,-0.17950673125308458,-0.16551107493361372,0.013995656319470862,-0.1664714672116473,100,0
1460,-0.18678881412761356,-0.17292368527043017,0.013865128857183384,-0.16638141956422853,100,0
1480,-0.20265536000639872,-0.1867512695051926,0.015904090501206114,-0.16644423932635855,100,0
1500,-0.20144040054390688,-0.18695103622788428,0.014489364316022602,-0.16642369931354317,100,0
1520,-0.17730566854986352,-0.1655137832854815,0.011791885264382018,-0.16657841667322437,100,0
1540,-0.1803034069744116,-0.16639765521188415,0.013905751762527452,-0.16621896467847214,100,0
1560,-0.15535220028135527,-0.1433619291841967,0.011990271097158556,-0.1659272227839797,100,0
1580,-0.18841484554997134,-0.17363392852599469,0.014780917023976659,-0.16544310289781777,100,0
1600,-0.21126675197113787,-0.19294915765037257,0.018317594320765296,-0.16464825404367256,100,0
1620,-0.1941345058151409,-0.1760006928181772,0.018133812996963705,-0.16517337638889784,100,0
1640,-0.17205960987799007,-0.15769383754517852,0.014365772332811555,-0.16586161892036927,100,0
1660,-0.2031561068836667,-0.18672284550085821,0.016433261382808484,-0.16579273699099673,100,0
1680,-0.19591222928784036,-0.1784963178727969,0.01741591141504345,-0.16580470372252876,100,0
1700,-0.1878786990455505,-0.17244692558332686,0.01543177346222363,-0.1660334476700342,100,0
1720,-0.19048673323491833,-0.17382983252384704,0.016656900711071287,-0.16538604101975668,100,0
1740,-0.16424923855136525,-0.15083055981949173,0.013418678731873523,-0.1650325472539883,100,0
1760,-0.16585950142192152,-0.14891603969102285,0.016943461730898668,-0.16435358303539538,100,0
1780,-0.146036678076307,-0.12847104119684988,0.017565636879457114,-0.16259976921969077,100,0
1800,-0.1361039069172515,-0.11860111286115538,0.017502794056096116,-0.16117919188663188,100,0
1820,-0.17517980962996282,-0.15464484070696005,0.020534968923002772,-0.16123821157314044,100,0
1840,-0.1966241766062805,-0.17377591189893227,0.022848264707348243,-0.1606827223777163,100,0
1860,-0.1783350909670719,-0.15699432602773356,0.02134076493933834,-0.15933710066319984,100,0
1880,-0.16233856557343462,-0.14114422623909129,0.021194339334343337,-0.15608447669737913,100,0
1900,-0.1852234019030098,-0.16101846682348742,0.02420493507952237,-0.1543103487366455,100,0
1920,-0.20504938055333632,-0.1788079425937884,0.02624143795954792,-0.15262486782125806,100,0
1940,-0.1859208097839371,-0.16080368099576892,0.025117128788168186,-0.15258044168551854,100,0
1960,-0.15939863691016093,-0.13720016866194124,0.022198468248219694,-0.1537623258807525,100,0
1980,-0.15878361586434414,-0.13631870116035688,0.02246491470398726,-0.15429483221446832,100,0
2000,-0.1648285339248443,-0.14544336311107064,0.019385170813773667,-0.15640384872894186,100,0
1,13.194278962620219,13.196595285963314,0.0023163233430949504,12.888019666277152,100,1
20,8.880283999574566,8.91216270375531,0.03187870418074468,8.735967592421193,100,1
40,5.837977197604022,5.8886102921778,0.050633094573778514,5.8009106235798695,100,1
60,3.8581773002270032,3.9106864339858713,0.05250913375886812,3.8659778900124997,100,1
80,2.607580123203957,2.6444600159660587,0.03687989276210191,2.5817896355717553,100,1
100,1.6965087925948306,1.742193480170134,0.04568468757530342,1.7358485647266595,100,1
120,1.0982780197380761,1.1408028714402185,0.042524851702142374,1.1595585765671939,100,1
140,0.7623488856552084,0.7901927271531617,0.02784384149795327,0.7802945446055134,100,1
160,0.5067653030206138,0.5324341459243124,0.02566884290369853,0.5292827609400639,100,1
180,0.3253473171282547,0.3475439326025738,0.022196615474319115,0.3506221260730701,100,1
200,0.20778770963468415,0.22908638561040653,0.02129867597572238,0.23673708405798344,100,1
220,0.13635616202508544,0.15195439148196588,0.015598229456880441,0.15192730890230674,100,1
240,0.09979371081274681,0.10773872078045729,0.007945009967710484,0.09061129952508563,100,1
260,0.04744915161213109,0.05450434330178244,0.007055191689651352,0.04225951307807341,100,1
280,0.0056847825241660155,0.01148584757433535,0.005801065050169335,0.007165505520273424,100,1
300,-0.02418047671148954,-0.01947671789410621,0.00470375881738333,-0.019183810033953502,100,1
320,-0.032521645055460874,-0.03115024222137111,0.0013714028340897633,-0.04031219404580677,100,1
340,-0.05969230687971419,-0.05796948910396149,0.0017228177757526997,-0.05777053943394028,100,1
360,-0.07242918743138996,-0.07108234915978556,0.0013468382716043947,-0.0697269491470745,100,1
380,-0.08234486291690268,-0.08169534120705998,0.0006495217098426986,-0.08068872753927331,100,1
400,-0.08998450407160768,-0.08990796016107358,7.654391053410481e-05,-0.09007757662163415,100,1
420,-0.09748154921186408,-0.09760750418509168,-0.0001259549732275933,-0.09778883520256698,100,1
440,-0.10531179230855962,-0.10543934540211784,-0.0001275530935582192,-0.10523861942860467,100,1
460,-0.11017488826009406,-0.11085696083102359,-0.0006820725709295317,-0.11201301235826788,100,1
480,-0.11417453082197618,-0.1148100950696988,-0.0006355642477226253,-0.11747500756461784,100,1
500,-0.11769866979079117,-0.11808744816353085,-0.00038877837273967875,-0.12310957353088299,100,1
520,-0.12417631574705512,-0.12417316293983222,3.1528072229058957e-06,-0.12777461300540663,100,1
540,-0.13760018536198726,-0.13535869363758202,0.0022414917244052424,-0.13330387214438666,100,1
560,-0.14120525759439864,-0.13817994317466628,0.003025314419732361,-0.13745016329489987,100,1
580,-0.13873468179507412,-0.13711514037391767,0.0016195414211564452,-0.14116164465775125,100,1
600,-0.1426052085528718,-0.1404430956980296,0.002162112854842191,-0.1439118031128198,100,1
620,-0.14257593169229174,-0.13986874595837293,0.0027071857339188155,-0.14696319637949837,100,1
640,-0.14192678705128953,-0.1396381980449936,0.0022885890062959158,-0.14919740234092727,100,1
660,-0.13166892136771008,-0.12988333338192154,0.0017855879857885393,-0.15116507494410314,100,1
680,-0.14138842458637485,-0.13734130151803442,0.00404712306834043,-0.15329392182885831,100,1
700,-0.16510839659806925,-0.15891323861202228,0.006195157986046973,-0.15572062591606434,100,1
720,-0.18373285535129252,-0.1733080150118837,0.010424840339408825,-0.15744879031175069,100,1
740,-0.1637046660229629,-0.15442860335188885,0.009276062671074059,-0.15958402965292773,100,1
760,-0.15694482531721587,-0.14776619839624272,0.009178626920973154,-0.16078754996301164,100,1
780,-0.17081502510910046,-0.16023916967645913,0.010575855432641335,-0.1617565143689672,100,1
800,-0.17158543040762841,-0.15809559576106957,0.01348983464655884,-0.16230861666777702,100,1
820,-0.1630517708752927,-0.151413737717226,0.011638033158066718,-0.16321351456582034,100,1
840,-0.18317695925586935,-0.1676208105993356,0.015556148656533764,-0.16442242363621495,100,1
860,-0.1518602768232364,-0.13967289432756794,0.012187382495668475,-0.16503808617229263,100,1
880,-0.17143676790287748,-0.1562954665073673,0.015141301395510176,-0.16568024829999262,100,1
900,-0.1555053784352291,-0.14084545967642614,0.014659918758802959,-0.16600765144830237,100,1
920,-0.1895049142819954,-0.16934072622564655,0.020164188056348842,-0.1662694848475148,100,1
940,-0.15585912849838612,-0.13970032278337302,0.016158805715013103,-0.16640477663592768,100,1
960,-0.15183605984919119,-0.13469843240239143,0.017137627446799752,-0.1663994796094082,100,1
980,-0.1695122692729727,-0.14988045286758078,0.01963181640539191,-0.16630540125586846,100,1
1000,-0.16498783977653125,-0.14481358377775477,0.02017425599877648,-0.16633320497703136,100,1
1020,-0.1437827012936957,-0.12681634956285354,0.016966351730842155,-0.16639774814968206,100,1
1040,-0.14897232472343114,-0.12950960923646915,0.01946271548696199,-0.16638313746363803,100,1
1060,-0.1800916706308912,-0.15555968512770363,0.02453198550318758,-0.16630146861196982,100,1
1080,-0.18991539754836956,-0.16602053899374491,0.023894858554624643,-0.16621998984502906,100,1
1100,-0.18173632277640234,-0.162531385713179,0.01920493706322335,-0.16665555692884138,100,1
1120,-0.18602747257020263,-0.16653047308763125,0.019496999482571387,-0.16699066687267206,100,1
1140,-0.19630872043833664,-0.1718788524240364,0.02442986801430025,-0.16680647794254,100,1
1160,-0.21781209985775118,-0.1882314645621771,0.029580635295574087,-0.166562984917357,100,1
1180,-0.2063424057710177,-0.1753552430006674,0.030987162770350296,-0.16629228012405095,100,1
1200,-0.21585516143717826,-0.18406232022001062,0.03179284121716763,-0.1659989374076623,100,1
1220,-0.21103987179544337,-0.1776472984616546,0.033392573333788755,-0.16466207156509172,100,1
1240,-0.17912499862149228,-0.15275485735907773,0.026370141262414548,-0.1641244681282198,100,1
1260,-0.17483219936425598,-0.14703632007967676,0.027795879284579217,-0.16380011831217367,100,1
1280,-0.1525624422872166,-0.12959028998930522,0.022972152297911386,-0.16425881185480184,100,1
1300,-0.17600136377063375,-0.14962516303649692,0.026376200734136823,-0.16500257764560583,100,1
1320,-0.17093591621583143,-0.1401244785670578,0.030811437648773643,-0.16458118128765387,100,1
1340,-0.19584014442805764,-0.16356533232661685,0.032274812101440786,-0.1642491879256146,100,1
1360,-0.18548812938543469,-0.15191220139822847,0.03357592798720621,-0.16311371377015726,100,1
1380,-0.21784510245823108,-0.17603062102855105,0.04181448142968003,-0.16091051887448082,100,1
1400,-0.21975189122789196,-0.17777612456093306,0.0419757666669589,-0.15821925674823623,100,1
1420,-0.24301657788074094,-0.19698018271636553,0.04603639516437541,-0.1568952985566514,100,1
1440,-0.22044071051279357,-0.17959220584847058,0.04084850466432299,-0.15621455943936724,100,1
1460,-0.22530723333833802,-0.1875107912466487,0.03779644209168931,-0.15874873515836407,100,1
1480,-0.1948448198428624,-0.15953198686035408,0.03531283298250831,-0.15820321614780075,100,1
1500,-0.19881243311942676,-0.16466802830364102,0.034144404815785734,-0.15884783903622945,100,1
1520,-0.2108759385863983,-0.171633589853179,0.0392423487332193,-0.15494489291177982,100,1
1540,-0.20502742991135486,-0.17002551807415883,0.03500191183719603,-0.15788878609136175,100,1
1560,-0.1922028546468788,-0.15590290649827176,0.03629994814860704,-0.1589613677386924,100,1
1580,-0.22009711833646878,-0.17915298408378483,0.04094413425268395,-0.15909360305037062,100,1
1600,-0.2328661936515482,-0.19086163513399362,0.04200455851755458,-0.15989842495867596,100,1
1620,-0.20605424936340339,-0.16345904126027028,0.04259520810313311,-0.15717222635825384,100,1
1640,-0.22060685595631646,-0.17657640277938902,0.04403045317692744,-0.1571484860059007,100,1
1660,-0.2129937608059998,-0.16944538293403827,0.04354837787196153,-0.15719059487834924,100,1
1680,-0.21346290083167352,-0.17053458303264146,0.042928317799032056,-0.15538243795606965,100,1
1700,-0.2207864807248992,-0.17684825895861228,0.04393822176628692,-0.15397433312744363,100,1
1720,-0.18938038033724458,-0.1502221069442069,0.03915827339303768,-0.15428547241676238,100,1
1740,-0.17267305170624359,-0.13574200851453067,0.03693104319171292,-0.15690323117700866,100,1
1760,-0.2137293603072969,-0.1683948531311889,0.045334507176107985,-0.15696765845075694,100,1
1780,-0.16215014169653108,-0.125072798448144,0.037077343248387074,-0.15466927210597592,100,1
1800,-0.16869777098276184,-0.12927930469860904,0.0394184662841528,-0.1564124694576835,100,1
1820,-0.21925334944190228,-0.17378574023937693,0.04546760920252535,-0.15497463657983074,100,1
1840,-0.1753061790242506,-0.14063543342809504,0.03467074559615557,-0.15388331732318683,100,1
1860,-0.1988057454594674,-0.16057838713767325,0.038227358321794136,-0.15376006934777475,100,1
1880,-0.21827551520253152,-0.17343460054636894,0.04484091465616258,-0.15650794007369295,100,1
1900,-0.18591746351627136,-0.14763077719950635,0.03828668631676502,-0.1568693467829848,100,1
1920,-0.1895735008502064,-0.15038265200844192,0.03919084884176449,-0.15527352408290285,100,1
1940,-0.1764696191055949,-0.14238956476099807,0.03408005434459682,-0.1577799587607035,100,1
1960,-0.17052512274072607,-0.13585608674061056,0.034669036000115505,-0.15808410319115984,100,1
1980,-0.20213050506911445,-0.16473848942215774,0.03739201564695671,-0.15948967375023737,100,1
2000,-0.2013722829265242,-0.16502127989997428,0.03635100302654992,-0.1580012629384866,100,1
1,12.188422468033483,12.192661562709864,0.004239094676380617,12.383703846018669,100,2
20,8.295878363722805,8.308276917977993,0.012398554255188543,8.389604198460958,100,2
40,5.4500290207882385,5.454706872214759,0.004677851426520441,5.516000976752802,100,2
60,3.5602501784662444,3.560759012426688,0.0005088339604437664,3.5838884295881255,100,2
80,2.3333206400097017,2.33463424502497,0.0013136050152682266,2.2889173838956745,100,2
100,1.4901233771158995,1.489531703478963,-0.0005916736369364628,1.4292827195193902,100,2
120,0.9261093795263211,0.9215499470695159,-0.004559432456805235,0.8708241487795645,100,2
140,0.5465535338915191,0.5363981345299963,-0.010155399361522766,0.5068337349837426,100,2
160,0.32908775333288476,0.32086840112313775,-0.00821935220974701,0.2713795125609301,100,2
180,0.14017975581676934,0.1273252678612663,-0.012854487955503036,0.11843186027922281,100,2
200,0.04634450131376788,0.03356603279684506,-0.012778468516922825,0.02034431514217766,100,2
220,-0.019044300702266037,-0.03217144279983575,-0.01312714209756971,-0.04392885769415278,100,2
240,-0.06550658000894394,-0.07852605183386985,-0.01301947182492591,-0.08633929367676518,100,2
260,-0.11944909263393905,-0.13433647189260678,-0.014887379258667732,-0.11331534841987523,100,2
280,-0.134154365074742,-0.1480429457176079,-0.013888580642865911,-0.13107721699039077,100,2
300,-0.14335162962913123,-0.1566398128089701,-0.013288183179838875,-0.14283661025734068,100,2
320,-0.13781146965565222,-0.14816038605198228,-0.010348916396330066,-0.15112557808091182,100,2
340,-0.16917780430244156,-0.18338249663368367,-0.014204692331242108,-0.15625350856645887,100,2
360,-0.16499084180240225,-0.17886682528947467,-0.013875983487072419,-0.159930976005993,100,2
380,-0.16452255871587917,-0.17785701665576087,-0.013334457939881694,-0.1621899194078138,100,2
400,-0.15744375908706099,-0.16973010849865194,-0.012286349411590958,-0.1638604542219403,100,2
420,-0.17612127323599297,-0.19066607738479985,-0.014544804148806878,-0.16488537559195848,100,2
440,-0.18219911494220692,-0.19571774163541178,-0.01351862669320486,-0.16543373584094406,100,2
460,-0.17200002249223634,-0.18538138442408042,-0.013381361931844082,-0.16573076148667848,100,2
480,-0.14614790462664506,-0.15586080910618644,-0.009712904479541373,-0.16612748740446476,100,2
500,-0.15600181339986657,-0.16634142372190408,-0.010339610322037507,-0.16633423571795264,100,2
520,-0.13860771470071764,-0.14717454643282873,-0.008566831732111091,-0.1664570297958891,100,2
540,-0.13237061213417847,-0.13975175537820747,-0.007381143244028998,-0.16638747360448267,100,2
560,-0.14285166093829205,-0.15113135219219942,-0.008279691253907373,-0.16641569497818198,100,2
580,-0.15812891959032627,-0.16814461344432613,-0.010015693853999863,-0.166393438000716,100,2
600,-0.15957719709136708,-0.1700974218403059,-0.010520224748938822,-0.1662735889457887,100,2
620,-0.1612192026241958,-0.17178063215425243,-0.01056142953005662,-0.16625622823071606,100,2
640,-0.16191996894901017,-0.17343557548258415,-0.011515606533573974,-0.1663437425841614,100,2
660,-0.15954480214822564,-0.16993129132388018,-0.010386489175654545,-0.16658215678765054,100,2
680,-0.15506389074070515,-0.16536034271802785,-0.010296451977322707,-0.1664846178822001,100,2
700,-0.15868623714996172,-0.1683988083392517,-0.009712571189289976,-0.16627654673434994,100,2
720,-0.1626047086516046,-0.17287601225953475,-0.01027130360793016,-0.16631091495534944,100,2
740,-0.1893427858637649,-0.20303137818625316,-0.013688592322488258,-0.1663419259877968,100,2
760,-0.17568831892456355,-0.18810658684313414,-0.012418267918570591,-0.16642499535081362,100,2
780,-0.16564008301774125,-0.17691113335993358,-0.011271050342192335,-0.16644201004954995,100,2
800,-0.15518804611385106,-0.16505853932544745,-0.009870493211596387,-0.16641202660796978,100,2
820,-0.1610440394816588,-0.17216204326121098,-0.011118003779552188,-0.16637578489540972,100,2
840,-0.15902185897844814,-0.1681721774158987,-0.009150318437450566,-0.1660974129831103,100,2
860,-0.1692953814587262,-0.17981397483315265,-0.010518593374426455,-0.16587974369295905,100,2
880,-0.1587517533005658,-0.16743923706691033,-0.00868748376634454,-0.16574661732372553,100,2
900,-0.15472846489849257,-0.16271599730089392,-0.007987532402401354,-0.16550839594405398,100,2
920,-0.1507626483504627,-0.1574085890260694,-0.0066459406756066985,-0.16505338478281822,100,2
940,-0.15735253603337193,-0.1654267222380217,-0.00807418620464978,-0.16481665983755386,100,2
960,-0.15898379789381897,-0.16750245009911388,-0.008518652205294908,-0.16486036650058097,100,2
980,-0.1577301883497674,-0.1664581979120626,-0.008728009562295191,-0.16506435002781697,100,2
1000,-0.13549797123697627,-0.14151982171696587,-0.006021850479989599,-0.16471955222846457,100,2
1020,-0.15201097373718497,-0.15895201163427453,-0.0069410378970895525,-0.16451914122633404,100,2
1040,-0.1558967403649441,-0.16259980910825328,-0.006703068743309171,-0.1638709559064156,100,2
1060,-0.13464964433373938,-0.1399284537916483,-0.005278809457908928,-0.16402123421249054,100,2
1080,-0.13934565737478732,-0.144502565080948,-0.005156907706160674,-0.16391350689756873,100,2
1100,-0.1465986837305943,-0.15256149035200903,-0.00596280662141474,-0.16386181158160038,100,2
1120,-0.13732701885011084,-0.14290457077289143,-0.005577551922780588,-0.16417651995453647,100,2
1140,-0.14769290351248232,-0.15438407221472317,-0.006691168702240846,-0.16457954196818725,100,2
1160,-0.15658778385417108,-0.16479560119576983,-0.008207817341598755,-0.16511401318836152,100,2
1180,-0.15164013711905255,-0.15953074439997617,-0.007890607280923612,-0.1652803118273954,100,2
1200,-0.15572119987223715,-0.1638331755049987,-0.008111975632761559,-0.1649648524850793,100,2
1220,-0.15162135903185237,-0.1592819304640597,-0.00766057143220733,-0.1650544492975956,100,2
1240,-0.1577484853430414,-0.16508404644667377,-0.007335561103632371,-0.16490678437165776,100,2
1260,-0.16378195401311263,-0.17263753588472758,-0.008855581871614948,-0.16491579896908592,100,2
1280,-0.14910849893611924,-0.15705777646725452,-0.00794927753113528,-0.16497402288774562,100,2
1300,-0.14002011365648365,-0.14687323336836106,-0.006853119711877409,-0.16484476741888615,100,2
1320,-0.14109597697097656,-0.14844235339583858,-0.007346376424862022,-0.16495409675760206,100,2
1340,-0.13904628908734412,-0.1448629867244559,-0.0058166976371117896,-0.16505335925215486,100,2
1360,-0.1555567492602689,-0.163639548802063,-0.008082799541794083,-0.16475181753993928,100,2
1380,-0.1585493459950852,-0.16700072601349725,-0.008451380018412058,-0.16493827326387783,100,2
1400,-0.16098141091690987,-0.1701153606967133,-0.009133949779803419,-0.16522312985341608,100,2
1420,-0.15106469922159574,-0.15998050410798967,-0.00891580488639393,-0.16570051575237102,100,2
1440,-0.14131938616035494,-0.1488194343073364,-0.007500048146981464,-0.1657088851065897,100,2
1460,-0.13567272603088992,-0.14237723871938607,-0.006704512688496145,-0.16558759728327666,100,2
1480,-0.15688159969647614,-0.16631069945203913,-0.009429099755562997,-0.1654702345864565,100,2
1500,-0.15635984620504928,-0.16549722002811434,-0.009137373823065065,-0.16526281122747677,100,2
1520,-0.15480041061271627,-0.16371563547398627,-0.00891522486127,-0.16552001849719183,100,2
1540,-0.16460531072492746,-0.17455843746834215,-0.009953126743414697,-0.16569392897675234,100,2
1560,-0.1548685182185477,-0.16389912788776445,-0.00903060966921676,-0.16546821749980728,100,2
1580,-0.161250410214927,-0.17050043618430585,-0.00925002596937885,-0.16532283236190268,100,2
1600,-0.15716556586387737,-0.16642163946718153,-0.00925607360330416,-0.16551568636325048,100,2
1620,-0.14475648288178197,-0.15235698953723018,-0.007600506655448203,-0.16588681269730957,100,2
1640,-0.15937878244332307,-0.17000657240276093,-0.010627789959437861,-0.1660215285941893,100,2
1660,-0.1536140662253191,-0.16299413148839625,-0.009380065263077164,-0.16626251661051783,100,2
1680,-0.1519276779100656,-0.16168692269493704,-0.009759244784871446,-0.1662195456102861,100,2
1700,-0.15099725785828177,-0.16045816507372312,-0.00946090721544135,-0.16638182140216612,100,2
1720,-0.14755909005333423,-0.15756738779248214,-0.010008297739147909,-0.16654891544781375,100,2
1740,-0.16852789982012778,-0.17962180769736202,-0.011093907877234244,-0.16651582413688154,100,2
1760,-0.17113909481368533,-0.1825543666611607,-0.011415271847475372,-0.16642643440284016,100,2
1780,-0.17376840050695774,-0.18633591183465603,-0.012567511327698289,-0.16655112514532744,100,2
1800,-0.16074010151045187,-0.17150839611375024,-0.010768294603298367,-0.1664483727232377,100,2
1820,-0.1671641827792772,-0.17813298903284114,-0.010968806253563945,-0.16643429642184826,100,2
1840,-0.16902071382533057,-0.181375196164977,-0.012354482339646422,-0.16640902846626154,100,2
1860,-0.16508000287345792,-0.17634961453990383,-0.011269611666445911,-0.16642039663768088,100,2
1880,-0.17046962545458633,-0.18199124017095608,-0.011521614716369755,-0.16629491905549487,100,2
1900,-0.17491010903441934,-0.1872045246605849,-0.012294415626165567,-0.1663000858230232,100,2
1920,-0.15847492779252614,-0.17036490626683948,-0.011889978474313334,-0.16617040448539344,100,2
1940,-0.13692346411865058,-0.14680823628597872,-0.009884772167328137,-0.16638123126095933,100,2
1960,-0.13151809369891176,-0.14018658832095154,-0.00866849462203978,-0.16648903339603288,100,2
1980,-0.15138011498851134,-0.16104464175745836,-0.009664526768947024,-0.1664085686278144,100,2
2000,-0.14285208286309298,-0.1518616158334043,-0.009009532970311318,-0.16640130427044975,100,2
1,12.669210598219077,12.671030881689612,0.0018202834705345339,13.135052239721624,100,3
20,8.708704079432284,8.736347377733948,0.027643298301663677,8.904123253857417,100,3
40,5.792375388269391,5.814316954381374,0.021941566111983057,5.863290401744671,100,3
60,3.818575367397604,3.8380824676130354,0.01950710021543145,3.7820671825190155,100,3
80,2.520300875149708,2.5379048680844822,0.017603992934774215,2.4165790780685796,100,3
100,1.606376263334045,1.613803583137785,0.007427319803740007,1.5291903710759156,100,3
120,1.0022239209321133,1.0035527877830241,0.001328866850910826,0.9507262799709484,100,3
140,0.603529943252458,0.5999758414191885,-0.0035541018332695407,0.5816891756619751,100,3
160,0.3490597091996334,0.3434867261990894,-0.005572983000544041,0.3413317051624325,100,3
180,0.2043880477220166,0.20070164493481857,-0.0036864027871980343,0.18388580846737693,100,3
200,0.09145824264099925,0.08759382373256175,-0.0038644189084375002,0.07877180577388945,100,3
220,0.013777337943596313,0.009279578053800391,-0.0044977598897959215,0.008755661719181101,100,3
240,-0.04019562537742549,-0.045471411143166246,-0.005275785765740754,-0.03848673077009088,100,3
260,-0.07554066412029559,-0.08151834103713596,-0.005977676916840369,-0.07200595092060891,100,3
280,-0.1002080540486966,-0.10681642512180484,-0.0066083710731082435,-0.09646703691348713,100,3
300,-0.11481620160104547,-0.12133005621060725,-0.0065138546095617755,-0.11320585769226568,100,3
320,-0.12202138342370536,-0.12800504804513216,-0.0059836646214267986,-0.12520195283635652,100,3
340,-0.11667287620188194,-0.12130434744447977,-0.004631471242597829,-0.13367210444652355,100,3
360,-0.12754467875489228,-0.1326625079469449,-0.005117829192052614,-0.1397810438491473,100,3
380,-0.13333568460790357,-0.13886408775408615,-0.005528403146182581,-0.14406952079404806,100,3
400,-0.1478663645757689,-0.15548691601107884,-0.00762055143530993,-0.14800338434387772,100,3
420,-0.148113776968023,-0.15583919009261873,-0.007725413124595737,-0.15039352907095185,100,3
440,-0.13741463512710306,-0.14324260280786755,-0.00582796768076449,-0.1524744933467987,100,3
460,-0.1346312044619411,-0.14009202898932055,-0.005460824527379449,-0.15414092898524584,100,3
480,-0.13146090682131414,-0.13627784173539234,-0.004816934914078197,-0.15497994650293198,100,3
500,-0.13279925842812867,-0.13774046347829577,-0.004941205050167097,-0.15639756320219905,100,3
520,-0.14838515323294574,-0.15605342485974608,-0.007668271626800338,-0.15755093782484356,100,3
540,-0.13737740806273113,-0.14306719156635445,-0.0056897835036233135,-0.15814499823274103,100,3
560,-0.12908925671390115,-0.1333111709782559,-0.004221914264354754,-0.15758903292568027,100,3
580,-0.1271553997832783,-0.1311408083149155,-0.003985408531637202,-0.15685615914025045,100,3
600,-0.15834314324271714,-0.1669951565188002,-0.00865201327608306,-0.15656158408930693,100,3
620,-0.15183455983918392,-0.15945381491477062,-0.007619255075586695,-0.15700852002591442,100,3
640,-0.1474741399838548,-0.15435264088145165,-0.00687850089759684,-0.15745270968363326,100,3
660,-0.15492170361810992,-0.16352696767803748,-0.008605264059927564,-0.15869713875455288,100,3
680,-0.17674005429647904,-0.189535427785877,-0.012795373489397965,-0.15982032524787798,100,3
700,-0.15587952419205517,-0.16556396541585414,-0.009684441223798967,-0.160530024067739,100,3
720,-0.1563175928163956,-0.16626564031472116,-0.009948047498325563,-0.16093978044391996,100,3
740,-0.14081306151769896,-0.14807853031731916,-0.0072654687996202005,-0.16050052402162318,100,3
760,-0.13436012958536978,-0.14032996060050865,-0.005969831015138871,-0.160120520402687,100,3
780,-0.13773760637765042,-0.1437539534107496,-0.0060163470330991675,-0.15955130064689643,100,3
800,-0.1409046236264758,-0.14745737746382945,-0.006552753837353653,-0.1598289674826969,100,3
820,-0.14516988769703035,-0.1531490566885548,-0.007979168991524455,-0.1600691498687137,100,3
840,-0.14019940875010384,-0.14660030236390087,-0.006400893613797032,-0.15876981171476495,100,3
860,-0.1288760784834685,-0.13288214913764107,-0.004006070654172578,-0.15781010355178887,100,3
880,-0.14629080072171258,-0.15340220665859278,-0.0071114059368802,-0.15880256114835956,100,3
900,-0.15352812935328242,-0.16259655544975932,-0.0090684260964769,-0.16025710429201018,100,3
920,-0.14799440255110663,-0.15715417069782223,-0.009159768146715597,-0.16179897093693063,100,3
940,-0.14727844485375935,-0.1564180853424455,-0.009139640488686152,-0.1620856576764267,100,3
960,-0.1578113968180173,-0.16864789596572094,-0.010836499147703627,-0.16249251476637205,100,3
980,-0.15421465140467094,-0.1647936539342315,-0.010579002529560566,-0.16259210273637514,100,3
1000,-0.1439502538081883,-0.1524976589463621,-0.008547405138173814,-0.16247290581581988,100,3
1020,-0.15649698037025783,-0.16814669936310356,-0.011649718992845726,-0.16277312761105683,100,3
1040,-0.14494657501692743,-0.15425166020490771,-0.009305085187980289,-0.16275646871363764,100,3
1060,-0.14232492783211545,-0.15091507833248433,-0.008590150500368876,-0.1626343380228185,100,3
1080,-0.14013734338291883,-0.14865974720161113,-0.008522403818692292,-0.16291136283724938,100,3
1100,-0.14840686456418017,-0.1583243401101509,-0.009917475545970722,-0.1629260993191608,100,3
1120,-0.14697297061856485,-0.15662918254527114,-0.009656211926706293,-0.1629065568311288,100,3
1140,-0.14870372976947133,-0.1587467091952089,-0.010042979425737564,-0.162983817296876,100,3
1160,-0.15707971357548534,-0.16881126332265028,-0.011731549747164949,-0.16327109238278908,100,3
1180,-0.15431603175935593,-0.16609803638808124,-0.011782004628725307,-0.16402831962688297,100,3
1200,-0.1431804394565109,-0.1533014537581697,-0.010121014301658793,-0.16377433374741976,100,3
1220,-0.15808047577259798,-0.17064422837717752,-0.012563752604579537,-0.16354408241355917,100,3
1240,-0.1642937572666192,-0.17752278750660477,-0.013229030239985562,-0.16359819622942173,100,3
1260,-0.16597324352300769,-0.17920616769636932,-0.013232924173361638,-0.1635113784777792,100,3
1280,-0.15029647965472204,-0.16175128983298448,-0.011454810178262442,-0.1643416510548381,100,3
1300,-0.1406160344862238,-0.14973330493474182,-0.009117270448518011,-0.1639184293796955,100,3
1320,-0.14597083962699278,-0.15576100371958565,-0.009790164092592868,-0.16363833739929937,100,3
1340,-0.14754982677663886,-0.1579994082881222,-0.010449581511483341,-0.16384433869773635,100,3
1360,-0.15630116686263945,-0.1682985030403355,-0.01199733617769605,-0.1638922183762465,100,3
1380,-0.1549512318572136,-0.16646470517521028,-0.01151347331799668,-0.16349488352655,100,3
1400,-0.1432861653109172,-0.15241235252161128,-0.009126187210694081,-0.1633501318183196,100,3
1420,-0.15297730448370123,-0.1645092051094928,-0.011531900625791569,-0.16386162148008376,100,3
1440,-0.14814832964763,-0.1590573083394307,-0.010908978691800686,-0.1641202037011499,100,3
1460,-0.1465070423266048,-0.15683890457138314,-0.010331862244778334,-0.16386005483958702,100,3
1480,-0.14511049504704493,-0.15454634897298786,-0.009435853925942927,-0.16364275791650285,100,3
1500,-0.1521466145484639,-0.1630744194639921,-0.010927804915528194,-0.16338005792788912,100,3
1520,-0.14905005940153984,-0.15908617033196634,-0.0100361109304265,-0.16306048702031875,100,3
1540,-0.13353453543250085,-0.141498826574212,-0.007964291141711155,-0.16346777909201712,100,3
1560,-0.1354973939175728,-0.14317392646913438,-0.007676532551561588,-0.163322382932616,100,3
1580,-0.13564644986588947,-0.14355422544194674,-0.007907775576057263,-0.16350265713080953,100,3
1600,-0.1489948113939779,-0.1592141966673169,-0.010219385273338988,-0.16379931383835167,100,3
1620,-0.16333937824110972,-0.17689410613084317,-0.013554727889733442,-0.16428080458551508,100,3
1640,-0.14717277378049806,-0.1572620819664529,-0.010089308185954826,-0.16365240334636003,100,3
1660,-0.14159949910341496,-0.15104615027873042,-0.009446651175315457,-0.16369510521704866,100,3
1680,-0.15700896699932015,-0.1693060990662284,-0.012297132066908245,-0.16407447414189313,100,3
1700,-0.16155724855652867,-0.1740083707263795,-0.012451122169850837,-0.16370710393129642,100,3
1720,-0.14449739687942872,-0.15457608762238886,-0.010078690742960139,-0.16415145247701715,100,3
1740,-0.1387096401248019,-0.14776986077250695,-0.009060220647705064,-0.16446741023244818,100,3
1760,-0.15238568325900637,-0.1643346859289735,-0.011949002669967124,-0.16469259930672997,100,3
1780,-0.16752023194859283,-0.18226004257950607,-0.01473981063091323,-0.16479912261086488,100,3
1800,-0.16106779149029615,-0.1761403941059866,-0.015072602615690434,-0.16565685643394407,100,3
1820,-0.15006108481420855,-0.16424062262326217,-0.014179537809053622,-0.1662537715990005,100,3
1840,-0.13870934673635377,-0.1517667053120076,-0.013057358575653821,-0.16666265463182145,100,3
1860,-0.14557900821867653,-0.16000266889982206,-0.014423660681145534,-0.1666786556918879,100,3
1880,-0.1421182230709785,-0.15551380994927577,-0.013395586878297283,-0.1665224788253954,100,3
1900,-0.16575996209934296,-0.1836103014432401,-0.017850339343897126,-0.16665154174244495,100,3
1920,-0.15271383951126466,-0.16845823878471639,-0.015744399273451726,-0.16661833535169968,100,3
1940,-0.15799224223099956,-0.17507258432418743,-0.017080342093187872,-0.16664095458221412,100,3
1960,-0.14948628686295362,-0.16518972777061952,-0.0157034409076659,-0.1666362871414383,100,3
1980,-0.1575030116320136,-0.17389085353453052,-0.01638784190251691,-0.16652943095944603,100,3
2000,-0.144164969436088,-0.15718510375579484,-0.013020134319706833,-0.1664007484918326,100,3
1,11.824232426764098,11.822552242077634,-0.0016801846864638037,11.496831172773902,100,4
20,7.932655437737261,7.915990933715293,-0.01666450402196773,7.808310696181708,100,4
40,5.243138857534028,5.223205727964784,-0.0199331295692442,5.192335352309144,100,4
60,3.459459667668387,3.43897968324126,-0.020479984427127285,3.4601147490053483,100,4
80,2.2865735702697867,2.2695720529018653,-0.017001517367921437,2.296704482700336,100,4
100,1.5175461022876338,1.5052587780304263,-0.012287324257207466,1.5166187859445723,100,4
120,1.0062156590538582,0.9969199348064008,-0.009295724247457393,0.9944604087256277,100,4
140,0.6470772242111972,0.6382739188221541,-0.008803305389043059,0.6561011029161703,100,4
160,0.4200024795946187,0.4135147374788119,-0.006487742115806827,0.42251226884095405,100,4
180,0.26240730742429746,0.2575983613548514,-0.004808946069446041,0.26175790956464917,100,4
200,0.16223579815680494,0.1586611627472993,-0.0035746354095056443,0.1541496734873561,100,4
220,0.07743493379225508,0.07430139660326257,-0.003133537188992508,0.07807215618296748,100,4
240,0.019113506086632592,0.01591534654202248,-0.003198159544610113,0.029528932027898802,100,4
260,-0.018574832954166648,-0.021379233593679464,-0.0028044006395128163,-0.0057888125915101785,100,4
280,-0.02680974436356845,-0.028184294267505544,-0.0013745499039370945,-0.03089765862134089,100,4
300,-0.048263469278726046,-0.04914300221414622,-0.0008795329354201742,-0.053276634240399606,100,4
320,-0.06580683530256792,-0.06645336249031175,-0.0006465271877438283,-0.0687374387735559,100,4
340,-0.08359827206402584,-0.08437360217636744,-0.000775330112341599,-0.07892033105454652,100,4
360,-0.09278071039168609,-0.09351274220317657,-0.00073203181149048,-0.0870212995453229,100,4
380,-0.09250967689128176,-0.09277755639798616,-0.0002678795067043993,-0.09492789922139813,100,4
400,-0.10187879910191588,-0.10218276878379773,-0.0003039696818818438,-0.10173204434865185,100,4
420,-0.10550199695790544,-0.10580351293400181,-0.0003015159760963726,-0.10855289690887354,100,4
440,-0.10826964417370433,-0.10814615646814654,0.00012348770555778432,-0.1146114910313979,100,4
460,-0.12222922015045479,-0.12300391256507259,-0.0007746924146178058,-0.11998841444763475,100,4
480,-0.12157342227526019,-0.12202428720537606,-0.0004508649301158685,-0.1238101047473435,100,4
500,-0.12828300554328992,-0.12927177652998711,-0.000988770986697196,-0.12755704964736786,100,4
520,-0.14052980190723113,-0.14277264543925627,-0.0022428435320251405,-0.13115672888592206,100,4
540,-0.14267712967799578,-0.1451443046865809,-0.0024671750085851207,-0.13502573282252028,100,4
560,-0.13890311895321134,-0.14091406000208462,-0.0020109410488732826,-0.1384526726975419,100,4
580,-0.14075730473052378,-0.1431173456934225,-0.002360040962898713,-0.1416177181989436,100,4
600,-0.14019689703622468,-0.14247274226825357,-0.0022758452320288947,-0.1441356482724097,100,4
620,-0.1415892333906755,-0.1440959145998593,-0.002506681209183792,-0.1461096753756798,100,4
640,-0.14719979958747167,-0.1503308621511745,-0.0031310625637028244,-0.14776117224688826,100,4
660,-0.15223833084030367,-0.1560177874180195,-0.003779456577715834,-0.14893148175449297,100,4
680,-0.12909165196129746,-0.13022987781434997,-0.0011382258530525102,-0.14945201382555423,100,4
700,-0.14357087027288837,-0.14612518834183344,-0.0025543180689450717,-0.15095721306882295,100,4
720,-0.14947664344711029,-0.152991183291971,-0.00351453984486072,-0.1530263190962001,100,4
740,-0.1422056055675941,-0.14499237572201995,-0.002786770154425855,-0.1540927333520719,100,4
760,-0.13232206087041354,-0.13454448004252162,-0.002222419172108081,-0.15556601301875872,100,4
780,-0.1366603617069136,-0.13962771258741574,-0.002967350880502151,-0.15580081956538488,100,4
800,-0.14312128308584854,-0.14688698492130625,-0.003765701835457713,-0.15588558661305557,100,4
820,-0.15279050733127636,-0.1579456289629384,-0.005155121631662041,-0.1569813283689836,100,4
840,-0.14657729515871876,-0.15059306960316882,-0.00401577444445006,-0.15720982065615746,100,4
860,-0.15275095734336722,-0.15757621147199566,-0.004825254128628442,-0.1568937784866963,100,4
880,-0.15074152829413173,-0.15536788283662606,-0.004626354542494326,-0.15724929397817022,100,4
900,-0.14294850079038135,-0.14659446139546672,-0.0036459606050853743,-0.15795428499940684,100,4
920,-0.15346421895060602,-0.15837036507221103,-0.004906146121605004,-0.15852102256623352,100,4
940,-0.15678565849118545,-0.16238827604350006,-0.005602617552314615,-0.15914045251943085,100,4
960,-0.15441444952417893,-0.15921135924043722,-0.004796909716258291,-0.15891119656741765,100,4
980,-0.14376710743182577,-0.1476226189072181,-0.0038555114753923148,-0.15886125631539896,100,4
1000,-0.15231099865149728,-0.15724527366095387,-0.00493427500945659,-0.1583186290701617,100,4
1020,-0.16538596874920442,-0.17168361677167476,-0.006297648022470348,-0.15866938642362544,100,4
1040,-0.16551141372127331,-0.17184973851438456,-0.00633832479311125,-0.1593972848271593,100,4
1060,-0.15713304983387105,-0.16326236869252192,-0.006129318858650867,-0.1607550432373962,100,4
1080,-0.1657210706167186,-0.17375744945036203,-0.008036378833643443,-0.16225168857905642,100,4
1100,-0.1803334935540538,-0.19064000531936412,-0.010306511765310333,-0.16295221015574676,100,4
1120,-0.15840031453746006,-0.16648906930291163,-0.008088754765451567,-0.16355809463800763,100,4
1140,-0.1512029088089042,-0.15857398961983654,-0.007371080810932351,-0.16407939632847662,100,4
1160,-0.15605497827978954,-0.16381681275579263,-0.007761834476003093,-0.16420997446194174,100,4
1180,-0.16692569534407622,-0.17542144945882224,-0.008495754114746012,-0.16441820805767096,100,4
1200,-0.1696649353693166,-0.1786737729085392,-0.009008837539222603,-0.1645599741604466,100,4
1220,-0.15358274487604978,-0.16150476397102553,-0.007922019094975752,-0.1645511418699891,100,4
1240,-0.14759826140879373,-0.15418509679311326,-0.006586835384319534,-0.1641853751653642,100,4
1260,-0.1551428512340114,-0.16231068991276282,-0.007167838678751426,-0.16425644041940468,100,4
1280,-0.15816378617468901,-0.16471259453547255,-0.006548808360783531,-0.16382569267100416,100,4
1300,-0.13293510061254155,-0.13760237286135507,-0.004667272248813525,-0.1641985642257619,100,4
1320,-0.15152402599146544,-0.1589166958099528,-0.007392669818487352,-0.16449990142670365,100,4
1340,-0.16151411287441725,-0.17029380440870384,-0.008779691534286593,-0.16416776145000206,100,4
1360,-0.14546873789055054,-0.15195067029652187,-0.006481932405971336,-0.1641053728993493,100,4
1380,-0.15779577429746922,-0.16575970644203797,-0.007963932144568753,-0.16341250689605374,100,4
1400,-0.17379947745560592,-0.18314931420751734,-0.009349836751911422,-0.16408102922450557,100,4
1420,-0.16081955426611574,-0.1686158831704558,-0.007796328904340066,-0.164025054561289,100,4
1440,-0.14960396533595255,-0.15585998673444917,-0.006256021398496625,-0.16493877789075084,100,4
1460,-0.15917770202909298,-0.1676875451677975,-0.00850984313870451,-0.1657146731547796,100,4
1480,-0.15015952583193176,-0.15874392088291317,-0.008584395050981408,-0.16613204014028427,100,4
1500,-0.1421572880056293,-0.14983431262796484,-0.007677024622335549,-0.1660172969975134,100,4
1520,-0.14166333689939312,-0.1498475647152616,-0.008184227815868472,-0.16620977278770263,100,4
1540,-0.15016450585268487,-0.15894642960461824,-0.008781923751933374,-0.16641938450042176,100,4
1560,-0.15404601594539163,-0.16277175017089723,-0.0087257342255056,-0.16583726195207776,100,4
1580,-0.1528687183072043,-0.16135228683141514,-0.008483568524210838,-0.1660471318556556,100,4
1600,-0.14532134310344821,-0.15306984299329843,-0.007748499889850213,-0.16611392744732698,100,4
1620,-0.15191536100291614,-0.16064990753276198,-0.008734546529845844,-0.16602048679166992,100,4
1640,-0.13142414681083722,-0.13668354593466006,-0.005259399123822839,-0.1657138811333789,100,4
1660,-0.15483346636850712,-0.16265454837255536,-0.007821082004048241,-0.16546131763215208,100,4
1680,-0.1487489150006148,-0.15627924323565476,-0.0075303282350399625,-0.16534681981124086,100,4
1700,-0.1558689521735575,-0.16347770717607907,-0.007608755002521561,-0.16475420363467058,100,4
1720,-0.16024753174220566,-0.1687665450333605,-0.008519013291154842,-0.16497003654866013,100,4
1740,-0.15558129820172084,-0.16362251154288748,-0.008041213341166642,-0.1647325609409755,100,4
1760,-0.15553841264321625,-0.16409390041080865,-0.008555487767592407,-0.16505238445362794,100,4
1780,-0.16388433606961228,-0.17353608063947684,-0.009651744569864562,-0.16555448519451904,100,4
1800,-0.15946950823957928,-0.16818945548434244,-0.00871994724476316,-0.1655320950680802,100,4
1820,-0.17230132239469392,-0.1826949748985225,-0.010393652503828565,-0.1658910116521039,100,4
1840,-0.16446802200518545,-0.1732045397513004,-0.008736517746114947,-0.16633745596438537,100,4
1860,-0.1733007508595408,-0.18383328651648054,-0.010532535656939734,-0.16635183601805723,100,4
1880,-0.15679929056492645,-0.16577731545296734,-0.008978024888040892,-0.1662316339884539,100,4
1900,-0.1675976046978342,-0.1782854555685935,-0.010687850870759297,-0.16592282939809938,100,4
1920,-0.18392620813496452,-0.19742419535072364,-0.013497987215759122,-0.16628283074007777,100,4
1940,-0.15340732204221405,-0.16328446774065594,-0.009877145698441891,-0.16654013946603205,100,4
1960,-0.162745358053484,-0.17313548596626094,-0.010390127912776936,-0.16670058867071558,100,4
1980,-0.15933364260169436,-0.1686705690240859,-0.009336926422391534,-0.16658523883465193,100,4
2000,-0.15495316241852014,-0.16460410315279855,-0.009650940734278413,-0.16654165593980308,100,4
1,11.473806978137938,11.474985766436788,0.0011787882988496534,11.645721123435433,100,5
20,7.854246454149086,7.862963906626431,0.008717452477345233,7.915436139346771,100,5
40,5.215137333808075,5.222671109508346,0.007533775700270695,5.230375375310439,100,5
60,3.4405432064164336,3.4461035179880652,0.005560311571631615,3.4300698898155546,100,5
80,2.2358378444284597,2.2384572284556388,0.0026193840271790947,2.2246552959317425,100,5
100,1.4267720831784332,1.4267062648897197,-6.581828871343731e-05,1.4237373996560518,100,5
120,0.8936967155549047,0.8919435241087813,-0.0017531914461234033,0.8921321018024362,100,5
140,0.5484726300226365,0.5465290938602863,-0.0019435361623502123,0.5435731422698393,100,5
160,0.3166681970927551,0.31422441236472215,-0.0024437847280329716,0.3128538982661118,100,5
180,0.1610848078392817,0.15817787415274592,-0.002906933686535773,0.15769006895491944,100,5
200,0.06061922875667958,0.05760812548532862,-0.0030111032713509567,0.05437235351569558,100,5
220,-0.0010733938192019066,-0.0034798659133925547,-0.002406472094190648,-0.014848726838885884,100,5
240,-0.047731712622552935,-0.05081847627978536,-0.0030867636572324275,-0.060882797425242,100,5
260,-0.08758031633583097,-0.0923125598739376,-0.00473224353810664,-0.09180362347833931,100,5
280,-0.10902191183902804,-0.11394078424665716,-0.004918872407629116,-0.11256084926516258,100,5
300,-0.12391504474931991,-0.12934501176963475,-0.005429967020314841,-0.12742499660743517,100,5
320,-0.12965535878571813,-0.13469012962742796,-0.005034770841709835,-0.1362586019027552,100,5
340,-0.14446490580941662,-0.15072270125806336,-0.006257795448646741,-0.14247707470996346,100,5
360,-0.15232505902660323,-0.1594794364705008,-0.007154377443897575,-0.1478201944901477,100,5
380,-0.13390677077548443,-0.13816214984083589,-0.00425537906535145,-0.15069658178539855,100,5
400,-0.13679604455149325,-0.14163471744069678,-0.0048386728892035324,-0.15338480329626575,100,5
420,-0.13667407585021063,-0.141743574676373,-0.005069498826162366,-0.15486786319387452,100,5
440,-0.14703229370100301,-0.15367645669098473,-0.006644162989981717,-0.15610615398898503,100,5
460,-0.15590600594536244,-0.16348862646111886,-0.007582620515756422,-0.15705545267350116,100,5
480,-0.14646252613726857,-0.15280708460818593,-0.006344558470917361,-0.15804690117523484,100,5
500,-0.14588003271890954,-0.15249824170002496,-0.0066182089811154254,-0.15875222564402225,100,5
520,-0.15536282713249755,-0.16366570562343036,-0.008302878490932808,-0.15920335336202746,100,5
540,-0.1509581996080095,-0.1589698858931099,-0.008011686285100406,-0.16059278417505063,100,5
560,-0.1449428631898015,-0.1520504940616644,-0.007107630871862891,-0.16093843924155213,100,5
580,-0.1510327383318672,-0.15919744703818056,-0.008164708706313362,-0.1612875022898413,100,5
600,-0.16364730502212405,-0.17353363941459538,-0.00988633439247133,-0.16163016766153454,100,5
620,-0.167148602238384,-0.1771836625757174,-0.010035060337333424,-0.16206862395100188,100,5
640,-0.14951942388502712,-0.15809524541754602,-0.008575821532518901,-0.16261955261740954,100,5
660,-0.15709515001509802,-0.16600353770425572,-0.008908387689157693,-0.16262705200460206,100,5
680,-0.15854857073234976,-0.1677469869331711,-0.009198416200821347,-0.16251049033126327,100,5
700,-0.1745894155389459,-0.18639127124674476,-0.011801855707798847,-0.16330657630609668,100,5
720,-0.1675262580496218,-0.1792270065912478,-0.011700748541626005,-0.16354291028523327,100,5
740,-0.16235793606085364,-0.17293495580527352,-0.01057701974441988,-0.16393688603631373,100,5
760,-0.16713776348710696,-0.17873004071729193,-0.011592277230184966,-0.16420156079593362,100,5
780,-0.15403217069702757,-0.163811821168156,-0.009779650471128443,-0.16440184755818532,100,5
800,-0.15644947927299055,-0.16738427340391246,-0.01093479413092191,-0.16449193180971097,100,5
820,-0.14262954830746666,-0.15154813803874895,-0.00891858973128229,-0.16484221951000239,100,5
840,-0.13389829452530105,-0.14181914265915513,-0.007920848133854075,-0.16494016466183725,100,5
860,-0.13911119561669544,-0.1485851421270441,-0.009473946510348663,-0.16489135776529795,100,5
880,-0.13578877150573215,-0.14488451073431702,-0.009095739228584865,-0.16486511501165785,100,5
900,-0.16100689677086227,-0.17352445950762685,-0.012517562736764576,-0.16463174186978646,100,5
920,-0.169245500501251,-0.18244275818095643,-0.01319725767970542,-0.16468735160005268,100,5
940,-0.17315898293239712,-0.18747382765541154,-0.01431484472301442,-0.16486826745554778,100,5
960,-0.1773405764811265,-0.19266434506899588,-0.01532376858786938,-0.16513000986234566,100,5
980,-0.170542528831852,-0.18516011406154076,-0.014617585229688757,-0.16511282876945726,100,5
1000,-0.156538985258186,-0.16855076807555214,-0.012011782817366146,-0.16508159053648225,100,5
1020,-0.15511359995020121,-0.1666045773961177,-0.011490977445916484,-0.1650462592530488,100,5
1040,-0.17216900241086058,-0.18542299883802227,-0.013253996427161685,-0.16527049258582038,100,5
1060,-0.16256634036238476,-0.1766666053796208,-0.014100265017236047,-0.1656049842312733,100,5
1080,-0.14127472066852956,-0.1522596497112463,-0.010984929042716751,-0.165618777472769,100,5
1100,-0.15295784983844324,-0.16569882627964205,-0.012740976441198815,-0.16570737023235765,100,5
1120,-0.1296931219005809,-0.13871185482311738,-0.009018732922536465,-0.16560812920723517,100,5
1140,-0.13083417208272935,-0.13924733782706206,-0.008413165744332707,-0.16523867129836162,100,5
1160,-0.1567382362265367,-0.16808937634620302,-0.011351140119666314,-0.16429619561630504,100,5
1180,-0.1617397651149434,-0.17377094763272863,-0.012031182517785233,-0.16426011112101555,100,5
1200,-0.15905210999927683,-0.17108451743884717,-0.012032407439570347,-0.16446588167188386,100,5
1220,-0.1529248441473634,-0.1634973044339748,-0.010572460286611407,-0.16451859345062808,100,5
1240,-0.15135935301452158,-0.16184525570740582,-0.010485902692884241,-0.16478546853548887,100,5
1260,-0.14295835091655953,-0.1522578894106665,-0.009299538494106974,-0.1646326386118762,100,5
1280,-0.14353721286729137,-0.15327850430452372,-0.009741291437232347,-0.16441584049981794,100,5
1300,-0.15042985168312523,-0.16031253402237022,-0.009882682339244997,-0.16451202095217382,100,5
1320,-0.15296268578780237,-0.16383271616872147,-0.010870030380919105,-0.16507703145463998,100,5
1340,-0.15161715910927331,-0.16186770734563066,-0.010250548236357349,-0.16504761783207073,100,5
1360,-0.15196407428827235,-0.1624358275368185,-0.010471753248546156,-0.16504783343167412,100,5
1380,-0.16754006486911285,-0.18086128284545008,-0.01332121797633723,-0.16521904420441927,100,5
1400,-0.15863033422780595,-0.17021131399565945,-0.011580979767853494,-0.164971379832327,100,5
1420,-0.15400508821790893,-0.16496792475741562,-0.010962836539506693,-0.16522094867718512,100,5
1440,-0.15653349018526796,-0.16876773933327027,-0.012234249148002307,-0.16556088132932462,100,5
1460,-0.16169481837202826,-0.17434434852460584,-0.012649530152577582,-0.16550590263939224,100,5
1480,-0.15497656038111018,-0.166665025293865,-0.011688464912754826,-0.16567159354473965,100,5
1500,-0.16677455893470156,-0.1799877673067128,-0.013213208372011231,-0.1655509238044598,100,5
1520,-0.15608338093463772,-0.16859128867397652,-0.012507907739338797,-0.16566227836926442,100,5
1540,-0.16012879270408853,-0.17331164263527504,-0.013182849931186513,-0.16567908753744864,100,5
1560,-0.1596476167605432,-0.17296495579584795,-0.013317339035304743,-0.16596478984997634,100,5
1580,-0.15809388536432756,-0.1704538521316027,-0.012359966767275132,-0.16593475319607298,100,5
1600,-0.16128783771211513,-0.1746129587345518,-0.013325121022436659,-0.16615257021591218,100,5
1620,-0.15429940034925427,-0.16762453097645819,-0.013325130627203918,-0.16648385965391815,100,5
1640,-0.15800203123454176,-0.17195142157845827,-0.013949390343916512,-0.16678589782667685,100,5
1660,-0.14291505954874784,-0.15520350070700378,-0.012288441158255947,-0.1669634240570832,100,5
1680,-0.13980129032120087,-0.1514128061877869,-0.011611515866586042,-0.16692845632663772,100,5
1700,-0.15356754870237813,-0.1664579329172106,-0.012890384214832462,-0.16665688741924947,100,5
1720,-0.14319958309202985,-0.1540480138222789,-0.010848430730249048,-0.16654208656168673,100,5
1740,-0.13574802533746835,-0.1454223202920176,-0.009674294954549245,-0.16599188973908371,100,5
1760,-0.15220812078295487,-0.1641135217494364,-0.011905400966481516,-0.1662624147016391,100,5
1780,-0.14510265399288613,-0.15607769017800693,-0.010975036185120801,-0.16648739991816663,100,5
1800,-0.154309271865962,-0.16671158092686772,-0.012402309060905725,-0.1662226306684776,100,5
1820,-0.1411557962387417,-0.15081431013561547,-0.009658513896873777,-0.16575185345559668,100,5
1840,-0.1547009744093654,-0.1649691238828128,-0.010268149473447397,-0.1650213614099236,100,5
1860,-0.15813763827675145,-0.17004071809019042,-0.011903079813438966,-0.16517262347747988,100,5
1880,-0.15344209113352994,-0.16360498824655192,-0.010162897113021985,-0.1644557155299647,100,5
1900,-0.16077517992603918,-0.1722328105107228,-0.011457630584683631,-0.16447827484352895,100,5
1920,-0.17583277429505348,-0.1896587076920225,-0.013825933396969026,-0.1645517914138003,100,5
1940,-0.17149300337236575,-0.18480042575321357,-0.013307422380847811,-0.16463266355577696,100,5
1960,-0.17222901324268255,-0.18562981941215664,-0.013400806169474089,-0.1648761395130868,100,5
1980,-0.17452303171695768,-0.18765445251663512,-0.01313142079967744,-0.16494806770573991,100,5
2000,-0.16556440879651915,-0.17728879915037335,-0.011724390353854197,-0.16471152074178566,100,5
1,11.692383113448802,11.686308474474902,-0.006074638973899482,10.934260816997972,100,6
20,7.677702568539653,7.589244529281258,-0.0884580392583949,7.300667962588326,100,6
40,4.968596244619947,4.865414654934157,-0.10318158968579016,4.782034089341073,100,6
60,3.208262452780318,3.119167311065169,-0.08909514171514887,3.1150730210436564,100,6
80,2.070875251769332,2.005178881863335,-0.06569636990599692,2.008124445525806,100,6
100,1.337483280251786,1.282269336989523,-0.05521394326226292,1.293473126470096,100,6
120,0.8427708759662838,0.7941302528927174,-0.048640623073566314,0.8127710247851252,100,6
140,0.5184802893470571,0.4767393190572343,-0.04174097028982282,0.49026815097025844,100,6
160,0.3119701280078303,0.2797621799454073,-0.032207948062423,0.2769632997600239,100,6
180,0.16296060670950385,0.13694114044337513,-0.02601946626612872,0.13746473501041656,100,6
200,0.05568913052246205,0.027656222003729525,-0.028032908518732524,0.037522241381451105,100,6
220,-0.018985893498653317,-0.04122797813890422,-0.022242084640250903,-0.027466275652859973,100,6
240,-0.05078459323361062,-0.064296632758721,-0.013512039525110375,-0.0719093992583908,100,6
260,-0.08676205661727121,-0.10355464462197428,-0.01679258800470307,-0.10346772078752964,100,6
280,-0.1044312766870944,-0.11774069710823482,-0.013309420421140417,-0.12437967026986152,100,6
300,-0.12403370627241916,-0.13902280741848588,-0.014989101146066719,-0.13844867489389578,100,6
320,-0.15053147731071492,-0.16354950307309124,-0.013018025762376317,-0.14659856572127772,100,6
340,-0.13984034140730656,-0.15306262337555548,-0.013222281968248928,-0.15234783803778307,100,6
360,-0.13715046989044216,-0.14846543713478666,-0.011314967244344498,-0.15642215417896582,100,6
380,-0.16200148478943122,-0.17503083934701968,-0.013029354557588468,-0.15946760976243063,100,6
400,-0.1436720511127063,-0.15123522040039739,-0.007563169287691074,-0.16133630403539378,100,6
420,-0.16469014443753238,-0.173313738686608,-0.008623594249075606,-0.16258898281089684,100,6
440,-0.179394910414451,-0.18992850666030314,-0.01053359624585215,-0.16344359857087754,100,6
460,-0.15442973228899726,-0.16221818012712125,-0.007788447838123991,-0.16422134766433072,100,6
480,-0.15319935228502712,-0.15887652538211527,-0.005677173097088151,-0.1651110875813312,100,6
500,-0.17327359304557016,-0.18054192607027547,-0.007268333024705309,-0.16586657567457885,100,6
520,-0.15417135142378458,-0.16009756715760481,-0.005926215733820239,-0.16633201970265588,100,6
540,-0.1671973295025343,-0.17265451170216606,-0.00545718219963176,-0.16664430026220495,100,6
560,-0.16262193769083882,-0.16612268649164225,-0.0035007488008034215,-0.16697298033959196,100,6
580,-0.1636916419043254,-0.167431506213427,-0.003739864309101615,-0.16715324188559927,100,6
600,-0.1417800413467224,-0.14343098797036868,-0.0016509466236462877,-0.16717610237094604,100,6
620,-0.1601964263392367,-0.16103667777308506,-0.0008402514338483602,-0.16711760488944327,100,6
640,-0.16361853395486559,-0.1649087598887793,-0.0012902259339137023,-0.1671835199317464,100,6
660,-0.15770220369995708,-0.15869864785024146,-0.0009964441502843813,-0.16716727056116476,100,6
680,-0.1629509385742255,-0.16497554726516772,-0.002024608690942231,-0.16709293137119918,100,6
700,-0.16581233022594766,-0.16979389078957774,-0.003981560563630082,-0.16714112003483894,100,6
720,-0.15781784495257845,-0.16179596001455976,-0.003978115061981313,-0.16725237428847373,100,6
740,-0.15926322352467848,-0.16041591484934342,-0.001152691324664945,-0.16719186735431624,100,6
760,-0.17702105936068313,-0.180532616623103,-0.003511557262419862,-0.1669495512758601,100,6
780,-0.1798884224139593,-0.1849541988884874,-0.005065776474528105,-0.16693652391413372,100,6
800,-0.18090445206107386,-0.18292176864974607,-0.0020173165886722133,-0.16652018034652827,100,6
820,-0.17678306151883227,-0.18048874247661484,-0.0037056809577825645,-0.16640908795832604,100,6
840,-0.20627516973683996,-0.2106964331642417,-0.004421263427401734,-0.16638415320966093,100,6
860,-0.18344001814010968,-0.1879555773222466,-0.004515559182136919,-0.16640765971122,100,6
880,-0.18718136985614825,-0.1916955611052345,-0.004514191249086252,-0.1667136467503692,100,6
900,-0.16186612529475647,-0.16463728736446304,-0.0027711620697065675,-0.16643413704459498,100,6
920,-0.15379969570155705,-0.15673392247583318,-0.0029342267742761274,-0.1663979064742762,100,6
940,-0.16632361824696051,-0.1679635726227245,-0.0016399543757639745,-0.16632409231440187,100,6
960,-0.1322958865785695,-0.13493717629424185,-0.002641289715672346,-0.16637207668196918,100,6
980,-0.1309816387320275,-0.13396846898960307,-0.002986830257575568,-0.16656325902060137,100,6
1000,-0.16223966201559475,-0.16584006691201952,-0.0036004048964247692,-0.16650201922387486,100,6
1020,-0.16362483448153597,-0.16640477189779668,-0.0027799374162607027,-0.16685628601221714,100,6
1040,-0.16933126331944343,-0.17177810768768803,-0.002446844368244605,-0.1668160131925539,100,6
1060,-0.1603942093088328,-0.16279865573257823,-0.002404446423745432,-0.16678425622818033,100,6
1080,-0.14956307800065738,-0.15163847178868073,-0.0020753937880233497,-0.16670702009329075,100,6
1100,-0.1545942990670125,-0.15721229825564398,-0.0026179991886314813,-0.166459765949043,100,6
1120,-0.12860001274979355,-0.13159984503284378,-0.00299983228305023,-0.1665296955356969,100,6
1140,-0.1567859437999508,-0.16009378135924773,-0.0033078375592969222,-0.16636208333747943,100,6
1160,-0.19305652183994537,-0.19682819074156932,-0.003771668901623948,-0.16660950995331003,100,6
1180,-0.15596096487916944,-0.15722103759807665,-0.0012600727189072125,-0.16673451034680498,100,6
1200,-0.1743618425936997,-0.17622988643474896,-0.0018680438410492717,-0.16683871711313042,100,6
1220,-0.1854123499026305,-0.19013997165571012,-0.004727621753079614,-0.16700420314423298,100,6
1240,-0.16706561360884387,-0.1734440938518491,-0.006378480243005247,-0.16708164540882559,100,6
1260,-0.1798802013287692,-0.18300812845172243,-0.0031279271229532335,-0.16720722525702097,100,6
1280,-0.17003593875801742,-0.17403957000014214,-0.004003631242124717,-0.1671752177939136,100,6
1300,-0.14822314426965472,-0.1492486867343562,-0.00102554246470149,-0.16705344929069976,100,6
1320,-0.1557665292493749,-0.15474690844943034,0.001019620799944554,-0.16692583385041726,100,6
1340,-0.15831629987605278,-0.16027161223430075,-0.0019553123582479737,-0.16677895980945173,100,6
1360,-0.16433991559803945,-0.16655886262745895,-0.0022189470294194935,-0.1666310660484433,100,6
1380,-0.15597403966120377,-0.15635400915386832,-0.0003799694926645558,-0.16641672355417503,100,6
1400,-0.1479259343399299,-0.15101290755016872,-0.003086973210238819,-0.1663818672456429,100,6
1420,-0.13377146006733492,-0.13706373682513712,-0.0032922767578021928,-0.1663365179504087,100,6
1440,-0.1512735018807072,-0.15463177093713865,-0.00335826905643144,-0.16632662315883306,100,6
1460,-0.13125476980154654,-0.1322196145064906,-0.0009648447049440678,-0.16622641681536293,100,6
1480,-0.1612091641184567,-0.16542160136520273,-0.004212437246746026,-0.16613385447909168,100,6
1500,-0.16314133885080967,-0.16506638233803628,-0.0019250434872266076,-0.16616921932750922,100,6
1520,-0.16649793930099857,-0.1673419817221017,-0.0008440424211031416,-0.16587051980210263,100,6
1540,-0.16435334644472094,-0.1660952965532725,-0.0017419501085515487,-0.16596462836570786,100,6
1560,-0.14968683978902284,-0.14964927970845296,3.756008056987614e-05,-0.1659440466301785,100,6
1580,-0.1814223642775642,-0.18272855691387035,-0.0013061926363061582,-0.16570836791739446,100,6
1600,-0.16928806885456138,-0.167804611250491,0.0014834576040703706,-0.16570650891333688,100,6
1620,-0.1688932860521422,-0.16800226078931912,0.0008910252628230864,-0.16526625421577557,100,6
1640,-0.17822108381380747,-0.17815646374970062,6.462006410684618e-05,-0.16532506971950633,100,6
1660,-0.1551281423095906,-0.15684915816177625,-0.0017210158521856478,-0.16542016871081278,100,6
1680,-0.17053069334956428,-0.17096672067701485,-0.00043602732745057216,-0.16529670653042028,100,6
1700,-0.19391594614737062,-0.19566162255096486,-0.001745676403594243,-0.16552517987692827,100,6
1720,-0.19522996359361305,-0.1969798455293102,-0.0017498819356971396,-0.16565249164019807,100,6
1740,-0.1909257540349255,-0.19239193001964844,-0.0014661759847229283,-0.16569054282659584,100,6
1760,-0.18406162514579455,-0.18508277769939652,-0.0010211525536019672,-0.1658766794699531,100,6
1780,-0.17898374249521365,-0.18207190378899818,-0.0030881612937845304,-0.16626633475067887,100,6
1800,-0.16457082335743112,-0.1682669837302026,-0.0036961603727714842,-0.16648551802499806,100,6
1820,-0.1532753940907725,-0.15600352293750164,-0.0027281288467291276,-0.16659793886715357,100,6
1840,-0.19815430803784878,-0.20086315783104314,-0.0027088497931943567,-0.16655170682624876,100,6
1860,-0.17795421668805622,-0.18233210246981907,-0.004377885781762847,-0.16622203817604703,100,6
1880,-0.1684966226490846,-0.17259645823438502,-0.004099835585300415,-0.16635335988412725,100,6
1900,-0.16501620888600754,-0.16658527618509122,-0.0015690672990836818,-0.16633037697109804,100,6
1920,-0.17353967948148505,-0.17678817244667808,-0.0032484929651930283,-0.16607695423382143,100,6
1940,-0.1598251648721446,-0.16326478610064882,-0.0034396212285042194,-0.16623848247276501,100,6
1960,-0.1563620145096257,-0.15886440802625715,-0.0025023935166314515,-0.16634974959422924,100,6
1980,-0.16358321124543357,-0.16559912340464306,-0.0020159121592094875,-0.16641508634662044,100,6
2000,-0.16362401196308532,-0.16494906640290133,-0.0013250544398160091,-0.16614293699042684,100,6
1,12.581866266941745,12.582592493329374,0.0007262263876288699,12.632715082763902,100,7
20,8.541474182490411,8.556045984029875,0.014571801539464246,8.557642310117515,100,7
40,5.618876880781311,5.6413404320693195,0.022463551288008254,5.6444643408743165,100,7
60,3.6759970577704717,3.703203926470795,0.027206868700323295,3.7074799311699174,100,7
80,2.368211030828407,2.399289597947949,0.031078567119541933,2.412903091811475,100,7
100,1.5220303410117242,1.546552156169818,0.024521815158093707,1.562700304742008,100,7
120,0.9395733398563572,0.9658647138515501,0.02629137399519299,0.9971099932346301,100,7
140,0.5946427025109431,0.6147320205720805,0.02008931806113745,0.6181071459285671,100,7
160,0.34631426527937326,0.3617745579659075,0.01546029268653426,0.36547840898376144,100,7
180,0.16341319939825694,0.18002825003497308,0.016615050636716144,0.19598673777301856,100,7
200,0.06687440630916958,0.08108225764052063,0.014207851331351051,0.08441944105153015,100,7
220,-0.02804407340324544,-0.01384548025720167,0.01419859314604377,0.007989920293524633,100,7
240,-0.06298463072046906,-0.052867757227383794,0.010116873493085266,-0.04172954022185443,100,7
260,-0.11179423396292232,-0.10409007326197672,0.007704160700945595,-0.07813387545643002,100,7
280,-0.10831967237319601,-0.10108536205069552,0.007234310322500492,-0.1006619330747569,100,7
300,-0.1439498365264918,-0.13416048842104095,0.009789348105450846,-0.11969956111899233,100,7
320,-0.15217521594309869,-0.14341617130799222,0.008759044635106461,-0.1319668873298353,100,7
340,-0.1440759144074425,-0.14149691872307296,0.002578995684369534,-0.14086132050394395,100,7
360,-0.15714306169178266,-0.1520566028153323,0.005086458876450373,-0.1471325654594977,100,7
380,-0.17322048907871834,-0.16525751427954644,0.007962974799171907,-0.1511748500900184,100,7
400,-0.15385918663590664,-0.15284234854909395,0.001016838086812688,-0.15240757465120425,100,7
420,-0.15531659831186279,-0.1490940508712572,0.006222547440605575,-0.15369513310100136,100,7
440,-0.1635185591268991,-0.16245176836805036,0.0010667907588487457,-0.15616779803208392,100,7
460,-0.16986600041567063,-0.1718906915654751,-0.0020246911498044695,-0.15895857697356552,100,7
480,-0.17831220066108028,-0.17819156748019116,0.00012063318088911812,-0.1604103438009583,100,7
500,-0.17283009690978696,-0.16556086197560665,0.007269234934180302,-0.1613671845234923,100,7
520,-0.1660434634856488,-0.16270617379138524,0.0033372896942635566,-0.1614835875141426,100,7
540,-0.1523999436379621,-0.1509245040860815,0.0014754395518806196,-0.1621746394459906,100,7
560,-0.15482966652569385,-0.15250491720446957,0.0023247493212242842,-0.16207542974825262,100,7
580,-0.12556775438976364,-0.1280948430982385,-0.002527088708474845,-0.16162088223376542,100,7
600,-0.13477398458986306,-0.13535722230394148,-0.0005832377140784217,-0.1617866626453195,100,7
620,-0.1334313446090593,-0.1355896811561491,-0.002158336547089801,-0.16187171580249482,100,7
640,-0.15338713870648724,-0.1570766623559784,-0.0036895236494911554,-0.16236770930818412,100,7
660,-0.15874319843292828,-0.1591466546636402,-0.0004034562307119183,-0.16242282679548103,100,7
680,-0.17520221440471956,-0.17925495309970513,-0.004052738694985569,-0.16270142137108545,100,7
700,-0.15049072825718646,-0.15486524238253874,-0.00437451412535228,-0.16309486738671441,100,7
720,-0.15618410036805852,-0.1567105974330688,-0.0005264970650102896,-0.16362684341791506,100,7
740,-0.16494907607311188,-0.1662260265026848,-0.0012769504295729317,-0.16268892160754606,100,7
760,-0.1714737154406128,-0.1719229539151964,-0.0004492384745836131,-0.1620996445199685,100,7
780,-0.15400213481033365,-0.15460178048175938,-0.0005996456714257303,-0.16234621046919834,100,7
800,-0.14849204507850583,-0.14930688284344257,-0.0008148377649367378,-0.16297331378363306,100,7
820,-0.1584262617701755,-0.15934509395658114,-0.0009188321864056492,-0.16345935091817798,100,7
840,-0.1425695277439445,-0.14180654215520572,0.0007629855887387738,-0.16359370498474501,100,7
860,-0.16300428237122738,-0.16554554192447707,-0.0025412595532496862,-0.16393575873220584,100,7
880,-0.16147470601734726,-0.16446359370857516,-0.002988887691227904,-0.1637820589629302,100,7
900,-0.15502005211472686,-0.15931937838906773,-0.0042993262743408756,-0.16316252956671473,100,7
920,-0.1781846411894919,-0.18445314642993982,-0.006268505240447919,-0.16376400880754943,100,7
940,-0.17523025060200897,-0.18374039302275258,-0.008510142420743605,-0.164136332099433,100,7
960,-0.19003282237636715,-0.19749259038733064,-0.007459768010963486,-0.16441408069178748,100,7
980,-0.15393822449385808,-0.16186538498717673,-0.007927160493318652,-0.16499751026630743,100,7
1000,-0.16424803430716978,-0.169438462901836,-0.00519042859466623,-0.16543902059486076,100,7
1020,-0.15451851831637525,-0.1616288159770421,-0.007110297660666842,-0.16531122761003625,100,7
1040,-0.16661156065716906,-0.17004236252120983,-0.0034308018640407667,-0.16497294923012837,100,7
1060,-0.17074738177994603,-0.17605506171859536,-0.0053076799386493345,-0.16387128474032586,100,7
1080,-0.16621361570130627,-0.17190959893341745,-0.005695983232111179,-0.16386926129230944,100,7
1100,-0.13300063715910243,-0.1395744044806746,-0.006573767321572166,-0.16381149778741183,100,7
1120,-0.14080691533159181,-0.14177253509698892,-0.0009656197653971077,-0.16377550349540113,100,7
1140,-0.1539745618546542,-0.15346918179030072,0.0005053800643534667,-0.16386067211333027,100,7
1160,-0.15735828342262814,-0.16163605064399167,-0.0042777672213635265,-0.1646663241923791,100,7
1180,-0.14422733156328393,-0.14682805473048027,-0.0026007231671963393,-0.16548700644671815,100,7
1200,-0.12378459580458767,-0.12237212004172882,0.0014124757628588558,-0.16515418671889742,100,7
1220,-0.13335040726855846,-0.13621521004498255,-0.0028648027764240913,-0.16451992196053927,100,7
1240,-0.18646620616239717,-0.19264168663986303,-0.006175480477465856,-0.16495260311535098,100,7
1260,-0.17894708648461588,-0.18053472559904354,-0.0015876391144276636,-0.16565428902711193,100,7
1280,-0.18352216942422117,-0.18818857452459892,-0.004666405100377746,-0.1656944739103654,100,7
1300,-0.17479347589726935,-0.1821775601018279,-0.00738408420455855,-0.16583346613117556,100,7
1320,-0.15909901680247324,-0.16623945370475363,-0.007140436902280389,-0.16605581273850417,100,7
1340,-0.14989601958373872,-0.15571042388688233,-0.0058144043031436166,-0.16645243766374707,100,7
1360,-0.13853822990538023,-0.14152276631328925,-0.002984536407909022,-0.16664889440419173,100,7
1380,-0.17123704655751515,-0.17191827930932035,-0.0006812327518052053,-0.16660540297232074,100,7
1400,-0.16733193239495553,-0.17254011229606991,-0.005208179901114385,-0.1664696485170013,100,7
1420,-0.17743020947584665,-0.18531963770421234,-0.007889428228365691,-0.16633001979622208,100,7
1440,-0.19235940065389562,-0.20161629318632684,-0.009256892532431227,-0.16627618677436146,100,7
1460,-0.1883854298734599,-0.19733556825399828,-0.008950138380538375,-0.16630668801815768,100,7
1480,-0.16562332122275353,-0.17537360155820053,-0.009750280335447004,-0.16658789354952946,100,7
1500,-0.17371620542829153,-0.18225056719983185,-0.008534361771540322,-0.16606844813441846,100,7
1520,-0.16544067811309893,-0.17165984782798027,-0.006219169714881345,-0.16629262946139317,100,7
1540,-0.1792651162654597,-0.19050665941679595,-0.011241543151336242,-0.16634126177380848,100,7
1560,-0.1681302617177824,-0.1748428515744178,-0.00671258985663542,-0.16622290418920832,100,7
1580,-0.14586824561978995,-0.15320709333712035,-0.007338847717330399,-0.1659987556471736,100,7
1600,-0.164715457971988,-0.17048409053511387,-0.005768632563125875,-0.16601936001456885,100,7
1620,-0.164591813196025,-0.1682110090038253,-0.0036191958078002906,-0.16610856156918885,100,7
1640,-0.17072826655542328,-0.17826928673787135,-0.007541020182448066,-0.1664065175883197,100,7
1660,-0.1561738488308162,-0.15947508116755826,-0.003301232336742066,-0.166290777674115,100,7
1680,-0.14183546555995485,-0.14476410110856913,-0.002928635548614278,-0.16612718270127297,100,7
1700,-0.12260854559285195,-0.12588646131702508,-0.0032779157241731305,-0.16599381953418524,100,7
1720,-0.14245315573346773,-0.14634431015302501,-0.0038911544195572856,-0.1653905133098762,100,7
1740,-0.1465011115910903,-0.1507482572746237,-0.004247145683533404,-0.1640668725227733,100,7
1760,-0.15256836734532786,-0.15569684069466383,-0.0031284733493359695,-0.16340189430373575,100,7
1780,-0.14684796332309213,-0.1454679784637437,0.0013799848593484265,-0.1634024878567502,100,7
1800,-0.16259783886293797,-0.16256701468887538,3.082417406258253e-05,-0.16296012975016896,100,7
1820,-0.16051943303234562,-0.16030376420562398,0.00021566882672163779,-0.16227669065531142,100,7
1840,-0.17211736236406805,-0.17560745803394767,-0.0034900956698796226,-0.16249862434083978,100,7
1860,-0.17442350802008116,-0.177890222894046,-0.003466714873964827,-0.16336833793169464,100,7
1880,-0.1829302987474348,-0.18735843855364706,-0.004428139806212261,-0.16366287947948363,100,7
1900,-0.19392251813253805,-0.1984387463369058,-0.004516228204367756,-0.16415265088285655,100,7
1920,-0.15816142315690684,-0.16244943281653218,-0.004288009659625336,-0.163638770104795,100,7
1940,-0.14622405086523751,-0.150225525076337,-0.004001474211099476,-0.16333915662571905,100,7
1960,-0.14633257990381393,-0.14760048297367112,-0.0012679030698571903,-0.16310284144651072,100,7
1980,-0.15647165104606392,-0.16089795799364126,-0.004426306947577341,-0.16286511378851937,100,7
2000,-0.16003556489625434,-0.16348892479743435,-0.0034533599011800087,-0.16330388959163752,100,7
1,11.344416809981235,11.343971706615516,-0.0004451033657186798,11.276206800820958,200,0
20,7.687939328637639,7.684317045302949,-0.0036222833346899463,7.652324031146295,200,0
40,5.075315386440444,5.071401089816671,-0.0039142966237726284,5.074069782118648,200,0
60,3.3594165426835683,3.3556157190380045,-0.003800823645563778,3.3499367320839784,200,0
80,2.2019450378833727,2.198222405688787,-0.0037226321945857954,2.196557771732918,200,0
100,1.4266278607849223,1.4228609263901717,-0.0037669343947506206,1.4239148986377343,200,0
120,0.8998037540044457,0.8974963758271632,-0.0023073781772824375,0.9064855679635966,200,0
140,0.5588810858637325,0.5574565224305696,-0.0014245634331628843,0.5595273134330656,200,0
160,0.32713954345039403,0.3268960281343068,-0.00024351531608723942,0.3256977760590131,200,0
180,0.1635873941478173,0.16460171116806527,0.0010143170202479568,0.16804277645323368,200,0
200,0.06453427569418618,0.06791665896810195,0.0033823832739157678,0.06143775233797133,200,0
220,-0.00772393367151758,-0.004725915724962559,0.0029980179465550205,-0.010620313556581384,200,0
240,-0.06919936490881679,-0.06414793833240495,0.005051426576411833,-0.059469393423785544,200,0
260,-0.10809807071637045,-0.10186389073020224,0.006234179986168209,-0.09375719277232619,200,0
280,-0.1302025865872758,-0.12308862521260638,0.007113961374669409,-0.11699786520644462,200,0
300,-0.14033631085190945,-0.13121619324657657,0.009120117605332878,-0.13347528483352428,200,0
320,-0.15660260311194824,-0.14842291392189377,0.008179689190054462,-0.14410957912529,200,0
340,-0.13883713998923497,-0.1318647385807311,0.006972401408503859,-0.15108860636054022,200,0
360,-0.1413695041389943,-0.13417982675654633,0.007189677382447968,-0.15654649319680108,200,0
380,-0.1510563815121363,-0.14492299432655031,0.006133387185585981,-0.1598385006835788,200,0
400,-0.1625442669151148,-0.15575350846075758,0.006790758454357226,-0.16197060868700863,200,0
420,-0.15532750993431899,-0.1460776059567132,0.009249903977605778,-0.16364708881823992,200,0
440,-0.180099881426947,-0.16761339262800756,0.012486488798939432,-0.16411407057144445,200,0
460,-0.1694293016188737,-0.15890197678030282,0.010527324838570884,-0.16552062800555,200,0
480,-0.16526368218093812,-0.15255712275412786,0.01270655942681026,-0.1663834743629048,200,0
500,-0.20092757888887686,-0.1834393098251444,0.017488269063732464,-0.16677517641484868,200,0
520,-0.22145809332317762,-0.19891523230330815,0.022542861019869465,-0.16672153087678093,200,0
540,-0.19881050166696584,-0.17928752385501967,0.019522977811946174,-0.16673871743914132,200,0
560,-0.17998825156975656,-0.16422836124822432,0.015759890321532244,-0.16678919719881286,200,0
580,-0.1620058612421379,-0.14967753628002856,0.012328324962109338,-0.16684678540839998,200,0
600,-0.16259669949628808,-0.15003743740761338,0.012559262088674694,-0.16693901949715562,200,0
620,-0.1569682291816557,-0.1429734569831329,0.013994772198522798,-0.16678786471824897,200,0
640,-0.14980966909772753,-0.13870276557772543,0.011106903520002098,-0.16666077616064895,200,0
660,-0.14809892297306726,-0.13608859519490335,0.01201032777816391,-0.16634402906995982,200,0
680,-0.14169796855693229,-0.13086055373558414,0.010837414821348146,-0.16635798921128642,200,0
700,-0.14946586228035968,-0.13665739034838376,0.012808471931975929,-0.16631491551073585,200,0
720,-0.14696673257601683,-0.13430680361273828,0.012659928963278555,-0.16599038658299886,200,0
740,-0.16817332420494935,-0.14941342291354143,0.01875990129140792,-0.165728775981552,200,0
760,-0.18426047576108012,-0.1637269536589005,0.020533522102179624,-0.16582183532325245,200,0
780,-0.14690887057611102,-0.12981402786125484,0.017094842714856173,-0.16550255586883755,200,0
800,-0.15751131590429296,-0.1413499106085756,0.016161405295717357,-0.1655640339819628,200,0
820,-0.14863802041994295,-0.13105469663030805,0.017583323789634897,-0.1650203201686879,200,0
840,-0.16670851721856117,-0.146408368939705,0.020300148278856178,-0.16501839427967402,200,0
860,-0.16720550359985187,-0.14887291793563884,0.01833258566421303,-0.1655420857741332,200,0
880,-0.19830672346376543,-0.17858253253982714,0.01972419092393829,-0.16570552978659436,200,0
900,-0.187571722776543,-0.1684785012259532,0.01909322155058979,-0.16553759023428344,200,0
920,-0.19147443020009436,-0.17040961754883488,0.02106481265125948,-0.16366574583509386,200,0
940,-0.21285404388550694,-0.18836940092637272,0.024484642959134217,-0.16374965477577125,200,0
960,-0.20925590730374977,-0.18432559494638967,0.024930312357360096,-0.16292079868984122,200,0
980,-0.17884801392076155,-0.15736821108165922,0.021479802839102335,-0.16367160316623153,200,0
1000,-0.17757077009604366,-0.15434936757267897,0.023221402523364687,-0.1627968942473607,200,0
1020,-0.15951140233366956,-0.14153476051540115,0.017976641818268413,-0.16369281506437006,200,0
1040,-0.17567955440003669,-0.15477544353872025,0.02090411086131644,-0.16487042517867379,200,0
1060,-0.18455329892256905,-0.16401189606291677,0.02054140285965228,-0.16505004260967404,200,0
1080,-0.199881205064793,-0.17780550878633938,0.022075696278453627,-0.16466195486127627,200,0
1100,-0.1882495579340584,-0.16674557737864548,0.021503980555412916,-0.16431446042701814,200,0
1120,-0.15108175171289878,-0.13397244073334813,0.01710931097955065,-0.16419454939343903,200,0
1140,-0.16395770013025085,-0.14435691642951115,0.0196007837007397,-0.16366541114288052,200,0
1160,-0.15512767452909643,-0.13743877090663048,0.017688903622465946,-0.16420855329740763,200,0
1180,-0.16636266646628045,-0.1514055185298463,0.014957147936434156,-0.164774327214121,200,0
1200,-0.17654750524900215,-0.15970647315920605,0.016841032089796093,-0.16507649108567995,200,0
1220,-0.16582404985929344,-0.14843141979787416,0.01739263006141928,-0.1643282000862799,200,0
1240,-0.1748097477534325,-0.15597231428196423,0.018837433471468268,-0.16410897711728567,200,0
1260,-0.18183098130106934,-0.16061091898687307,0.021220062314196264,-0.1642837359491286,200,0
1280,-0.21050819269108456,-0.18401385087921363,0.026494341811870936,-0.16419963324077197,200,0
1300,-0.19406968084169574,-0.1686912029494113,0.025378477892284423,-0.16428963485264458,200,0
1320,-0.19862472156823613,-0.1732950304294542,0.025329691138781918,-0.16340195614602288,200,0
1340,-0.18298357766763507,-0.15964695480035607,0.023336622867279,-0.16247358402026701,200,0
1360,-0.15183719773938958,-0.13442233941138232,0.017414858328007266,-0.1631772634430771,200,0
1380,-0.14516325113425482,-0.12816516668229555,0.016998084451959272,-0.16474653880703938,200,0
1400,-0.1468401211494137,-0.1300565012400839,0.016783619909329806,-0.16494218986904774,200,0
1420,-0.1752086185813183,-0.15484053832778377,0.020368080253534537,-0.1647535467504017,200,0
1440,-0.17803850920356235,-0.15751052323249465,0.020527985971067697,-0.16423197590091299,200,0
1460,-0.1890329106430373,-0.16876139422498748,0.020271516418049806,-0.16436777170535766,200,0
1480,-0.20705293929361956,-0.18331043355239807,0.023742505741221498,-0.16391530001684562,200,0
1500,-0.20764362168028416,-0.18638276512681373,0.02126085655347043,-0.1643696431463597,200,0
1520,-0.18272656009718669,-0.1651887765732324,0.017537783523954298,-0.16488436996833278,200,0
1540,-0.18835292511008778,-0.1685861368725206,0.019766788237567168,-0.16506025891631432,200,0
1560,-0.1634050335787401,-0.1467418653561981,0.01666316822254199,-0.16544834981638762,200,0
1580,-0.19872179275985952,-0.17919795178138181,0.019523840978477702,-0.1654083874203804,200,0
1600,-0.22162056283707893,-0.19758774493589976,0.02403281790117917,-0.16419713548734644,200,0
1620,-0.2013644674736491,-0.17783016686991737,0.02353430060373174,-0.16496165088549664,200,0
1640,-0.17710046973955118,-0.15848955642163226,0.01861091331791892,-0.16572930233001493,200,0
1660,-0.2104598823324607,-0.1899613083287891,0.02049857400367161,-0.1660047667487788,200,0
1680,-0.2027919264351138,-0.18133664629269186,0.02145528014242193,-0.16612867798139402,200,0
1700,-0.19300656687329198,-0.17418829378770262,0.018818273085589365,-0.16627866245094913,200,0
1720,-0.1973671532218556,-0.17809981941507697,0.01926733380677864,-0.1665112186919787,200,0
1740,-0.17066199380776625,-0.15565569558679315,0.015006298220973102,-0.16621726314159796,200,0
1760,-0.1710201105379517,-0.15228426583729376,0.018735844700657922,-0.16607493372828508,200,0
1780,-0.15562373751489955,-0.13725769770268792,0.018366039812211632,-0.16601706147163298,200,0
1800,-0.1466579532752958,-0.1287200400836881,0.0179379131916077,-0.1652782196544264,200,0
1820,-0.18168977110371087,-0.16005431400845316,0.021635457095257715,-0.16475907234477338,200,0
1840,-0.20185269570030268,-0.17751502238451028,0.024337673315792396,-0.16425019583181394,200,0
1860,-0.18414166120355413,-0.16221019351667854,0.021931467686875594,-0.16410348817831621,200,0
1880,-0.17385772699260854,-0.15360539207555562,0.020252334917052917,-0.16416645587243656,200,0
1900,-0.20006524170644718,-0.1781544133832746,0.021910828323172593,-0.16479007739898882,200,0
1920,-0.22108906841533615,-0.19923170325413175,0.0218573651612044,-0.16570247234223168,200,0
1940,-0.20219837951631042,-0.18142937956832444,0.020768999947985978,-0.16550347227977058,200,0
1960,-0.17497509949419632,-0.15730131412444465,0.01767378536975167,-0.16567654564012585,200,0
1980,-0.1687980615036695,-0.15066799831772643,0.01813006318594307,-0.1652869884581732,200,0
2000,-0.17222285241396573,-0.15737153043518093,0.014851321978784804,-0.16607714030622933,200,0
1,13.196586804736318,13.196595285963314,8.481226995371571e-06,12.888019666277152,200,1
20,8.914123985346986,8.914821154271038,0.0006971689240522494,8.728495216777727,200,1
40,5.88102693506812,5.882177421898637,0.0011504868305172167,5.794036456790719,200,1
60,3.8827200747025232,3.8834539424573244,0.0007338677548012207,3.849696816548082,200,1
80,2.6257865628987376,2.6262983751023654,0.0005118122036278372,2.5701776145422,200,1
100,1.7254369035239026,1.7263632758638638,0.00092637233996129,1.7236500945317532,200,1
120,1.1312381182832332,1.1321708631285379,0.0009327448453047005,1.1512164000497738,200,1
140,0.774914753775362,0.7754063793328613,0.0004916255574992645,0.7668699493023893,200,1
160,0.5030283131292693,0.5035930759258955,0.0005647627966262059,0.5045233840896367,200,1
180,0.32436433396675773,0.32489022931601813,0.0005258953492603968,0.3302272309348284,200,1
200,0.203005836496314,0.2036711216547187,0.0006652851584046937,0.21265443910757123,200,1
220,0.12454563019742537,0.1249084162673687,0.00036278606994333273,0.12716192927817047,200,1
240,0.07508244419405356,0.07514718658367324,6.474238961967638e-05,0.06291212146718755,200,1
260,0.02345225574796478,0.023642272833418534,0.00019001708545375584,0.01609744633368465,200,1
280,-0.014249367985738184,-0.014157100460783709,9.226752495447577e-05,-0.016585983586415012,200,1
300,-0.04008254378688035,-0.04002936183701104,5.3181949869307577e-05,-0.03979392224160434,200,1
320,-0.056005676897060624,-0.05599584193273574,9.834964324884066e-06,-0.06036375200744634,200,1
340,-0.07645712849852662,-0.07645504593193711,2.0825665895118917e-06,-0.0765657126594965,200,1
360,-0.08861363207164918,-0.08862683142340824,-1.3199351759057842e-05,-0.088706053670284,200,1
380,-0.09749851063284547,-0.09750357071440875,-5.060081563285079e-06,-0.09845169030848973,200,1
400,-0.10781261782400092,-0.10785109100750545,-3.847318350452822e-05,-0.10688025638419985,200,1
420,-0.11277707416290648,-0.1128171875760151,-4.011341310861116e-05,-0.11384113262723665,200,1
440,-0.12068601841493616,-0.12074164142748424,-5.562301254807833e-05,-0.11993989610652321,200,1
460,-0.12295586687749172,-0.12321980517042752,-0.00026393829293580584,-0.12480111566600058,200,1
480,-0.1248655348662852,-0.12505485044285974,-0.00018931557657454745,-0.12912305600113133,200,1
500,-0.12636273461688385,-0.12642840905680272,-6.56744399188669e-05,-0.133462844910297,200,1
520,-0.13235589073198228,-0.13254988283872432,-0.00019399210674203582,-0.13680369865966013,200,1
540,-0.1440729701894883,-0.14412041771117182,-4.7447521683507965e-05,-0.1407994169345083,200,1
560,-0.1457145453101244,-0.1456521538139548,6.239149616960038e-05,-0.14426798029510102,200,1
580,-0.1428699652822598,-0.1432236650489814,-0.00035369976672161574,-0.14735570899376124,200,1
600,-0.1455039641169114,-0.14594531896166357,-0.000441354844752162,-0.14881442307028914,200,1
620,-0.1438812649799413,-0.1442147364310668,-0.0003334714511254999,-0.1504644459173619,200,1
640,-0.14273358708375733,-0.1433097137639595,-0.0005761266802021825,-0.15226210869357576,200,1
660,-0.1313746264635123,-0.1316657754615552,-0.0002911489980428894,-0.15364286715124073,200,1
680,-0.13884464848691383,-0.13908551809881467,-0.00024086961190084022,-0.15583635291580558,200,1
700,-0.16065948615825063,-0.1616643837130691,-0.0010048975548184735,-0.15637841287814877,200,1
720,-0.1756667913731471,-0.17653337270426617,-0.000866581331119054,-0.15855767315490632,200,1
740,-0.15548137487466931,-0.15587533282295504,-0.00039395794828572805,-0.15936491505195158,200,1
760,-0.14886413481846533,-0.149136116040952,-0.00027198122248667245,-0.16021412444213834,200,1
780,-0.16039656538811775,-0.16112289700078947,-0.0007263316126717156,-0.16103312027264705,200,1
800,-0.15799842606829637,-0.1579656237174317,3.2802350864669094e-05,-0.16193600352017742,200,1
820,-0.15163889393281466,-0.15191266991907193,-0.0002737759862572742,-0.16220268928781773,200,1
840,-0.16787043525245,-0.1683216329241427,-0.00045119767169271574,-0.1627176880001665,200,1
860,-0.14206103823588417,-0.1421989187456955,-0.00013788050981133892,-0.1633037087005878,200,1
880,-0.1575449468174357,-0.1581051691710052,-0.0005602223535695061,-0.1637395151048649,200,1
900,-0.14539809359953665,-0.1456568521579782,-0.00025875855844154083,-0.16362291112122762,200,1
920,-0.1702308867386657,-0.170932819665351,-0.0007019329266853003,-0.1643091152186376,200,1
940,-0.14534525028336534,-0.14588855427938593,-0.0005433039960205943,-0.1642882730254808,200,1
960,-0.1421067496844893,-0.14247160259861416,-0.000364852914124858,-0.16422823503037523,200,1
980,-0.1538190792951153,-0.15445185063954792,-0.0006327713444326255,-0.1642260055629507,200,1
1000,-0.1480241364471634,-0.14834366829038342,-0.00031953184322003336,-0.16482913474221916,200,1
1020,-0.12988247182429513,-0.13002088262037503,-0.00013841079607990192,-0.1651822676777699,200,1
1040,-0.13354137289140913,-0.13330773959253092,0.00023363329887821083,-0.16484952307195946,200,1
1060,-0.15712643975569554,-0.157033152781388,9.328697430754929e-05,-0.16424828910533765,200,1
1080,-0.16415982321908693,-0.16441535675625304,-0.0002555335371661194,-0.1647561258141493,200,1
1100,-0.158441760490302,-0.15956414039381844,-0.001122379903516435,-0.16520450855006324,200,1
1120,-0.16341717264489225,-0.16487686996325962,-0.00145969731836737,-0.16529547050686533,200,1
1140,-0.17047079056059883,-0.17144645244914436,-0.0009756618885455315,-0.16538699601895807,200,1
1160,-0.18348439011414766,-0.18433415729005773,-0.0008497671759100656,-0.1661310567254022,200,1
1180,-0.1733933377213675,-0.17350094947256023,-0.00010761175119272659,-0.1663308232858553,200,1
1200,-0.18125093788634022,-0.18170622017023413,-0.0004552822838939097,-0.16645442991342946,200,1
1220,-0.17822167241306952,-0.1785370197675098,-0.0003153473544402763,-0.16647384121274617,200,1
1240,-0.15816570719397727,-0.1590525352911515,-0.0008868280971742193,-0.16648593301844983,200,1
1260,-0.15358953404917625,-0.15415997927899344,-0.0005704452298171958,-0.16669648730318465,200,1
1280,-0.13656447039962188,-0.13727768107584398,-0.000713210676222098,-0.16684386023305608,200,1
1300,-0.14996318906819955,-0.15053789975904508,-0.0005747106908455257,-0.16694503290985446,200,1
1320,-0.14484355996641418,-0.14419957146930285,0.0006439884971113363,-0.16687017547696076,200,1
1340,-0.16505351260671436,-0.16516251204810167,-0.0001089994413873141,-0.16664010943700008,200,1
1360,-0.15848044075451562,-0.15822724086499135,0.0002531998895242693,-0.16650413007654968,200,1
1380,-0.18184980447254673,-0.181547395719042,0.00030240875350473484,-0.1663743431732137,200,1
1400,-0.1865966397650412,-0.18698542686002312,-0.0003887870949819128,-0.16634559130255494,200,1
1420,-0.20259516501423025,-0.2033267402657904,-0.0007315752515601459,-0.16659767252994423,200,1
1440,-0.18738433123370224,-0.18863205071130362,-0.0012477194776013834,-0.16689729554948146,200,1
1460,-0.18866636603526887,-0.19052193720530325,-0.0018555711700343758,-0.16698286796727124,200,1
1480,-0.1663079849460654,-0.167548332062109,-0.0012403471160435942,-0.16709533589133246,200,1
1500,-0.1706158101539459,-0.1722143927240713,-0.0015985825701254064,-0.1670177151813379,200,1
1520,-0.18157392558534852,-0.18338349035533424,-0.0018095647699857276,-0.16680566066496227,200,1
1540,-0.17586771791366318,-0.17793193482721392,-0.0020642169135507427,-0.16694801914158752,200,1
1560,-0.1616980317332143,-0.16261876638787176,-0.0009207346546574735,-0.16679569985727433,200,1
1580,-0.17992710721946342,-0.1808672337463258,-0.0009401265268623726,-0.16679426350042492,200,1
1600,-0.18981378623350853,-0.19083637042884083,-0.001022584195332299,-0.16700227190006528,200,1
1620,-0.17275941728189687,-0.17311365875770302,-0.0003542414758061496,-0.16704988466277448,200,1
1640,-0.1839523669317032,-0.18457637399967902,-0.0006240070679758292,-0.16694074696069489,200,1
1660,-0.17610092258388593,-0.1764904785473818,-0.00038955596349588006,-0.16639374952742764,200,1
1680,-0.1791158838891257,-0.17995247801825953,-0.0008365941291338386,-0.1666371891451534,200,1
1700,-0.1849344389990087,-0.18619436360931796,-0.001259924610309271,-0.16635379854007565,200,1
1720,-0.15969320734729353,-0.16079538227716478,-0.0011021749298712469,-0.1660125097262216,200,1
1740,-0.1451121004258748,-0.14551734750636214,-0.0004052470804873365,-0.16654936069140208,200,1
1760,-0.17438603852916318,-0.17452453560055464,-0.0001384970713914635,-0.16648608324436392,200,1
1780,-0.14183122947331672,-0.14225823319027253,-0.0004270037169558094,-0.16635204394119457,200,1
1800,-0.14035463511600443,-0.140102680480735,0.00025195463526944684,-0.16576828651442183,200,1
1820,-0.18044383626393823,-0.18119300441231734,-0.0007491681483791091,-0.16551134856080996,200,1
1840,-0.15527953891809604,-0.1570047869841671,-0.00172524806607105,-0.1660536348774747,200,1
1860,-0.17078157179209297,-0.17286360042906695,-0.002082028636973987,-0.16596590436123104,200,1
1880,-0.17623329862948145,-0.17685110054880415,-0.0006178019193227025,-0.1658306694424514,200,1
1900,-0.15487202006182293,-0.15558858030418593,-0.0007165602423629958,-0.16647423543383894,200,1
1920,-0.1650159973409308,-0.16600245977471373,-0.0009864624337829198,-0.16695934353269953,200,1
1940,-0.1525847983736367,-0.15375668000768572,-0.0011718816340490212,-0.1668490220260379,200,1
1960,-0.1472092397064751,-0.14790089510495963,-0.0006916553984845364,-0.16688854226989935,200,1
1980,-0.16798406402884725,-0.1689987183862034,-0.0010146543573561484,-0.16675805462623927,200,1
2000,-0.17278716548402667,-0.17447496313067495,-0.0016877976466482814,-0.16703560996794165,200,1
1,12.19021757549789,12.192661562709864,0.002443987211973919,12.383703846018669,200,2
20,8.31183968777667,8.320159614426213,0.008319926649543063,8.40068180186781,200,2
40,5.467904565889307,5.473227020110099,0.005322454220792139,5.530141995233332,200,2
60,3.574552727615059,3.5771651815040273,0.002612453888968247,3.5911435345937672,200,2
80,2.345587849269939,2.3477173998237637,0.0021295505538247994,2.2917074329437135,200,2
100,1.4990137772775656,1.500001580027406,0.0009878027498404496,1.4322321315539874,200,2
120,0.9314663790882484,0.9299053730106549,-0.001561006077593463,0.8728830001120734,200,2
140,0.5534452358027945,0.5478691515103471,-0.005576084292447381,0.5129270671218339,200,2
160,0.3356008301802183,0.331105156640324,-0.004495673539894274,0.2779412882671679,200,2
180,0.14231262239514514,0.13500590617162922,-0.007306716223515919,0.12493836327821989,200,2
200,0.04298581860660644,0.035622436340996266,-0.007363382265610174,0.022418740964201378,200,2
220,-0.024273479248741237,-0.031969620427604706,-0.007696141178863469,-0.042462081736569623,200,2
240,-0.06397027292703328,-0.07209586920878042,-0.008125596281747138,-0.08286097634123968,200,2
260,-0.12096257508421532,-0.13032693699222603,-0.00936436190801071,-0.11013395332753367,200,2
280,-0.1359810663840872,-0.1448029681935571,-0.008821901809469901,-0.1285452136328627,200,2
300,-0.14673064937075542,-0.1550622347462714,-0.008331585375515982,-0.14074954854432647,200,2
320,-0.13433005495157047,-0.14120637326558466,-0.006876318314014196,-0.14711017371972657,200,2
340,-0.1743028650223672,-0.18352337501892818,-0.009220509996560988,-0.15410283448751355,200,2
360,-0.16964855687393987,-0.17909021543160608,-0.00944165855766621,-0.15807846872247533,200,2
380,-0.17173666275611754,-0.18040820608958985,-0.008671543333472309,-0.16090827977765088,200,2
400,-0.16147686976804454,-0.16976080830429452,-0.00828393853624998,-0.1619278331047786,200,2
420,-0.18275775769057673,-0.19272618542476155,-0.009968427734184826,-0.16345710188877188,200,2
440,-0.18546520022915008,-0.19503215313660444,-0.009566952907454351,-0.1625669314778359,200,2
460,-0.17725726550496235,-0.18633198847277954,-0.009074722967817195,-0.16430765325405716,200,2
480,-0.15310375438683466,-0.15947464555405289,-0.006370891167218229,-0.16619516263535916,200,2
500,-0.16562469168042415,-0.1721112930162254,-0.006486601335801256,-0.1667789058015502,200,2
520,-0.14739235905066284,-0.1527642039256622,-0.005371844874999365,-0.16699954057257105,200,2
540,-0.13958632321979947,-0.1440691732400452,-0.004482850020245732,-0.1669752752228924,200,2
560,-0.15126427612351734,-0.1558702868548758,-0.0046060107313584675,-0.16685687368262303,200,2
580,-0.16906551229016878,-0.17380334986270782,-0.004737837572539039,-0.16642158459412046,200,2
600,-0.17095561235692258,-0.17576720758631015,-0.004811595229387566,-0.16573859955825077,200,2
620,-0.17046609274235763,-0.1750953454779039,-0.004629252735546263,-0.1650332457767834,200,2
640,-0.16971909410769778,-0.1752173836790085,-0.0054982895713107105,-0.16521841617558933,200,2
660,-0.16589996146524627,-0.17029317284967355,-0.004393211384427276,-0.16537019478963905,200,2
680,-0.16129728588932754,-0.165654920368239,-0.004357634478911465,-0.1653142596473068,200,2
700,-0.16250682911400777,-0.1665794253317739,-0.004072596217766122,-0.16468649502841237,200,2
720,-0.1658848206829333,-0.17031658024158047,-0.004431759558647164,-0.16482775562962798,200,2
740,-0.19260679112659018,-0.19870208952027352,-0.006095298393683335,-0.16486319826006995,200,2
760,-0.1792773692416265,-0.18495096584180246,-0.0056735966001759675,-0.16546053389160145,200,2
780,-0.1688254316981061,-0.17409097600690765,-0.005265544308801551,-0.16566750832275273,200,2
800,-0.15812956031739372,-0.16270478704432023,-0.004575226726926507,-0.1659199600912203,200,2
820,-0.16501795379011544,-0.17052320682773073,-0.0055052530376152875,-0.16609170910139662,200,2
840,-0.16249759277292206,-0.1665061344675451,-0.004008541694623058,-0.1654297519501147,200,2
860,-0.1737630801535029,-0.1785830495662814,-0.004819969412778513,-0.16521983195261825,200,2
880,-0.16174596152780776,-0.16558580267398967,-0.0038398411461819104,-0.16538719454302606,200,2
900,-0.1563925664075902,-0.16007106814966782,-0.0036785017420776223,-0.16550746015276752,200,2
920,-0.15132112529771438,-0.15424591856156786,-0.0029247932638534757,-0.16524283246041652,200,2
940,-0.15963668908689752,-0.16366885865561873,-0.004032169568721211,-0.16506917340567492,200,2
960,-0.1618500326262084,-0.16630608434600563,-0.004456051719797238,-0.1651983804406824,200,2
980,-0.1621468742164064,-0.1667221404315104,-0.0045752662151040124,-0.16515965615727146,200,2
1000,-0.13761650190770824,-0.1409598406076052,-0.003343338699896947,-0.16524130831483513,200,2
1020,-0.15389605234298087,-0.15756085505472295,-0.0036648027117420767,-0.16545742623310566,200,2
1040,-0.15572127234714397,-0.15942220095258605,-0.0037009286054420776,-0.1657807716787588,200,2
1060,-0.13279390599165553,-0.13609064221759892,-0.0032967362259433974,-0.1659539571353842,200,2
1080,-0.13977153545543736,-0.1428106327539615,-0.0030390972985241405,-0.1657317806887102,200,2
1100,-0.14988032766624615,-0.15332249209233684,-0.003442164426090688,-0.16527272532663617,200,2
1120,-0.14059196992939074,-0.1439778959666527,-0.003385926037261955,-0.16561873011398756,200,2
1140,-0.15382715927124693,-0.15745532999746278,-0.0036281707262158513,-0.16503645015150806,200,2
1160,-0.16491897869313188,-0.16909362778047643,-0.004174649087344551,-0.1649648529035886,200,2
1180,-0.15757699720373372,-0.1616804047237176,-0.004103407519983893,-0.1656116571647742,200,2
1200,-0.1599119906010584,-0.16422929919525184,-0.004317308594193436,-0.16570890769848265,200,2
1220,-0.15350568394057668,-0.15771804351158436,-0.004212359571007684,-0.166128970122093,200,2
1240,-0.15883722036570957,-0.1626116856693975,-0.0037744653036879128,-0.16616699700082854,200,2
1260,-0.16607629028703186,-0.17113154717054258,-0.005055256883510717,-0.16622023121540885,200,2
1280,-0.14942467999357034,-0.15445919916234713,-0.005034519168776785,-0.16639344711459408,200,2
1300,-0.13695803383697197,-0.14169798814644158,-0.004739954309469607,-0.16664618054863622,200,2
1320,-0.1396552676382361,-0.1449462147368512,-0.005290947098615106,-0.16670889073792183,200,2
1340,-0.13753715615764656,-0.14136981262775217,-0.003832656470105611,-0.16672259764118358,200,2
1360,-0.15676058731615783,-0.1624339085138607,-0.005673321197702863,-0.1665566155354033,200,2
1380,-0.15989801335607856,-0.16589773886551462,-0.00599972550943606,-0.16640376393396544,200,2
1400,-0.16426495194689106,-0.17072140437782923,-0.0064564524309381754,-0.16645683718140658,200,2
1420,-0.157673781092739,-0.16376491601338594,-0.006091134920646946,-0.16668407661928508,200,2
1440,-0.14686670571053784,-0.15194879225304975,-0.00508208654251191,-0.16683019351361983,200,2
1460,-0.1397192672214873,-0.14423387145241362,-0.004514604230926311,-0.1667787108574612,200,2
1480,-0.16177641298012396,-0.16806997013485958,-0.006293557154735618,-0.166749341697412,200,2
1500,-0.1600799155416876,-0.16626467804382633,-0.00618476250213873,-0.16662232295310997,200,2
1520,-0.16000372322886536,-0.16572282400888155,-0.005719100780016195,-0.16656172315308204,200,2
1540,-0.1719889609651959,-0.17806227026378363,-0.006073309298587737,-0.16661643290248995,200,2
1560,-0.16023310862085643,-0.16606214665080937,-0.005829038029952938,-0.16678669405270752,200,2
1580,-0.16641416506711204,-0.17233587084513396,-0.005921705778021924,-0.1668289312728281,200,2
1600,-0.16374646243790725,-0.1696702180002298,-0.005923755562322552,-0.1666753009425065,200,2
1620,-0.15080063620243914,-0.15538230710093928,-0.004581670898500145,-0.16673564176985603,200,2
1640,-0.16882700609718537,-0.17542985546589468,-0.006602849368709307,-0.1665789421529329,200,2
1660,-0.16182601512562367,-0.1670520735295788,-0.005226058403955125,-0.1663352850544902,200,2
1680,-0.16023993860552876,-0.1658311273444838,-0.005591188738955033,-0.16643546074244936,200,2
1700,-0.15888580605596658,-0.1636849199770366,-0.0047991139210700196,-0.16618056210496057,200,2
1720,-0.1573654187830325,-0.1623774936564894,-0.005012074873456895,-0.16601254034211932,200,2
1740,-0.17528359755264022,-0.18030814395366224,-0.005024546401022012,-0.16619346340046298,200,2
1760,-0.17544711323268958,-0.18103599936363213,-0.00558888613094255,-0.16658899564460627,200,2
1780,-0.1779065314026183,-0.18437790187675662,-0.006471370474138316,-0.16671015514985948,200,2
1800,-0.16383382288535597,-0.16951958837656877,-0.005685765491212802,-0.16681342409352173,200,2
1820,-0.16980091273776443,-0.1756543159884726,-0.005853403250708156,-0.16691947606963237,200,2
1840,-0.17277274194376735,-0.1800160600212229,-0.007243318077455541,-0.16697999122401103,200,2
1860,-0.16737485910749023,-0.17399945067193,-0.006624591564439786,-0.16707500678006926,200,2
1880,-0.17453039273786092,-0.18142866977734878,-0.006898277039487866,-0.16711164784168342,200,2
1900,-0.18110105128420106,-0.1882559569397101,-0.007154905655509025,-0.16707231946517764,200,2
1920,-0.16655695904716755,-0.1734816773093648,-0.00692471826219726,-0.16714635690821134,200,2
1940,-0.14540078098935905,-0.15131972425365192,-0.005918943264292875,-0.16718121858616164,200,2
1960,-0.1375414499445376,-0.14279564041153486,-0.005254190466997266,-0.16713388877036495,200,2
1980,-0.15451168986561725,-0.16010159925046397,-0.005589909384846714,-0.16721193571621834,200,2
2000,-0.14605092166134998,-0.15139494668661274,-0.005344025025262766,-0.167175868047377,200,2
1,12.670919091826509,12.671030881689612,0.00011178986310333983,13.135052239721624,200,3
20,8.734122434247203,8.743016662567209,0.008894228320006192,8.912907485326997,200,3
40,5.7956378074466395,5.802931103778387,0.0072932963317473565,5.851770749001108,200,3
60,3.827268380197743,3.8344308776869163,0.007162497489173081,3.778710677792494,200,3
80,2.522891949055655,2.530953002918267,0.008061053862612244,2.409182830682359,200,3
100,1.6024180950149625,1.6053398191695472,0.002921724154584693,1.5170293511306252,200,3
120,1.0006497441094642,1.0004768505933581,-0.00017289351610605408,0.9413064758581945,200,3
140,0.6011975655315206,0.5980682497480734,-0.0031293157834472174,0.5763230829807551,200,3
160,0.34732225729790855,0.34312765378554877,-0.004194603512359785,0.3399805289777418,200,3
180,0.20562257829595537,0.20274650384969206,-0.0028760744462633103,0.1860509868454699,200,3
200,0.09731718865775121,0.09429138474218887,-0.0030258039155623417,0.08325362296339373,200,3
220,0.018178318049113323,0.014661220398258679,-0.0035170976508546448,0.012966858845462392,200,3
240,-0.03824194608077591,-0.04221505432080802,-0.003973108240032108,-0.03478897147013543,200,3
260,-0.07484005098642058,-0.07876831049637681,-0.003928259509956233,-0.06846843011962453,200,3
280,-0.10039459586853483,-0.10432563667826011,-0.003931040809725284,-0.09367552438578408,200,3
300,-0.11576990794651168,-0.11966887492374897,-0.003898966977237295,-0.11122336885750303,200,3
320,-0.12315117189472591,-0.12689839844029993,-0.003747226545574023,-0.12325492789327042,200,3
340,-0.11604714879698336,-0.11821970157932954,-0.002172552782346182,-0.13290534949419874,200,3
360,-0.12916480140790243,-0.13208401722964846,-0.002919215821746035,-0.14027974935281173,200,3
380,-0.13591189591723446,-0.13892045497339456,-0.0030085590561600983,-0.14515228540917957,200,3
400,-0.15326889466413252,-0.15734181462334818,-0.0040729199592156595,-0.14969328056277809,200,3
420,-0.15375474845223802,-0.1576088188391933,-0.0038540703869552884,-0.15279941458030072,200,3
440,-0.1416511688874823,-0.14455875124792011,-0.0029075823604378104,-0.1545325965572268,200,3
460,-0.1388129922831074,-0.14131621143598827,-0.0025032191528808756,-0.1560908124403625,200,3
480,-0.13480505106548962,-0.1370624726515252,-0.0022574215860355906,-0.15737215083169026,200,3
500,-0.13672328397180877,-0.13915798393802614,-0.0024346999662173685,-0.15849534363546225,200,3
520,-0.15569422836505883,-0.15883257393339342,-0.0031383455683345884,-0.1590701793018023,200,3
540,-0.1409485867185132,-0.14382721217350516,-0.0028786254549919565,-0.1607230491320498,200,3
560,-0.1299421033420617,-0.132348546082525,-0.0024064427404633104,-0.16122308389389528,200,3
580,-0.12698655644770615,-0.12864242427507808,-0.0016558678273719263,-0.16158416718004756,200,3
600,-0.1673761915920595,-0.1711989209564874,-0.0038227293644279015,-0.16226469374532357,200,3
620,-0.15964957952647196,-0.16318502332558427,-0.0035354437991123033,-0.1629077087921123,200,3
640,-0.15480570421717765,-0.15815116698251602,-0.0033454627653383695,-0.16329238248289896,200,3
660,-0.1659877793299801,-0.16973518985742592,-0.003747410527445816,-0.16370922743144178,200,3
680,-0.19426868527294003,-0.19944602524702407,-0.005177339974084039,-0.16487389260238475,200,3
700,-0.16540472520959523,-0.1696646146571705,-0.004259889447575271,-0.16598199504970937,200,3
720,-0.1660258925859452,-0.17038416324597672,-0.004358270660031527,-0.16635391517755482,200,3
740,-0.14520732270707515,-0.14837982404349886,-0.0031725013364237165,-0.1665199828759314,200,3
760,-0.1380212677599149,-0.14061467778427772,-0.0025934100243628078,-0.16624660850320322,200,3
780,-0.14407018815967632,-0.14701081027082474,-0.0029406221111484276,-0.16567668525467205,200,3
800,-0.1497637731020542,-0.15289282794371,-0.0031290548416558206,-0.16506583396054675,200,3
820,-0.1571789666614371,-0.15968545791944838,-0.0025064912580112786,-0.1642202306024787,200,3
840,-0.1494248677036088,-0.15169565172525717,-0.0022707840216483755,-0.16342422195719336,200,3
860,-0.13309562907929623,-0.13471301236801492,-0.0016173832887186879,-0.162869904413931,200,3
880,-0.1556998185025868,-0.15837928085982395,-0.00267946235723715,-0.16270733725926134,200,3
900,-0.16510693965211415,-0.16811788337249822,-0.003010943720384074,-0.1632087387824111,200,3
920,-0.15911938802175138,-0.1618472220357444,-0.0027278340139930135,-0.16356742448036635,200,3
940,-0.15761354242969094,-0.16045309758169807,-0.0028395551520071227,-0.1636025631155109,200,3
960,-0.16906167753400442,-0.17265012043641415,-0.0035884429024097275,-0.163273223892411,200,3
980,-0.1642237475651957,-0.16734368067406796,-0.0031199331088722637,-0.16361477127474927,200,3
1000,-0.15048808430217378,-0.153256610407095,-0.0027685261049212317,-0.16384457381623982,200,3
1020,-0.1662765518197479,-0.16887514051090344,-0.0025985886911555345,-0.1634182606307533,200,3
1040,-0.15305901339668868,-0.1554997285349111,-0.0024407151382224157,-0.16314373504072952,200,3
1060,-0.14892899733092518,-0.1514237279962785,-0.0024947306653533285,-0.16341453323237187,200,3
1080,-0.14686903609266272,-0.14916474155818799,-0.0022957054655252662,-0.16335307548878608,200,3
1100,-0.15638638373475441,-0.15908011793635699,-0.002693734201602571,-0.16325500436440846,200,3
1120,-0.15482567986392115,-0.15744945692357898,-0.002623777059657828,-0.16326567660481678,200,3
1140,-0.1573081969161369,-0.15996083814381123,-0.002652641227674335,-0.16292271027924493,200,3
1160,-0.1661406520376427,-0.1692391321965069,-0.003098480158864214,-0.16340475686215114,200,3
1180,-0.16314464909593654,-0.16644259914438883,-0.0032979500484522917,-0.16421003076671495,200,3
1200,-0.15044005247453815,-0.15272025593983982,-0.0022802034653016667,-0.16423599667731034,200,3
1220,-0.16728719761207772,-0.17028858966445365,-0.0030013920523759285,-0.16422621066054716,200,3
1240,-0.1731231541086462,-0.17710097597556512,-0.003977821866918918,-0.164789413042007,200,3
1260,-0.17501247725655283,-0.17929547287886416,-0.004282995622311325,-0.1651839992985908,200,3
1280,-0.1585708508963004,-0.1621497820987265,-0.0035789312024260833,-0.16543609308927548,200,3
1300,-0.14707727810794147,-0.15004707238465348,-0.0029697942767120122,-0.16522307297324712,200,3
1320,-0.15342093970760606,-0.15657673497877905,-0.0031557952711729897,-0.16501599335276135,200,3
1340,-0.15492433475494954,-0.15809812710706816,-0.0031737923521186207,-0.16553438571520496,200,3
1360,-0.16532526074315107,-0.16903846879690976,-0.0037132080537586876,-0.16565674463506214,200,3
1380,-0.16277693033360355,-0.16642823862640896,-0.003651308292805411,-0.1659989008229796,200,3
1400,-0.14804676769508127,-0.1513585102048026,-0.003311742509721327,-0.16600767128328606,200,3
1420,-0.16235457760217561,-0.1659994554807945,-0.0036448778786188907,-0.16608266215648568,200,3
1440,-0.15689524811422342,-0.16047889308528204,-0.0035836449710586193,-0.16623755811386745,200,3
1460,-0.1537237979553574,-0.15730445461095,-0.0035806566555925956,-0.16634973972585398,200,3
1480,-0.14915696491531305,-0.15320945765274835,-0.004052492737435298,-0.16652397891579812,200,3
1500,-0.16124108192224365,-0.16511910041143615,-0.003878018489192503,-0.166167151815813,200,3
1520,-0.15913488567219158,-0.16277093415182076,-0.0036360484796291725,-0.16540877404536658,200,3
1540,-0.14310775033522058,-0.1456073169500187,-0.00249956661479811,-0.16514971645990814,200,3
1560,-0.1433202462365417,-0.14621589688433104,-0.0028956506477893496,-0.16481397521310545,200,3
1580,-0.14340546617336863,-0.14620585218398635,-0.002800386010617717,-0.16483546713446706,200,3
1600,-0.15868304087118884,-0.16240667558450417,-0.003723634713315327,-0.16445592109637136,200,3
1620,-0.17580017241336887,-0.1799442712574234,-0.0041440988440545334,-0.1652139633426004,200,3
1640,-0.1538013712020023,-0.1574371731474621,-0.0036358019454598156,-0.16549166471072255,200,3
1660,-0.14860011671531453,-0.15160494398744823,-0.003004827272133692,-0.16525889690354567,200,3
1680,-0.16725327297041317,-0.17109252460157257,-0.0038392516311593905,-0.16533397236289296,200,3
1700,-0.17145324928242253,-0.17576823763365942,-0.0043149883512368925,-0.1653183303616099,200,3
1720,-0.15343695451393227,-0.1566488572070686,-0.003211902693136315,-0.16464415621907993,200,3
1740,-0.14764002076934857,-0.15078804017100556,-0.0031480194016569873,-0.16415983996039957,200,3
1760,-0.163288100388473,-0.16695975331711158,-0.00367165292863858,-0.164000237099618,200,3
1780,-0.17869586354897454,-0.18305583990288726,-0.00435997635391272,-0.16460075918381145,200,3
1800,-0.17296662616012604,-0.17679809519515732,-0.0038314690350312874,-0.16468654347855904,200,3
1820,-0.1614544796375743,-0.16524487465801863,-0.003790395020444315,-0.16542590492096476,200,3
1840,-0.15043270999160252,-0.1536485799311424,-0.0032158699395398727,-0.1656601690619922,200,3
1860,-0.15597080681378142,-0.15936346176562874,-0.003392654951847318,-0.16607556882985033,200,3
1880,-0.15010577679048207,-0.15349487752977384,-0.0033891007392917727,-0.16617751247361487,200,3
1900,-0.1774284528013694,-0.18222994510705745,-0.004801492305688049,-0.16619518156304228,200,3
1920,-0.1630588980787977,-0.16751632323723126,-0.004457425158433559,-0.16643316978165257,200,3
1940,-0.16976043945854602,-0.17428527004476285,-0.0045248305862168325,-0.1664929914092102,200,3
1960,-0.16060542356439833,-0.16477761864518797,-0.004172195080789642,-0.16656670339772778,200,3
1980,-0.1685224220253435,-0.17307982960228796,-0.00455740757694445,-0.16650025707693006,200,3
2000,-0.1530588984227534,-0.15719607982918,-0.004137181406426604,-0.1661778496914898,200,3
1,11.82147090493834,11.822552242077634,0.0010813371392934812,11.496831172773902,200,4
20,7.898882938148149,7.9088514191624055,0.009968481014256625,7.796137664769701,200,4
40,5.2221574369695345,5.234051398298387,0.011893961328852676,5.192273102051491,200,4
60,3.4328110146703428,3.4466352679616663,0.01382425329132353,3.458913620344558,200,4
80,2.263964880696977,2.2768488070192068,0.012883926322229566,2.3027248531958224,200,4
100,1.507681773004819,1.5178539620779192,0.010172189073100135,1.5270598824941484,200,4
120,1.016014251505429,1.024595766566501,0.008581515061072187,1.0186541109968645,200,4
140,0.6505305952638014,0.6593778176277277,0.008847222363926321,0.6752800819899195,200,4
160,0.42907228928356345,0.4364116649797359,0.007339375696172434,0.4444190320114456,200,4
180,0.27497934543848174,0.2810019912317024,0.006022645793220649,0.2853624641494439,200,4
200,0.17257128617397294,0.17708345639961587,0.004512170225642931,0.17425396314569552,200,4
220,0.08419784308149003,0.08823617175102266,0.0040383286695326315,0.09551785858959366,200,4
240,0.02455556637841566,0.028811145430419516,0.004255579052003855,0.046906332054062416,200,4
260,-0.012760528460830034,-0.008797075524280606,0.0039634529365494275,0.011549357692967,200,4
280,-0.01524191172579517,-0.013027733885884102,0.002214177839911069,-0.01539692095705672,200,4
300,-0.03440634199948328,-0.03264556863439827,0.001760773365085011,-0.03574643133097516,200,4
320,-0.055598670483979734,-0.05398260144969602,0.0016160690342837125,-0.05226328916697262,200,4
340,-0.07432600396190212,-0.0724715217929264,0.001854482168975713,-0.0627442806866102,200,4
360,-0.08330968747179318,-0.08168043817372561,0.00162924929806757,-0.07201055523337879,200,4
380,-0.08085201565693875,-0.07998421964818359,0.0008677960087551673,-0.0805813223979254,200,4
400,-0.0922081505535878,-0.0913242990688018,0.000883851484786008,-0.08823063699848438,200,4
420,-0.0915672957576524,-0.09121972107052276,0.0003475746871296481,-0.09559801212064578,200,4
440,-0.09741471706191487,-0.09724540581664629,0.00016931124526858854,-0.10250252560996428,200,4
460,-0.1119592112942231,-0.11132182470394861,0.0006373865902744857,-0.10746392226489127,200,4
480,-0.11326955809508843,-0.11284041165156022,0.0004291464435282055,-0.1126084315460078,200,4
500,-0.12044449569276894,-0.11984622436410391,0.0005982713286650232,-0.1167600666302678,200,4
520,-0.13360092832195525,-0.13244164067031738,0.0011592876516378636,-0.12071654440076196,200,4
540,-0.13550829170796702,-0.13434922800456706,0.0011590637033999651,-0.12503614827512438,200,4
560,-0.12983590667009198,-0.12907425154973823,0.0007616551203537547,-0.12839969571764925,200,4
580,-0.1361119140709931,-0.135088893581153,0.0010230204898400985,-0.13153558772579738,200,4
600,-0.13240609483988133,-0.13161943174342391,0.0007866630964574184,-0.1337956326857642,200,4
620,-0.13592215854668205,-0.13501322667189014,0.0009089318747919073,-0.1371245300300563,200,4
640,-0.14155978502730815,-0.14038195932767933,0.0011778256996288206,-0.13968677074101893,200,4
660,-0.14954375206493778,-0.14791719171897696,0.0016265603459608147,-0.14290907170442838,200,4
680,-0.12515502399114553,-0.12480474868766617,0.00035027530347936375,-0.14493581243026593,200,4
700,-0.14031026031459917,-0.13913978962395576,0.0011704706906434104,-0.14686723960551393,200,4
720,-0.1484985561888288,-0.14681561836152013,0.0016829378273086615,-0.14897252513392134,200,4
740,-0.14116180586859456,-0.1397790446773159,0.0013827611912786697,-0.15095537756516736,200,4
760,-0.13315100626105217,-0.13213481790952467,0.0010161883515275028,-0.152105721968087,200,4
780,-0.13930409154108297,-0.13789992219193642,0.0014041693491465557,-0.15282564070740923,200,4
800,-0.1470560403112818,-0.14517616828275262,0.0018798720285291837,-0.15348188959922807,200,4
820,-0.1592234574836246,-0.15662462983276204,0.0025988276508625563,-0.1543375048156062,200,4
840,-0.14980714791817504,-0.14754728570892714,0.002259862209247898,-0.15606175349739163,200,4
860,-0.1584588909573501,-0.15560398801549458,0.0028549029418555305,-0.1571490757608947,200,4
880,-0.1565801233815359,-0.1536717246608109,0.002908398720725014,-0.15822916334399775,200,4
900,-0.1470828071282454,-0.1446023877536191,0.002480419374626286,-0.15913215259836438,200,4
920,-0.1611582030656112,-0.15788329138666338,0.003274911678947834,-0.15951491345108113,200,4
940,-0.16662353459399343,-0.16270248672707022,0.003921047866923211,-0.1613391264143137,200,4
960,-0.1626797102588343,-0.15891759442465683,0.0037621158341774597,-0.16191739271506592,200,4
980,-0.15050057952281576,-0.14736425714755985,0.0031363223752559066,-0.16219748825148111,200,4
1000,-0.16326937766975497,-0.15947419011296876,0.003795187556786206,-0.1621822149091866,200,4
1020,-0.18069271054100516,-0.1759025755673917,0.004790134973613469,-0.1626293213018512,200,4
1040,-0.181117902687395,-0.1757669949281118,0.005350907759283208,-0.16430807874775036,200,4
1060,-0.1714787340454752,-0.16651250539934165,0.0049662286461335525,-0.16478043537589276,200,4
1080,-0.184523013072601,-0.1786857505689659,0.005837262503635088,-0.1651791304542905,200,4
1100,-0.20372647591705256,-0.19650679345151123,0.007219682465541333,-0.1656999668066544,200,4
1120,-0.17491110226277462,-0.1690810692935199,0.005830032969254717,-0.16604601770044225,200,4
1140,-0.16623076204926943,-0.16086469648167226,0.005366065567597167,-0.16620043678544358,200,4
1160,-0.17146790680931764,-0.16565774170404526,0.00581016510527238,-0.16642132772947918,200,4
1180,-0.18600666700446017,-0.17951020748520474,0.006496459519255426,-0.16644955141440515,200,4
1200,-0.18896615673681016,-0.18213296610456597,0.00683319063224419,-0.16665599883200705,200,4
1220,-0.16882595732217098,-0.16307708465187953,0.0057488726702914494,-0.16662919632493844,200,4
1240,-0.15969118471889468,-0.15440015894150969,0.0052910257773849945,-0.16669876596048658,200,4
1260,-0.170308599185369,-0.1645509122471157,0.0057576869382532925,-0.16660247541306583,200,4
1280,-0.17481987779643685,-0.1691985168435736,0.0056213609528632524,-0.16580415273088892,200,4
1300,-0.14351129744522312,-0.1395124009848071,0.003998896460416013,-0.16597198900649202,200,4
1320,-0.16678690969626453,-0.1614304427470658,0.005356466949198724,-0.1661873036543095,200,4
1340,-0.1784345568818162,-0.17242108879027185,0.0060134680915443495,-0.16619322294294475,200,4
1360,-0.1557638149313899,-0.15078389994096952,0.0049799149904203865,-0.1665723237518808,200,4
1380,-0.17018475721145576,-0.16409148520067646,0.006093272010779305,-0.16683145213960315,200,4
1400,-0.19191684746539162,-0.18417478379192503,0.0077420636734665815,-0.1670855239473642,200,4
1420,-0.1738553379720298,-0.16657888420942818,0.007276453762601609,-0.16707654149958334,200,4
1440,-0.1622405510080776,-0.15560061588296714,0.006639935125110463,-0.16720400195984259,200,4
1460,-0.1792152146072039,-0.17156999571880255,0.007645218888401362,-0.1671122659691725,200,4
1480,-0.17090670699895272,-0.16393826200468414,0.0069684449942685744,-0.1670300079152235,200,4
1500,-0.15959838441277546,-0.15328652888799071,0.0063118555247847485,-0.1671193460377095,200,4
1520,-0.15875562081330408,-0.1526638915752384,0.0060917292380656685,-0.167089124617107,200,4
1540,-0.16837066166349912,-0.16178788217229262,0.006582779491206503,-0.16714448270132165,200,4
1560,-0.16968988178628153,-0.16281598932915065,0.006873892457130881,-0.16725272334561347,200,4
1580,-0.16650516223989797,-0.15952114812580098,0.0069840141140969925,-0.16727540477830338,200,4
1600,-0.15650890619962943,-0.14997016252874912,0.006538743670880309,-0.16726564641234176,200,4
1620,-0.16815071850116925,-0.16134588854435206,0.006804829956817193,-0.1672338820137405,200,4
1640,-0.14229345490438694,-0.13731000260746595,0.004983452296920987,-0.16702971112636888,200,4
1660,-0.17189564778144162,-0.16525634992114535,0.006639297860296267,-0.16708684755816866,200,4
1680,-0.16509861815760984,-0.15904288781014436,0.006055730347465482,-0.1668079285155729,200,4
1700,-0.1718820848896383,-0.1654207823433993,0.006461302546239001,-0.16678379482794176,200,4
1720,-0.17606551198470327,-0.16919872308177053,0.006866788902932741,-0.16699413848169908,200,4
1740,-0.17029231431507308,-0.16402515528599632,0.006267159029076763,-0.1665395379331558,200,4
1760,-0.16975124622235804,-0.163216722886441,0.006534523335917031,-0.16685571717922293,200,4
1780,-0.18250638326721141,-0.17523255311367653,0.007273830153534888,-0.16698694464325092,200,4
1800,-0.17734217720938833,-0.17035868171319302,0.006983495496195313,-0.1670546894315671,200,4
1820,-0.1949720436900132,-0.186900055509385,0.008071988180628209,-0.16720127689116748,200,4
1840,-0.1858921363605518,-0.1783143865951224,0.007577749765429409,-0.16726709891724756,200,4
1860,-0.19534122749135385,-0.1866618943966855,0.00867933309466834,-0.16712976531534718,200,4
1880,-0.17070489497723934,-0.16288871427851215,0.007816180698727193,-0.16672901801264833,200,4
1900,-0.18471562635380867,-0.17571764364051262,0.008997982713296049,-0.1665197156311442,200,4
1920,-0.2077852281384936,-0.19682065495020723,0.010964573188286364,-0.16597915566877058,200,4
1940,-0.16659979050952511,-0.15784021084008382,0.008759579669441298,-0.1659472155396205,200,4
1960,-0.1813336621973004,-0.17176467234888992,0.00956898984841048,-0.16604703532798115,200,4
1980,-0.17376673297911677,-0.16397712195689312,0.009789611022223643,-0.1649698197051988,200,4
2000,-0.16740033471232607,-0.15760827830655588,0.009792056405770189,-0.1645842212459423,200,4
1,11.474349832252306,11.474985766436788,0.0006359341844817124,11.645721123435433,200,5
20,7.857645615168524,7.862254090281066,0.004608475112542365,7.914046955697198,200,5
40,5.213317480749922,5.217217713977881,0.0039002332279594043,5.224494870983007,200,5
60,3.42517524826407,3.4278080573093965,0.0026328090453264785,3.4120671801927784,200,5
80,2.219410039389989,2.2204798346991534,0.0010697953091645118,2.2078661652985803,200,5
100,1.4138987085514407,1.4135970527180972,-0.0003016558333435171,1.4115826630424924,200,5
120,0.8849717840442866,0.883857775856236,-0.0011140081880505193,0.8847908346482043,200,5
140,0.5409580095415711,0.5396620768540263,-0.0012959326875447985,0.5369626194360821,200,5
160,0.3101821938592574,0.3085569173865113,-0.0016252764727460733,0.3067074504628525,200,5
180,0.1555399027372566,0.15357534586967558,-0.0019645568675810132,0.1521925339750872,200,5
200,0.05665222859659724,0.05464248241986891,-0.002009746176728333,0.04998126448930712,200,5
220,-0.003640879536090491,-0.005238502171263093,-0.001597622635172602,-0.017671895623428746,200,5
240,-0.05047897563954373,-0.05244123274148288,-0.0019622571019391466,-0.06332253958134487,200,5
260,-0.09161610565492218,-0.09442747971866017,-0.0028113740637379925,-0.09348973498230007,200,5
280,-0.11352508943112921,-0.1165373291256287,-0.0030122396944994856,-0.11500493002350048,200,5
300,-0.1281109607796141,-0.13118712867062743,-0.003076167891013337,-0.12834284827857978,200,5
320,-0.13334179230975898,-0.13644678668440727,-0.0031049943746482844,-0.1391181598723377,200,5
340,-0.1492047949844854,-0.15292335012716674,-0.0037185551426813235,-0.14484568008858034,200,5
360,-0.1577644268573029,-0.16196713281529046,-0.004202705957987551,-0.14993353523357722,200,5
380,-0.1368332755078902,-0.13946466795117995,-0.0026313924432897484,-0.15293226630986878,200,5
400,-0.13994860193207898,-0.14289445588773486,-0.002945853955655886,-0.1555187991183371,200,5
420,-0.14027387599480584,-0.1432173854726443,-0.0029435094778384463,-0.15627787370539953,200,5
440,-0.15161226988953797,-0.15527343805899013,-0.003661168169452167,-0.15693123728786845,200,5
460,-0.1613010108458245,-0.16542648361870582,-0.004125472772881333,-0.15770192008185996,200,5
480,-0.1505036762734392,-0.15398073424785397,-0.0034770579744147767,-0.1589569248305736,200,5
500,-0.14940455451285528,-0.1529954405258978,-0.003590886013042527,-0.15972961437592315,200,5
520,-0.1590783922923933,-0.16371794682210317,-0.004639554529709877,-0.16096648219612686,200,5
540,-0.15538438629922133,-0.15970984401324537,-0.004325457714024039,-0.16158229042189728,200,5
560,-0.14997733388606715,-0.15376427990510122,-0.0037869460190340654,-0.16141626768256484,200,5
580,-0.15602359125109985,-0.16044895955970226,-0.0044253683086024065,-0.16217728256907596,200,5
600,-0.16955056839380186,-0.1749125122969544,-0.005361943903152533,-0.16262979534572738,200,5
620,-0.17347846454935267,-0.17916734826606678,-0.00568888371671411,-0.1635186414385853,200,5
640,-0.1530215330878058,-0.1579811115415971,-0.004959578453791302,-0.16420670263766218,200,5
660,-0.16168102310072752,-0.1669754868427643,-0.005294463742036792,-0.1644571697845435,200,5
680,-0.163690002766176,-0.16911657116421747,-0.005426568398041454,-0.16421609786584784,200,5
700,-0.1830075104314518,-0.1894559709325579,-0.00644846050110609,-0.1637536814126298,200,5
720,-0.1752890258086559,-0.18153190590610835,-0.006242880097452441,-0.16370167735206193,200,5
740,-0.16945443074959893,-0.1753295364857132,-0.005875105736114272,-0.16458090335133152,200,5
760,-0.17418388067757742,-0.18053468703844058,-0.006350806360863159,-0.16477924832943744,200,5
780,-0.16101821981343192,-0.16618243123719198,-0.005164211423760057,-0.16434471431141787,200,5
800,-0.16337821888260412,-0.16898591632946297,-0.00560769744685885,-0.16423366075324158,200,5
820,-0.15028605830991656,-0.154610864857575,-0.004324806547658433,-0.1639034831685283,200,5
840,-0.14019023842398914,-0.14394895203079722,-0.003758713606808073,-0.1641163756186848,200,5
860,-0.14394200187696493,-0.1484421821239078,-0.004500180246942875,-0.16441240774940802,200,5
880,-0.1405482073814599,-0.1447772436570503,-0.004229036275590403,-0.1641771420311141,200,5
900,-0.1662223547890873,-0.1722680313812862,-0.006045676592198901,-0.16416767640520064,200,5
920,-0.17470738475048825,-0.18131003661344336,-0.006602651862955111,-0.16452256000183435,200,5
940,-0.17866737537150645,-0.18591499480483142,-0.00724761943332497,-0.16488096011222864,200,5
960,-0.1839149934857448,-0.19157743756357953,-0.007662444077834729,-0.16493339983860456,200,5
980,-0.17655621023160922,-0.18419809430710743,-0.0076418840754982065,-0.16528971496930844,200,5
1000,-0.1600808199139061,-0.1666556537062182,-0.006574833792312107,-0.16564587459832514,200,5
1020,-0.15821931075444723,-0.16469486152534518,-0.006475550770897953,-0.16595119014920956,200,5
1040,-0.17810221828164308,-0.1857535954738212,-0.0076513771921781215,-0.16631871619842398,200,5
1060,-0.16592912249823744,-0.1745226945698018,-0.00859357207156436,-0.16639901704711924,200,5
1080,-0.14374684156384604,-0.15044775470259725,-0.006700913138751208,-0.16668997636407318,200,5
1100,-0.15752586467542262,-0.16543603959358388,-0.007910174918161261,-0.16654257100004538,200,5
1120,-0.13255375089897486,-0.13819844862225117,-0.005644697723276304,-0.16654984978333082,200,5
1140,-0.13486512296847686,-0.1400682224112817,-0.005203099442804837,-0.1662027951026548,200,5
1160,-0.16251638865771173,-0.16956243354013245,-0.007046044882420721,-0.16606638842290217,200,5
1180,-0.16743909300278678,-0.1748846031061854,-0.0074455101033986115,-0.16607734773855318,200,5
1200,-0.16482403256610254,-0.17236992216312372,-0.0075458895970211826,-0.16618710264750272,200,5
1220,-0.1600858705492548,-0.16640408008086313,-0.006318209531608332,-0.16564817710516858,200,5
1240,-0.15873331719070716,-0.1648273504698788,-0.006094033279171629,-0.16565508947060276,200,5
1260,-0.1489525511420119,-0.15422739680072656,-0.005274845658714666,-0.16531408767095257,200,5
1280,-0.14891182765395222,-0.1543517619576501,-0.00543993430369788,-0.16507730127662523,200,5
1300,-0.1558987452910205,-0.16144657474621915,-0.005547829455198661,-0.16517682651509663,200,5
1320,-0.1582387855406936,-0.16422903088069246,-0.0059902453399988675,-0.1656337386262896,200,5
1340,-0.15511542490445518,-0.16111670193544814,-0.0060012770309929575,-0.16622283751228406,200,5
1360,-0.15424275355579772,-0.1605918706771742,-0.00634911712137648,-0.16662969901058147,200,5
1380,-0.17298078872008127,-0.18095555601012847,-0.007974767290047202,-0.16669633692992009,200,5
1400,-0.1627019193273891,-0.16988336683787103,-0.007181447510481942,-0.16669065116214998,200,5
1420,-0.15819551003926557,-0.16501028220754688,-0.006814772168281302,-0.16676236839121455,200,5
1440,-0.16194058940988,-0.16953004726610604,-0.007589457856226056,-0.16690073251655696,200,5
1460,-0.16952275976051034,-0.17710079080930546,-0.00757803104879512,-0.16662657931836,200,5
1480,-0.16283995867634002,-0.16968362440492127,-0.00684366572858125,-0.1664844142196211,200,5
1500,-0.175299739939772,-0.18298676586955592,-0.0076870259297839305,-0.1665136598441137,200,5
1520,-0.1624686900797262,-0.1698373991458031,-0.007368709066076895,-0.16668152056409247,200,5
1540,-0.164996312426412,-0.17320797927316817,-0.008211666846756172,-0.1668035190918371,200,5
1560,-0.1645339046550925,-0.17279895496916142,-0.008265050314068934,-0.16679940150062272,200,5
1580,-0.1628240196949748,-0.1707003687548303,-0.007876349059855514,-0.16679881615717934,200,5
1600,-0.16890729926293058,-0.17703609779327079,-0.008128798530340209,-0.16686491054845098,200,5
1620,-0.16372020476093518,-0.17145331245058432,-0.007733107689649132,-0.16681274020280001,200,5
1640,-0.16903247573739139,-0.17668080294988775,-0.007648327212496364,-0.1667519967951231,200,5
1660,-0.15483536133769524,-0.1611146487179436,-0.006279287380248355,-0.16637284498560653,200,5
1680,-0.1505319878055827,-0.15622716346153714,-0.005695175655954454,-0.1660958642962993,200,5
1700,-0.16125395582826565,-0.1676525681929731,-0.006398612364707457,-0.16609285582145675,200,5
1720,-0.14808583562445346,-0.1534590541255468,-0.005373218501093346,-0.16614358417226424,200,5
1740,-0.1385485292539363,-0.1435194537125073,-0.004970924458571002,-0.16599250405548627,200,5
1760,-0.1573400159974796,-0.16326120877762268,-0.005921192780143081,-0.16568803664374038,200,5
1780,-0.15182979049920767,-0.15707693012770726,-0.0052471396284995975,-0.16548139366505313,200,5
1800,-0.1608569397620167,-0.16690239563158804,-0.006045455869571337,-0.16550902291910008,200,5
1820,-0.1450850816089819,-0.14983521311440937,-0.004750131505427468,-0.16544687709171826,200,5
1840,-0.15612342926982872,-0.16154112666409884,-0.005417697394270116,-0.16585579211445264,200,5
1860,-0.16240979723794513,-0.1686621801236875,-0.006252382885742369,-0.16561529218553356,200,5
1880,-0.15614753659292402,-0.16183056727771072,-0.005683030684786705,-0.16578006209387386,200,5
1900,-0.16473144423751135,-0.17131754418162065,-0.006586099944109303,-0.16607170488063566,200,5
1920,-0.18159179908665174,-0.1899943977832026,-0.008402598696550856,-0.1665376147335122,200,5
1940,-0.1767984641557011,-0.18512947903550803,-0.00833101487980692,-0.1667039117495125,200,5
1960,-0.17874708606158374,-0.18709384155015774,-0.008346755488573998,-0.16663972012150768,200,5
1980,-0.1813135991327151,-0.18977737226143498,-0.008463773128719876,-0.16670291938967086,200,5
2000,-0.16922029836125135,-0.1773441631558429,-0.00812386479459154,-0.1666782206999985,200,5
1,11.688142021769991,11.686308474474902,-0.0018335472950887777,10.934260816997972,200,6
20,7.660814528535479,7.634864933596423,-0.02594959493905602,7.338338449076685,200,6
40,4.936004041339331,4.905289494241419,-0.03071454709791155,4.816302397607186,200,6
60,3.172778369557578,3.1450736631846508,-0.027704706372927212,3.1380682350613376,200,6
80,2.0778687162814653,2.0541432400595143,-0.02372547622195098,2.04796110919965,200,6
100,1.3634001987549567,1.3413988575283522,-0.022001341226604465,1.3410128723829482,200,6
120,0.8803143739679219,0.8599374681509433,-0.020376905816978597,0.8688976985871291,200,6
140,0.5551766022399268,0.5370542227943726,-0.01812237944555417,0.5442173577221967,200,6
160,0.35671632471764214,0.34076647460971854,-0.015949850107923602,0.3281709360129781,200,6
180,0.19328527312030608,0.17941483966257754,-0.013870433457728537,0.17415996558380553,200,6
200,0.07961287380504345,0.06529924902227235,-0.014313624782771095,0.07433414232336788,200,6
220,-0.0013080844106115874,-0.013866191153224072,-0.012558106742612485,0.002374436278754777,200,6
240,-0.03060246835361602,-0.04033484712816249,-0.009732378774546468,-0.04934054120752551,200,6
260,-0.07452158291524391,-0.08471749789783267,-0.01019591498258876,-0.08221091044830997,200,6
280,-0.08766072396532631,-0.09679552864645924,-0.009134804681132924,-0.10515241386091023,200,6
300,-0.11571792210519044,-0.12508880946811968,-0.009370887362929237,-0.12192728937140312,200,6
320,-0.1507958359171142,-0.15966608308473074,-0.00887024716761653,-0.13350388028532267,200,6
340,-0.14500919865344275,-0.15342758430732295,-0.0084183856538802,-0.14140160874145313,200,6
360,-0.14189133315559838,-0.14940910793710555,-0.007517774781507169,-0.14774609706850667,200,6
380,-0.16665732165794533,-0.1749720965218946,-0.00831477486394927,-0.15200095540626457,200,6
400,-0.13860468103962886,-0.145178155584351,-0.006573474544722124,-0.15453691705771755,200,6
420,-0.16694759211589216,-0.1739433615666547,-0.0069957694507625234,-0.15832834944249674,200,6
440,-0.18648948783488778,-0.19398460788640565,-0.007495120051517867,-0.16023779425338508,200,6
460,-0.15938557273242476,-0.1652821136720633,-0.005896540939638539,-0.16229979432675956,200,6
480,-0.15167214036718996,-0.15707196109615723,-0.005399820728967275,-0.16303745591517654,200,6
500,-0.171495153854352,-0.17772301811866054,-0.006227864264308547,-0.16372619917393638,200,6
520,-0.14913757985334603,-0.1544945378108757,-0.005356957957529662,-0.1643058990416379,200,6
540,-0.16506777022801844,-0.17054456876505736,-0.005476798537038918,-0.1650621802207875,200,6
560,-0.1573548257322236,-0.1623692450386986,-0.005014419306475004,-0.16521926679897986,200,6
580,-0.1610887805279408,-0.16601189147682932,-0.004923110948888532,-0.16589171853073004,200,6
600,-0.1387378770743331,-0.14267397476091453,-0.00393609768658143,-0.16620108489967172,200,6
620,-0.15765122757734867,-0.16179430076165707,-0.004143073184308399,-0.16663652062063922,200,6
640,-0.15989941302530636,-0.16414760342584678,-0.004248190400540419,-0.16670475542217283,200,6
660,-0.1541496583329498,-0.15793231195550883,-0.003782653622559029,-0.16691833699900555,200,6
680,-0.1598372528019576,-0.16388667803721807,-0.004049425235260473,-0.16702156383085165,200,6
700,-0.16789158674899796,-0.17230564067279763,-0.004414053923799677,-0.16710274098056443,200,6
720,-0.16170949935091383,-0.16578328126242003,-0.004073781911506202,-0.16726928914363304,200,6
740,-0.1598150451893081,-0.16338720230696707,-0.0035721571176589584,-0.16733231984833052,200,6
760,-0.18001156237478377,-0.18441868919888577,-0.004407126824101992,-0.16734274540413868,200,6
780,-0.1834049017889624,-0.1880967138597312,-0.004691812070768797,-0.16735515233521325,200,6
800,-0.18127593871290415,-0.1854320721248931,-0.004156133411988949,-0.1673299108752756,200,6
820,-0.17861069256058953,-0.18303808139850047,-0.004427388837910939,-0.16728014764669713,200,6
840,-0.20714085523572862,-0.21239669172003273,-0.0052558364843041105,-0.16721069532664606,200,6
860,-0.18497089933006539,-0.18962510711797775,-0.004654207787912368,-0.16720632964295384,200,6
880,-0.18760634701247503,-0.1922308103063743,-0.004624463293899261,-0.16720058280338795,200,6
900,-0.1628816725939613,-0.16644206680995632,-0.003560394215995022,-0.16717031394504578,200,6
920,-0.15574189658414372,-0.15910898793528694,-0.0033670913511432143,-0.16713994642193286,200,6
940,-0.1646776597490055,-0.16823820479131701,-0.0035605450423115137,-0.16711150170523248,200,6
960,-0.1338980606179171,-0.13667151700527536,-0.002773456387358264,-0.16718088552663324,200,6
980,-0.13150965619631988,-0.13421586202273816,-0.0027062058264182842,-0.1671374307168394,200,6
1000,-0.16051760494067235,-0.16406093571395086,-0.003543330773278508,-0.16701273673138367,200,6
1020,-0.16201560169846774,-0.16556790322927006,-0.0035523015308023265,-0.16722635898004068,200,6
1040,-0.16822360651745588,-0.1717507796228272,-0.0035271731053713173,-0.1669567383976875,200,6
1060,-0.1588191529570353,-0.1621285394769149,-0.003309386519879609,-0.16703287580273118,200,6
1080,-0.14913659857148903,-0.15213746565142594,-0.0030008670799369086,-0.16703411184059014,200,6
1100,-0.1587208928142993,-0.16198425338376682,-0.0032633605694675216,-0.1669086561711623,200,6
1120,-0.13611630616108722,-0.1386918714445584,-0.002575565283471193,-0.1666064767469007,200,6
1140,-0.15958032798599678,-0.16281035620146914,-0.003230028215472358,-0.16650269308158352,200,6
1160,-0.19268943128649352,-0.19699730503397572,-0.004307873747482205,-0.16688092030458268,200,6
1180,-0.1555163224676343,-0.15838427689237078,-0.002867954424736474,-0.16671736213703925,200,6
1200,-0.1719513180509507,-0.17541794789042003,-0.0034666298394693262,-0.16687758823663573,200,6
1220,-0.18446831775265876,-0.18873899487252765,-0.004270677119868893,-0.1669635200828269,200,6
1240,-0.17068433470407104,-0.1746139983252297,-0.003929663621158652,-0.16659446416523463,200,6
1260,-0.17948270142585304,-0.18316595218583487,-0.0036832507599818265,-0.1665600949444267,200,6
1280,-0.17159784891628993,-0.1751036231534563,-0.003505774237166359,-0.16656581231582268,200,6
1300,-0.15005644637289245,-0.15255325943652864,-0.002496813063636194,-0.16651954270097014,200,6
1320,-0.15392617616958124,-0.15622281797685886,-0.002296641807277622,-0.1664537622133451,200,6
1340,-0.1558440410419078,-0.15863027451399075,-0.002786233472082955,-0.16652283831861414,200,6
1360,-0.16026706163670218,-0.1632831143777047,-0.0030160527410025284,-0.1666884109973389,200,6
1380,-0.15244026208967057,-0.15495422093979158,-0.002513958850121012,-0.16659413486820954,200,6
1400,-0.14828701320446092,-0.151160152384878,-0.0028731391804170947,-0.16678261414448742,200,6
1420,-0.13434528046665367,-0.13697074104368734,-0.002625460577033667,-0.16693328978595795,200,6
1440,-0.1514342555031239,-0.15453794549662797,-0.0031036899935040774,-0.16674033769412816,200,6
1460,-0.1308068486648775,-0.13295751711465667,-0.0021506684497791806,-0.166479836137203,200,6
1480,-0.1642584456328205,-0.1677395557316575,-0.0034811100988370036,-0.16625819640608197,200,6
1500,-0.16153096080742246,-0.1646590008512901,-0.0031280400438676303,-0.1663249418609118,200,6
1520,-0.16139168718762287,-0.16441370344872241,-0.003022016261099547,-0.16647300652173735,200,6
1540,-0.16082229990532626,-0.16389914930715066,-0.0030768494018243997,-0.1662357180695882,200,6
1560,-0.14401970795877123,-0.14637558290702873,-0.002355874948257508,-0.16635366479855634,200,6
1580,-0.1771257864107075,-0.1805167350919353,-0.003390948681227801,-0.16596972796432338,200,6
1600,-0.16367173966749518,-0.16617194110600333,-0.002500201438508154,-0.1656549288697499,200,6
1620,-0.16629562602470474,-0.1688733141998169,-0.0025776881751121694,-0.1651954381992826,200,6
1640,-0.1775253108647103,-0.1805044626221049,-0.0029791517573946047,-0.1653189370402951,200,6
1660,-0.15836173943632353,-0.16106908939854148,-0.002707349962217942,-0.1655820879640924,200,6
1680,-0.16948410908320632,-0.17224929741602124,-0.0027651883328149163,-0.16548221802642193,200,6
1700,-0.1900586223750127,-0.1937837450094153,-0.003725122634402611,-0.1660737041113629,200,6
1720,-0.19013023528378925,-0.19399492581346883,-0.003864690529679582,-0.1663597552816543,200,6
1740,-0.18650600164371733,-0.1903037471151824,-0.0037977454714650527,-0.16648076043029592,200,6
1760,-0.17909827601803013,-0.18267387648594124,-0.003575600467911111,-0.1666836979793968,200,6
1780,-0.17637399579668767,-0.1802071804194768,-0.003833184622789143,-0.16677275988985474,200,6
1800,-0.16400560183100815,-0.1675222438462371,-0.0035166420152289435,-0.16687520387965493,200,6
1820,-0.15329594093422205,-0.15634031898310957,-0.0030443780488875194,-0.16687814191275824,200,6
1840,-0.19561069188362157,-0.19975365791984556,-0.004142966036223994,-0.16665471141199706,200,6
1860,-0.17840503190625634,-0.18250437554491233,-0.0040993436386559945,-0.1667739729776196,200,6
1880,-0.16868890692460559,-0.17247747284476278,-0.003788565920157194,-0.16676575200115906,200,6
1900,-0.1614672552197906,-0.16469715916807404,-0.00322990394828343,-0.1667519090921703,200,6
1920,-0.17297050449471785,-0.17674191416829155,-0.0037714096735737,-0.1667473250629588,200,6
1940,-0.160723857669965,-0.1641403405328618,-0.003416482862896808,-0.16668414431176354,200,6
1960,-0.15631270035896383,-0.1594877225577408,-0.0031750221987769667,-0.16650920463694685,200,6
1980,-0.16259981966388204,-0.16582583760151737,-0.003226017937635328,-0.16649785229275316,200,6
2000,-0.16203238663313824,-0.16504597385795194,-0.0030135872248137074,-0.1664289610827312,200,6
1,12.58228089940169,12.582592493329374,0.00031159392768387306,12.632715082763902,200,7
20,8.555654492618588,8.56172640689763,0.00607191427904219,8.56697783976199,200,7
40,5.638203762436832,5.648187761846344,0.009983999409512556,5.653034865311773,200,7
60,3.693770046965787,3.706851301271398,0.013081254305610912,3.7120278974927974,200,7
80,2.3909628034771013,2.4054224467374588,0.014459643260357424,2.4188941404603863,200,7
100,1.53907465966872,1.5505724872224786,0.011497827553758722,1.5673341992955752,200,7
120,0.9562331479096937,0.9684898303748176,0.012256682465123903,0.999744430174709,200,7
140,0.6086261478687671,0.6184572082408827,0.009831060372115563,0.6226524989075006,200,7
160,0.3550570105937364,0.3625003530743136,0.007443342480577209,0.36919513320352243,200,7
180,0.17412458712693646,0.18231623925086365,0.008191652123927196,0.1999469954187188,200,7
200,0.07165371817849286,0.07844980505263577,0.006796086874142904,0.08430396482831837,200,7
220,-0.024589138564434287,-0.017872356534540168,0.006716782029894119,0.005151978391050471,200,7
240,-0.06570893736964495,-0.06101395412760685,0.004694983242038098,-0.048425987576933394,200,7
260,-0.11434361106077878,-0.11072585616115221,0.0036177548996265685,-0.08539223108358474,200,7
280,-0.11371099454488698,-0.11076175969755431,0.0029492348473326713,-0.10953323853695979,200,7
300,-0.14222147627235537,-0.1378975842023395,0.004323892070015878,-0.12493541910344053,200,7
320,-0.14841471168906317,-0.14433096763566577,0.004083744053397398,-0.1355089629410875,200,7
340,-0.1442297420092588,-0.1428305557105662,0.001399186298692623,-0.14451138872783176,200,7
360,-0.15329996190743717,-0.15086282150636127,0.002437140401075899,-0.151221063848136,200,7
380,-0.16541605671676973,-0.1614791645415652,0.003936892175204543,-0.15464799436721527,200,7
400,-0.15257170519765667,-0.15207424780069712,0.0004974573969595553,-0.15715486156395247,200,7
420,-0.154434076135956,-0.151988931394412,0.002445144741544003,-0.1596564985076473,200,7
440,-0.16621855711961775,-0.165798229815866,0.0004203273037517441,-0.16066349971910576,200,7
460,-0.17432399618432237,-0.17499923659445282,-0.000675240410130451,-0.1619951318827333,200,7
480,-0.18277171033058165,-0.18235787367412726,0.0004138366564543916,-0.16282722024197593,200,7
500,-0.1710327203545129,-0.1674506611060484,0.0035820592484644975,-0.16281534359719918,200,7
520,-0.16342820803507152,-0.16139004536574186,0.0020381626693296573,-0.1627012813499188,200,7
540,-0.15256418903751312,-0.15127642838702038,0.001287760650492742,-0.16284918644498347,200,7
560,-0.1550307113983525,-0.1533571615965878,0.0016735498017647066,-0.16298112095014922,200,7
580,-0.1311463325691133,-0.13175969478347999,-0.0006133622143666972,-0.16343606219030749,200,7
600,-0.13977876060710498,-0.13968921987833272,8.954072877226382e-05,-0.16422896904164058,200,7
620,-0.14080304058551513,-0.14156754424912843,-0.0007645036636133029,-0.16475804294517266,200,7
640,-0.16268785191304713,-0.16413888022959572,-0.001451028316548586,-0.1656062706790064,200,7
660,-0.16431497541634432,-0.16459608128415787,-0.00028110586781354696,-0.16590662018879676,200,7
680,-0.1825364722435972,-0.18427285553878608,-0.0017363832951888813,-0.16607293254402422,200,7
700,-0.1586898308118886,-0.16067381011946064,-0.001983979307572048,-0.16623228042941884,200,7
720,-0.16075522713909662,-0.16108486338823957,-0.00032963624914295053,-0.1662150487000068,200,7
740,-0.16948498933658335,-0.1703176320313371,-0.0008326426947537491,-0.16618932347130955,200,7
760,-0.17409072918059992,-0.1747449773790532,-0.0006542481984532778,-0.1663255537121358,200,7
780,-0.15851883091396174,-0.15913345838281234,-0.0006146274688506037,-0.16561148353456845,200,7
800,-0.15390583493329602,-0.15456899145450842,-0.0006631565212124046,-0.1656819913161962,200,7
820,-0.16276160909205323,-0.16334056637652555,-0.0005789572844723256,-0.16563175974633532,200,7
840,-0.14544054509612947,-0.14533299248077125,0.00010755261535821958,-0.16525527583286287,200,7
860,-0.1663069281008085,-0.16727172555547104,-0.0009647974546625471,-0.16514619190867375,200,7
880,-0.16298465927214678,-0.16419067510884972,-0.0012060158367029339,-0.16557168425700042,200,7
900,-0.15946716754676418,-0.1613717905751775,-0.0019046230284133214,-0.16581275855889197,200,7
920,-0.18333483192071454,-0.1859417602748541,-0.0026069283541395594,-0.16603342184193648,200,7
940,-0.18328048478416054,-0.1869067344159358,-0.003626249631775269,-0.1664256154501072,200,7
960,-0.19596759538508468,-0.1991474637743188,-0.0031798683892341195,-0.16640545686915953,200,7
980,-0.1591646679497658,-0.16267793352322074,-0.003513265573454938,-0.16659650507741924,200,7
1000,-0.16733568636308077,-0.16955925984610332,-0.002223573483022545,-0.16644017787142346,200,7
1020,-0.16034221201280185,-0.16336174032187867,-0.0030195283090768132,-0.16631301702864798,200,7
1040,-0.16731774962822987,-0.16896593878541244,-0.0016481891571825669,-0.16664481215807664,200,7
1060,-0.17321494178251845,-0.17592482600940523,-0.002709884226886783,-0.16690356459128036,200,7
1080,-0.17030020367396548,-0.17328059645202482,-0.0029803927780593376,-0.16687723231300583,200,7
1100,-0.13779473707423773,-0.14131203761046468,-0.0035173005362269527,-0.16668038341577807,200,7
1120,-0.14145910508413195,-0.14255075705096243,-0.0010916519668304758,-0.1664585612337457,200,7
1140,-0.15234770461591762,-0.1528617330606329,-0.0005140284447152643,-0.16690313332206946,200,7
1160,-0.16259394493600887,-0.16509144651300656,-0.002497501576997685,-0.16696059480409564,200,7
1180,-0.14947638936646906,-0.15118146317250153,-0.0017050738060324644,-0.1669031004049798,200,7
1200,-0.12649071290685338,-0.1265665718775425,-7.58589706891244e-05,-0.16651287122917768,200,7
1220,-0.13924815283839045,-0.1409555666258371,-0.0017074137874466544,-0.1663484711109743,200,7
1240,-0.19461749223677005,-0.19738922464124198,-0.002771732404471927,-0.16649312445447012,200,7
1260,-0.18228175775272493,-0.1831972550617756,-0.0009154973090506613,-0.1669620234566549,200,7
1280,-0.18831296874999004,-0.19036180475139375,-0.002048836001403709,-0.16705082076636696,200,7
1300,-0.18192160568735494,-0.18485365928015102,-0.00293205359279608,-0.16680410874317086,200,7
1320,-0.1682173198466415,-0.17085538857386806,-0.00263806872722655,-0.16678663690015033,200,7
1340,-0.15853129222861467,-0.16047875795889466,-0.0019474657302799847,-0.16677070047863235,200,7
1360,-0.14584134787110464,-0.14657986296008624,-0.000738515088981595,-0.16644109782902838,200,7
1380,-0.17165194539061118,-0.17125874255141266,0.0003932028391985254,-0.16633798760017232,200,7
1400,-0.17280785973101218,-0.17399385135513132,-0.0011859916241191426,-0.16614823227891964,200,7
1420,-0.18280072103235465,-0.18508853993651767,-0.0022878189041630193,-0.1663235831212944,200,7
1440,-0.19697150012977832,-0.19943726701538594,-0.002465766885607623,-0.16603711846945196,200,7
1460,-0.1931138555065245,-0.1953924549803565,-0.0022785994738320214,-0.1663654795743028,200,7
1480,-0.1720813657333844,-0.174803401177286,-0.0027220354439015937,-0.16646294712974763,200,7
1500,-0.17769345204569914,-0.17991582856997507,-0.0022223765242759264,-0.1665720042985141,200,7
1520,-0.16707974564322525,-0.1687305456852085,-0.001650800041983258,-0.16681775021840356,200,7
1540,-0.18308336422254368,-0.18685591335806345,-0.003772549135519776,-0.16689951964762867,200,7
1560,-0.16814029942123737,-0.17040626599449382,-0.0022659665732564505,-0.16665219509629398,200,7
1580,-0.1493636167145786,-0.15205874997793972,-0.002695133263361127,-0.16681871982301905,200,7
1600,-0.16883118175383127,-0.1707767165200329,-0.0019455347662016287,-0.16709814294707015,200,7
1620,-0.1686410982295648,-0.16966734845255516,-0.0010262502229903547,-0.16712060078598745,200,7
1640,-0.17500344884594504,-0.17767695564360997,-0.0026735067976649263,-0.16714077040243608,200,7
1660,-0.158062526959954,-0.15897397672336688,-0.0009114497634128971,-0.16686981182749638,200,7
1680,-0.14168671142639766,-0.14267210063849617,-0.0009853892120985086,-0.16700730132214392,200,7
1700,-0.12182686171450596,-0.12315237780546134,-0.001325516090955381,-0.16697365879002174,200,7
1720,-0.14163755407619805,-0.1432620373745251,-0.0016244832983270396,-0.16696518817447004,200,7
1740,-0.14388672818454018,-0.14586585299999977,-0.0019791248154595875,-0.16674051600105322,200,7
1760,-0.15190539703500838,-0.1534681134290249,-0.0015627163940165056,-0.1662353398189932,200,7
1780,-0.1425963561855887,-0.1421024768070363,0.0004938793785523865,-0.16667701776405403,200,7
1800,-0.16184822930402526,-0.16213676215452416,-0.00028853285049890154,-0.1668476188994642,200,7
1820,-0.16109003241996905,-0.16148938639256416,-0.00039935397259510674,-0.16678704022102647,200,7
1840,-0.1787695149123374,-0.18083807935147883,-0.0020685644391414404,-0.16687205862952303,200,7
1860,-0.1820941340005094,-0.18417625411450322,-0.002082120113993835,-0.167026836664182,200,7
1880,-0.19324081072482346,-0.19581239365456893,-0.002571582929745464,-0.16721388700913864,200,7
1900,-0.20500923390167536,-0.2074279329397531,-0.002418699038077732,-0.16713901148100818,200,7
1920,-0.1681228495202287,-0.17084232987681575,-0.002719480356587034,-0.1672044735483093,200,7
1940,-0.15384042107839502,-0.15654304743662995,-0.0027026263582349275,-0.16721724139677802,200,7
1960,-0.15138432961381898,-0.15294144548586824,-0.001557115872049264,-0.1670714285738623,200,7
1980,-0.164941953228753,-0.16778277421850574,-0.002840820989752746,-0.1668871463417247,200,7
2000,-0.16674810158496362,-0.1690265564166578,-0.002278454831694199,-0.16665248302652652,200,7
1,11.344279152888458,11.343971706615516,-0.00030744627294154725,11.276206800820958,400,0
20,7.691526263126907,7.688199232715679,-0.003327030411227838,7.655243635013159,400,0
40,5.078077029836192,5.073508532567291,-0.004568497268900629,5.077113608103262,400,0
60,3.358546488159935,3.354664876578592,-0.0038816115813431473,3.350875929066829,400,0
80,2.201191624298145,2.197267788916343,-0.0039238353818018545,2.1968190330843864,400,0
100,1.427837084915885,1.4237123207520619,-0.004124764163823125,1.4249914562692174,400,0
120,0.9014055298194127,0.8980575636341002,-0.003347966185312523,0.906987842063818,400,0
140,0.5598111346803633,0.5571398572165613,-0.0026712774638019132,0.55942461280645,400,0
160,0.32944073458888007,0.32743471866863827,-0.0020060159202417993,0.32601886080612746,400,0
180,0.16654003306562565,0.16501816308666117,-0.001521869978964474,0.16868818573785505,400,0
200,0.06637903760637215,0.06641101738911315,3.197978274099844e-05,0.0622804601578153,400,0
220,-0.005389168879637751,-0.0056790411293028975,-0.00028987224966514624,-0.00942672625867258,400,0
240,-0.06392118372486744,-0.06349252565473651,0.00042865807013092727,-0.05840462824213377,400,0
260,-0.09901203819765036,-0.09824746852612137,0.0007645696715289918,-0.09123356871272814,400,0
280,-0.11997634875023705,-0.11890597801736369,0.0010703707328733603,-0.1136480521548715,400,0
300,-0.13004695252555787,-0.12805598136925816,0.0019909711562997034,-0.12934121657822234,400,0
320,-0.146414326021752,-0.14546456704414376,0.0009497589776082394,-0.14016145249735615,400,0
340,-0.13129170676093863,-0.13031479245143543,0.0009769143095031962,-0.14767774552613064,400,0
360,-0.13441038020606288,-0.13351991186093176,0.0008904683451311235,-0.1529055608824158,400,0
380,-0.1435683403040502,-0.14368413499864557,-0.00011579469459538361,-0.15657382493913052,400,0
400,-0.15331299470994952,-0.1535574234132177,-0.00024442870326818467,-0.1590000983986864,400,0
420,-0.14675511239384548,-0.14545443457894897,0.0013006778148965115,-0.16073160051504898,400,0
440,-0.16722804278046463,-0.16437537369506264,0.002852669085401993,-0.16326256673581094,400,0
460,-0.15754787944606014,-0.15571923295482587,0.0018286464912342648,-0.16442415086531914,400,0
480,-0.15592218450090248,-0.1530107544904867,0.002911430010415772,-0.16522569754339703,400,0
500,-0.18763562651534524,-0.18349041229769028,0.004145214217654958,-0.1659882466804952,400,0
520,-0.20359230987056776,-0.19777952122118225,0.005812788649385503,-0.1663192643380157,400,0
540,-0.18480643558635526,-0.18006318554831433,0.004743250038040936,-0.16639884087339293,400,0
560,-0.16970178538081432,-0.16668660868576335,0.0030151766950509695,-0.16610864040996404,400,0
580,-0.15531989385524092,-0.15372643825715726,0.0015934555980836596,-0.1659341813397076,400,0
600,-0.15430065597918818,-0.15262772965870797,0.001672926320480217,-0.16578480505412807,400,0
620,-0.14967113631963055,-0.1472524405407232,0.0024186957789073538,-0.16591080183949883,400,0
640,-0.14446813562864422,-0.1435473915463348,0.0009207440823094104,-0.16615804560194078,400,0
660,-0.14355566917736048,-0.14227181514932344,0.0012838540280370458,-0.16617626080861356,400,0
680,-0.13742242889530648,-0.13650803090875857,0.0009143979865479102,-0.1661049607164215,400,0
700,-0.1430318487853209,-0.14125539583960015,0.0017764529457207634,-0.16597374170018434,400,0
720,-0.14204245113932956,-0.14057558176516238,0.001466869374167179,-0.16619252710584065,400,0
740,-0.15855211521240428,-0.1544758060342684,0.004076309178135895,-0.1662602340186253,400,0
760,-0.17020837864846589,-0.1658291742795367,0.00437920436892919,-0.16661149662136682,400,0
780,-0.141937608648927,-0.13840393848057833,0.003533670168348657,-0.1665652232712164,400,0
800,-0.14976210721298397,-0.14703493356743505,0.0027271736455489193,-0.16639582983871878,400,0
820,-0.14313674229940448,-0.13970602058153925,0.003430721717865237,-0.16657514395670758,400,0
840,-0.15626208166833502,-0.1517910391606245,0.004471042507710521,-0.166414619708301,400,0
860,-0.1540199477110085,-0.1500051387598669,0.004014808951141591,-0.16632572378792007,400,0
880,-0.17945237118565577,-0.1759575934223846,0.003494777763271173,-0.16635781417402473,400,0
900,-0.17246322329535654,-0.16918184760720453,0.0032813756881520106,-0.16615479959350507,400,0
920,-0.17942353871891048,-0.17631248709203962,0.0031110516268708643,-0.1660456392647598,400,0
940,-0.1943070125114156,-0.19037661091491012,0.003930401596505484,-0.1658435891696514,400,0
960,-0.1902900514559694,-0.18639688250076636,0.00389316895520303,-0.16600880315446237,400,0
980,-0.16489149590293284,-0.16140697598833326,0.003484519914599582,-0.16626635834471293,400,0
1000,-0.16345904906226563,-0.15929334967025707,0.004165699392008559,-0.16651309006480833,400,0
1020,-0.14976940785826015,-0.14736475963599666,0.0024046482222634946,-0.16651257971969724,400,0
1040,-0.15946368222595755,-0.1553569263138219,0.004106755912135662,-0.1664416636178784,400,0
1060,-0.1666555377088779,-0.16285738977456657,0.0037981479343113245,-0.16640874889910398,400,0
1080,-0.18093258612983046,-0.1770336396190981,0.0038989465107323595,-0.16626694136372736,400,0
1100,-0.17435412274242665,-0.17065359432159813,0.0037005284208285194,-0.16588857900500706,400,0
1120,-0.14732091708323228,-0.14476613771956423,0.002554779363668047,-0.1659932822330156,400,0
1140,-0.15710296120436595,-0.1540644943369197,0.0030384668674462434,-0.16589328763134925,400,0
1160,-0.14570038186534862,-0.14297765408161123,0.0027227277837373887,-0.16655474393943004,400,0
1180,-0.15165931183947362,-0.15049557132780383,0.0011637405116697863,-0.166845313808209,400,0
1200,-0.1585142940848956,-0.15640306571499046,0.002111228369905127,-0.1670177439173246,400,0
1220,-0.15248483901920995,-0.14995358421072558,0.0025312548084843733,-0.16697049348533938,400,0
1240,-0.15947641986046512,-0.15631494325593875,0.00316147660452637,-0.16708427007836435,400,0
1260,-0.164649048155946,-0.16002980552576945,0.0046192426301765455,-0.16712569019428053,400,0
1280,-0.18809246013764747,-0.18161552643473744,0.006476933702910026,-0.16696680624208304,400,0
1300,-0.17699844171716228,-0.17043380205914094,0.006564639658021343,-0.1670918594077787,400,0
1320,-0.18310029818772472,-0.1772220607952944,0.005878237392430319,-0.16707973951127075,400,0
1340,-0.1738052287767785,-0.16906038725078942,0.004744841525989085,-0.16692048525679687,400,0
1360,-0.1493301361168896,-0.14653863061300731,0.0027915055038822967,-0.1668265264840199,400,0
1380,-0.13854804115149943,-0.13507946988924335,0.0034685712622560816,-0.16683693085979168,400,0
1400,-0.13972438068723664,-0.13630845402720465,0.003415926660031987,-0.16677813685121962,400,0
1420,-0.16305533545900885,-0.15868740577502616,0.004367929683982696,-0.16666898757019039,400,0
1440,-0.16634837544117642,-0.16212805674600844,0.004220318695167979,-0.16686075961910263,400,0
1460,-0.17383981066096954,-0.17013870702230627,0.0037011036386632723,-0.16693787377269925,400,0
1480,-0.1871337090541456,-0.18209040363806245,0.005043305416083166,-0.16684527252129655,400,0
1500,-0.18604092921461868,-0.18187216252371508,0.0041687666909036025,-0.16651827724803814,400,0
1520,-0.1636142647462716,-0.16040037319334483,0.003213891552926784,-0.16638525477174193,400,0
1540,-0.16734707127486986,-0.16257938979781827,0.0047676814770515885,-0.1659881225951157,400,0
1560,-0.14834394406529483,-0.14424398781645936,0.004099956248835468,-0.1663439030806223,400,0
1580,-0.18126437991733485,-0.1767244371622707,0.004539942755064141,-0.16641342967681538,400,0
1600,-0.2010029812562099,-0.1949638144792078,0.006039166777002114,-0.16572963489714904,400,0
1620,-0.18350711337075387,-0.17669505563200782,0.006812057738746047,-0.16612823628699608,400,0
1640,-0.16153412286414887,-0.15647308417500472,0.005061038689144148,-0.16634321594625878,400,0
1660,-0.19126994312527745,-0.1859829024434329,0.005287040681844546,-0.16609655055863914,400,0
1680,-0.18362180427997715,-0.1772122408216979,0.006409563458279255,-0.1659775425808636,400,0
1700,-0.1757821052742501,-0.1704654869580155,0.005316618316234589,-0.16610714005718424,400,0
1720,-0.179417681152447,-0.17350903918530097,0.005908641967146022,-0.165569342853502,400,0
1740,-0.15744402949125996,-0.1533950311231252,0.004048998368134771,-0.165853471568234,400,0
1760,-0.1632312449738938,-0.1570089287213493,0.006222316252544491,-0.16613769079972762,400,0
1780,-0.1514002073901632,-0.14514865712866631,0.006251550261496874,-0.1664792611071128,400,0
1800,-0.1464420126499708,-0.14079306696388721,0.005648945686083595,-0.16660922763863117,400,0
1820,-0.174856300920745,-0.16867980244603775,0.006176498474707248,-0.16658104261701007,400,0
1840,-0.18820090118930055,-0.18134778814611996,0.006853113043180592,-0.16628176670448502,400,0
1860,-0.17099290490329522,-0.16501553338379504,0.005977371519500174,-0.16602227915071593,400,0
1880,-0.15898645578534237,-0.1534389919818992,0.005547463803443176,-0.16537778060282143,400,0
1900,-0.18005557324965088,-0.17400450173310877,0.006051071516542106,-0.16545092119744315,400,0
1920,-0.1981513516173713,-0.19219811695266986,0.0059532346647014345,-0.1655572975010247,400,0
1940,-0.184605025691498,-0.1792023465893524,0.005402679102145591,-0.1662750047801208,400,0
1960,-0.16047618243200262,-0.15576713219344884,0.00470905023855378,-0.16618142184472007,400,0
1980,-0.15477124911672335,-0.14972210188700347,0.005049147229719886,-0.16591299831638562,400,0
2000,-0.15578937870607734,-0.15240709213477266,0.0033822865713046824,-0.16572015586143485,400,0
1,13.197191799910765,13.196595285963314,-0.0005965139474515269,12.888019666277152,400,1
20,8.898106802131368,8.890620321458487,-0.007486480672881157,8.724340190257614,400,1
40,5.844925033180536,5.834553412782957,-0.010371620397578774,5.781883771628834,400,1
60,3.8497495004025,3.8404889509547115,-0.009260549447788424,3.830365402731895,400,1
80,2.5703151962006983,2.565669548856786,-0.0046456473439122625,2.528696916783981,400,1
100,1.651218661192681,1.6455530735689825,-0.005665587623698398,1.6627545001918695,400,1
120,1.0684103877888107,1.0635031558146208,-0.004907231974189852,1.090642213719523,400,1
140,0.7156507435998458,0.713426125791613,-0.0022246178082327983,0.707146602869645,400,1
160,0.45467561251127125,0.452723761506305,-0.001951851004966254,0.45107726927826364,400,1
180,0.27542622115812937,0.27376669644764073,-0.0016595247104886357,0.27643489736327626,400,1
200,0.1526796017090824,0.15112744481898227,-0.0015521568901001315,0.15930629968911536,400,1
220,0.07872308390098222,0.07778894601385923,-0.0009341378871229877,0.07980116657858281,400,1
240,0.03031328805238384,0.030242598376112484,-7.068967627135714e-05,0.021292344714377853,400,1
260,-0.017711740374592277,-0.01790366569367513,-0.00019192531908285293,-0.02014770209224434,400,1
280,-0.05035244685090198,-0.050509008844429854,-0.0001565619935278706,-0.0503765896009539,400,1
300,-0.07230818958836308,-0.07240312318941236,-9.493360104928517e-05,-0.07195645237082893,400,1
320,-0.0925902662018477,-0.09285864784794838,-0.00026838164610068493,-0.08877203344844233,400,1
340,-0.10166941192824357,-0.10172464733954227,-5.523541129870413e-05,-0.10209425864297587,400,1
360,-0.10981785399811395,-0.10987795967388556,-6.010567577161008e-05,-0.11150508629227177,400,1
380,-0.11581358892471125,-0.11588849689489569,-7.490797018444573e-05,-0.11877890083794351,400,1
400,-0.1277227786757361,-0.12822521348642638,-0.0005024348106902887,-0.1252754608363502,400,1
420,-0.12878257397683412,-0.12920487174826867,-0.0004222977714345433,-0.13051700803758298,400,1
440,-0.13637032276472683,-0.1371271890092411,-0.0007568662445142649,-0.13497230194962168,400,1
460,-0.13692120772672156,-0.13774626278673263,-0.0008250550600110707,-0.1390925605935624,400,1
480,-0.13591127028999384,-0.13667966072650317,-0.0007683904365093364,-0.14179685757021016,400,1
500,-0.13511670849253124,-0.13589428559309127,-0.000777577100560034,-0.14514530145287982,400,1
520,-0.1413392605672127,-0.14254454515210963,-0.0012052845848969373,-0.14792227659844198,400,1
540,-0.15347246585388122,-0.15544064635679425,-0.0019681805029130306,-0.15075532939880062,400,1
560,-0.1533887922914089,-0.15551979224033102,-0.00213099994892213,-0.1536993524905917,400,1
580,-0.14913771238843673,-0.15127062902860436,-0.002132916640167626,-0.15574283129330366,400,1
600,-0.15107299459662393,-0.15346596545740093,-0.0023929708607769995,-0.15713016651985495,400,1
620,-0.14829163728016542,-0.1506159471492307,-0.0023243098690652886,-0.15785369430641732,400,1
640,-0.1467364545949003,-0.1490884516949399,-0.0023519971000395823,-0.1584977347922492,400,1
660,-0.13363427758989088,-0.13532663083619173,-0.0016923532463008484,-0.15904435144398604,400,1
680,-0.14154649354036028,-0.143770844597249,-0.0022243510568887293,-0.15981911090197617,400,1
700,-0.16415526414037274,-0.16786188565784,-0.0037066215174672568,-0.16067138491317046,400,1
720,-0.1778555045286465,-0.182531673303307,-0.004676168774660483,-0.16172637666656725,400,1
740,-0.1556278463735563,-0.15916950536633945,-0.0035416589927831366,-0.1624363043858602,400,1
760,-0.14871799048531048,-0.1518655070853513,-0.0031475166000408117,-0.16254876201878582,400,1
780,-0.16035966751632863,-0.16431364437400997,-0.0039539768576813406,-0.1630497564395273,400,1
800,-0.15625605301893425,-0.16012410088864426,-0.003868047869710012,-0.1638242549210393,400,1
820,-0.1506948338608946,-0.1541634167287989,-0.003468582867904302,-0.1634491711977863,400,1
840,-0.16634392467167455,-0.17079115948179405,-0.004447234810119494,-0.16376466014357036,400,1
860,-0.14151907804816288,-0.14446032573746415,-0.002941247689301263,-0.1634163173491583,400,1
880,-0.15655086518943337,-0.1604109278164714,-0.00386006262703803,-0.16352576675189354,400,1
900,-0.14285136388412645,-0.14605859144486422,-0.0032072275607377687,-0.1639937896720035,400,1
920,-0.16656553611398112,-0.1712984732550749,-0.004732937141093796,-0.16448481677067356,400,1
940,-0.14228903113808689,-0.14573987908046926,-0.0034508479423823735,-0.1647271644938546,400,1
960,-0.13951285097594646,-0.14268904016073486,-0.0031761891847884027,-0.16435968625888936,400,1
980,-0.15213990610371356,-0.15583470232433935,-0.0036947962206257956,-0.1635626016471812,400,1
1000,-0.14697668861640178,-0.15035429431893416,-0.0033776057025323714,-0.16373177902888442,400,1
1020,-0.1296172675594829,-0.13215310486711188,-0.002535837307628963,-0.16427065874918886,400,1
1040,-0.13040579079708975,-0.1330567842369953,-0.002650993439905547,-0.16449155964768158,400,1
1060,-0.1509639784587411,-0.15498467836509,-0.004020699906348901,-0.16493362184480054,400,1
1080,-0.1590066996313756,-0.16339021649412766,-0.004383516862752068,-0.16446549044370545,400,1
1100,-0.15626784543754488,-0.160518102936445,-0.004250257498900123,-0.16453213492379173,400,1
1120,-0.161004563744366,-0.16536439409196912,-0.004359830347603122,-0.1640550100727542,400,1
1140,-0.1663558921960173,-0.1711051915560816,-0.004749299360064296,-0.16452646753189745,400,1
1160,-0.1779066317664879,-0.18364806642496873,-0.005741434658480815,-0.16529586995801382,400,1
1180,-0.16645854900576115,-0.17192862127149147,-0.005470072265730319,-0.16598593282407262,400,1
1200,-0.17398748803412487,-0.18007791654023828,-0.00609042850611341,-0.16626896723400622,400,1
1220,-0.1701600228181709,-0.17628803968801482,-0.006128016869843933,-0.16652333263178898,400,1
1240,-0.1520738774128152,-0.15727198430885975,-0.005198106896044552,-0.16665565171821978,400,1
1260,-0.14812893541145428,-0.15323137152945904,-0.005102436118004761,-0.16689063790558512,400,1
1280,-0.1328030511684703,-0.13714491663212824,-0.004341865463657946,-0.16699369612271642,400,1
1300,-0.1473372372947539,-0.1522765011059069,-0.004939263811153005,-0.16678711563049836,400,1
1320,-0.14253062382704423,-0.14676195113856783,-0.004231327311523592,-0.16610553280037543,400,1
1340,-0.16203259956425287,-0.16741088321404163,-0.005378283649788762,-0.16610421914804085,400,1
1360,-0.15563016600535765,-0.16042492512443432,-0.004794759119076675,-0.16567014380869685,400,1
1380,-0.17544733655568734,-0.1815125584852239,-0.006065221929536568,-0.1658207964000521,400,1
1400,-0.1798702491086357,-0.1861775274388099,-0.006307278330174193,-0.16573977892118202,400,1
1420,-0.19386724263655375,-0.2008651998928404,-0.006997957256286658,-0.16569718351881407,400,1
1440,-0.18083236898779662,-0.1874486682678985,-0.006616299280101878,-0.16623930352805624,400,1
1460,-0.18125352829114283,-0.18842568475119548,-0.007172156460052648,-0.1665094662437812,400,1
1480,-0.15861812976478157,-0.16463708728160675,-0.006018957516825185,-0.16680851172930483,400,1
1500,-0.1642004524508784,-0.17049819725807003,-0.006297744807191641,-0.16695033529402603,400,1
1520,-0.17643662529425458,-0.1834738401912106,-0.007037214896956023,-0.16690020085857665,400,1
1540,-0.17129290296607064,-0.17826963125629625,-0.006976728290225609,-0.16667740878678294,400,1
1560,-0.1568641237861227,-0.1628647223755828,-0.0060005985894601155,-0.1667664411216364,400,1
1580,-0.17174243478811707,-0.17912141944961668,-0.00737898466149961,-0.16688897102947392,400,1
1600,-0.17844993797709974,-0.18683367727818317,-0.008383739301083437,-0.16678844845824087,400,1
1620,-0.16324735766466641,-0.17029857658390535,-0.007051218919238933,-0.1672519772682204,400,1
1640,-0.17599738246909297,-0.18365979336032995,-0.0076624108912369815,-0.16729349051261594,400,1
1660,-0.167463329704565,-0.1751641508415408,-0.007700821136975788,-0.16696685322385818,400,1
1680,-0.16968576089480497,-0.17780922573028207,-0.008123464835477101,-0.1668126042127256,400,1
1700,-0.17599081536998162,-0.18487557372788538,-0.008884758357903755,-0.16651879835910066,400,1
1720,-0.15746297463868203,-0.16484890965030707,-0.007385935011625044,-0.16702351495932682,400,1
1740,-0.14230119403275998,-0.14867481854668269,-0.006373624513922704,-0.167007089826527,400,1
1760,-0.16900882956734892,-0.17678607516225514,-0.007777245594906224,-0.16697760415168983,400,1
1780,-0.14041009035581026,-0.14633019764681293,-0.005920107291002674,-0.16709146521051627,400,1
1800,-0.14090016994237042,-0.1466685052075819,-0.005768335265211477,-0.16701502871344942,400,1
1820,-0.17752332556230088,-0.1851498968440165,-0.007626571281715622,-0.1669587052530353,400,1
1840,-0.15552632021392654,-0.16180368108601922,-0.0062773608720926855,-0.16714581934025718,400,1
1860,-0.16901460555646908,-0.17611703395613754,-0.007102428399668459,-0.16714976465452536,400,1
1880,-0.17262088536920928,-0.1799731813024611,-0.007352295933251818,-0.1671508986947104,400,1
1900,-0.15200850881348593,-0.15793468854978926,-0.0059261797363033275,-0.16715794083769714,400,1
1920,-0.15751854231483736,-0.16369078832087763,-0.006172246006040272,-0.16716736411484623,400,1
1940,-0.14806090604513245,-0.15370484025791198,-0.005643934212779533,-0.16718725169838478,400,1
1960,-0.1446844785224734,-0.1498458659386543,-0.005161387416180885,-0.16705724417679652,400,1
1980,-0.16289391101524825,-0.16928761206737997,-0.006393701052131717,-0.167207701914948,400,1
2000,-0.1655947406483318,-0.17231959988060958,-0.00672485923227778,-0.1672562347596261,400,1
1,12.190998041585425,12.192661562709864,0.0016635211244384607,12.383703846018669,400,2
20,8.30531815435543,8.310233482360854,0.004915328005424158,8.386699379370645,400,2
40,5.445321249917627,5.447038522790474,0.0017172728728471753,5.500330943092196,400,2
60,3.552417293383875,3.552280549726236,-0.00013674365763893803,3.568354580740593,400,2
80,2.3210895622444263,2.3211895171843784,9.995493995207383e-05,2.2765700415339385,400,2
100,1.492051787225217,1.4914641539872546,-0.0005876332379624039,1.425936469079751,400,2
120,0.9160764248572957,0.9138620806371271,-0.0022143442201685293,0.8609141919598884,400,2
140,0.5306068967212205,0.5262053575595467,-0.004401539161673851,0.4975814149502221,400,2
160,0.3226012575527711,0.31894515153386116,-0.0036561060189099215,0.26925213180842467,400,2
180,0.13516948766341524,0.1295365325737517,-0.005632955089663549,0.11785239559203964,400,2
200,0.04240220499142722,0.03667597701503089,-0.005726227976396325,0.019846940248713585,400,2
220,-0.024656096061295152,-0.030581348112244167,-0.005925252050949015,-0.0442622377010759,400,2
240,-0.06445005469607157,-0.07070372128427554,-0.006253666588203977,-0.08442395776505335,400,2
260,-0.12249161907200573,-0.1297895638220925,-0.007297944750086771,-0.11196449988720969,400,2
280,-0.13840810352404415,-0.14534435877178653,-0.0069362552477423844,-0.13033271017059067,400,2
300,-0.15115183143026417,-0.15763580812354167,-0.006483976693277493,-0.1429411403758713,400,2
320,-0.14382692068633823,-0.1489401541545945,-0.005113233468256262,-0.15134109846488847,400,2
340,-0.18078490432909755,-0.18753677843579575,-0.006751874106698197,-0.15652690741684605,400,2
360,-0.17533737523953785,-0.1820699927722586,-0.006732617532720753,-0.1598917810458454,400,2
380,-0.17384128219784684,-0.18025607241518415,-0.006414790217337318,-0.16202667623037414,400,2
400,-0.16724295823499724,-0.17300430876837425,-0.005761350533377008,-0.16402542627852634,400,2
420,-0.18756620275164954,-0.19446034292829895,-0.00689414017664941,-0.16504558856012785,400,2
440,-0.1889896894058256,-0.19578149418354263,-0.006791804777717014,-0.16507132745929481,400,2
460,-0.17913023241402853,-0.1858010918247492,-0.006670859410720653,-0.16551211551065592,400,2
480,-0.14923155635084584,-0.154255119229808,-0.005023562878962162,-0.16639625415831205,400,2
500,-0.16276774416722406,-0.1678672952090009,-0.00509955104177684,-0.16691122141170228,400,2
520,-0.14372025338963934,-0.14811832901271266,-0.0043980756230733165,-0.16704225437726022,400,2
540,-0.1368416645801352,-0.1406092845946123,-0.0037676200144771133,-0.16713095344111295,400,2
560,-0.15214806630422445,-0.155885734786946,-0.0037376684827215567,-0.1666677431276109,400,2
580,-0.16922941316633516,-0.17325051485066117,-0.004021101684326012,-0.1665707734148672,400,2
600,-0.16968652529406703,-0.17395429503639925,-0.004267769742332228,-0.1666719373026187,400,2
620,-0.16797108315405318,-0.17234618404236468,-0.004375100888311501,-0.16689288528272012,400,2
640,-0.1690023003893663,-0.17413736084912596,-0.005135060459759644,-0.16712603686736016,400,2
660,-0.16410390275766235,-0.16854663399636788,-0.004442731238705533,-0.16716882191508292,400,2
680,-0.160728012533978,-0.1651204374450923,-0.004392424911114301,-0.16720625686703294,400,2
700,-0.16284973357538696,-0.16715188747912274,-0.004302153903735784,-0.16716148169304645,400,2
720,-0.16793047700914188,-0.17245520274150733,-0.004524725732365453,-0.16707911147762888,400,2
740,-0.199344218807868,-0.20511600777723027,-0.005771788969362257,-0.16702269650367696,400,2
760,-0.1850853795704253,-0.19032865056846887,-0.005243270998043559,-0.16705767741847716,400,2
780,-0.17284657519097407,-0.1777695483373703,-0.004922973146396226,-0.1670361189817029,400,2
800,-0.1619004257629188,-0.16611342432077403,-0.00421299855785523,-0.1669725098365865,400,2
820,-0.16839535785052517,-0.17324882157190863,-0.004853463721383455,-0.1670286745656102,400,2
840,-0.16244088244470395,-0.16650254400726233,-0.004061661562558383,-0.16707229129783413,400,2
860,-0.17597470500908352,-0.18059983893656112,-0.004625133927477598,-0.16692804640458714,400,2
880,-0.1629148897360695,-0.16680543172304763,-0.0038905419869781355,-0.16687864582642248,400,2
900,-0.15772518526414359,-0.16143334084933958,-0.0037081555851959935,-0.16682356120785974,400,2
920,-0.1512595265333455,-0.15446888923042806,-0.0032093626970825517,-0.1666876532504391,400,2
940,-0.15975177457941764,-0.16378237161164533,-0.00403059703222769,-0.16649864294751393,400,2
960,-0.1646276628842972,-0.16871022342283204,-0.004082560538534841,-0.1664164983600953,400,2
980,-0.16488650394822346,-0.16905062934326132,-0.004164125395037854,-0.16651047409439856,400,2
1000,-0.13580406263148626,-0.13901288277828738,-0.003208820146801128,-0.16667682508537962,400,2
1020,-0.15559660301754052,-0.15907378544316397,-0.0034771824256234485,-0.166424095897509,400,2
1040,-0.1584096282250796,-0.16197349034964587,-0.003563862124566275,-0.16643045891120678,400,2
1060,-0.13686611567805398,-0.13973544863656265,-0.0028693329585086635,-0.1662287473289306,400,2
1080,-0.14237223491576476,-0.14512239824230413,-0.0027501633265393788,-0.16616070773733024,400,2
1100,-0.15131219010645647,-0.15443094090425913,-0.0031187507978026607,-0.1661415877750827,400,2
1120,-0.1428026525815978,-0.1455867920996447,-0.002784139518046902,-0.1656356952449412,400,2
1140,-0.1551430176562719,-0.15822075594699428,-0.003077738290722387,-0.16550545081570592,400,2
1160,-0.16672683933251548,-0.17005711867680484,-0.0033302793442893663,-0.1647113595689763,400,2
1180,-0.16067271859528515,-0.16388131582683985,-0.0032085972315546996,-0.16534394116633677,400,2
1200,-0.1624833714760841,-0.16582991324568447,-0.003346541769600364,-0.16542204650911552,400,2
1220,-0.1561921905601602,-0.15939373643194166,-0.0032015458717814527,-0.16576999708490836,400,2
1240,-0.16201031003339972,-0.16484638006416524,-0.002836070030765525,-0.1650624008499037,400,2
1260,-0.16964044916840862,-0.1731922440606297,-0.003551794892221072,-0.16530705618729272,400,2
1280,-0.1546730355199762,-0.1579226740301944,-0.0032496385102182,-0.16533583329736634,400,2
1300,-0.1437558372877516,-0.14671936018199555,-0.002963522894243953,-0.16554661039273394,400,2
1320,-0.14718474546813093,-0.15036145840497894,-0.003176712936848014,-0.16525668568065705,400,2
1340,-0.14205990526186052,-0.14446424832679322,-0.0024043430649327013,-0.16548685396325263,400,2
1360,-0.1609093826234852,-0.16430455109289788,-0.0033951684694126794,-0.16537951222441194,400,2
1380,-0.16322623861307603,-0.1668184909164214,-0.003592252303345367,-0.16577448366397182,400,2
1400,-0.16717390803319845,-0.17094374251897856,-0.0037698344857801103,-0.16540334180318603,400,2
1420,-0.15814834401364047,-0.1618175539660771,-0.003669209952436636,-0.16583122877428202,400,2
1440,-0.14799872338369227,-0.15099532119648215,-0.0029965978127898807,-0.16539194370149188,400,2
1460,-0.1426723879487368,-0.14526021911992967,-0.002587831171192878,-0.1647346102292335,400,2
1480,-0.16406855264186052,-0.16775015390144868,-0.003681601259588163,-0.16489933179521346,400,2
1500,-0.1610047664031262,-0.1647677826882373,-0.0037630162851111093,-0.16554681269124297,400,2
1520,-0.15902649074555297,-0.16261789550306766,-0.0035914047575146824,-0.16557917299182057,400,2
1540,-0.16912676183331388,-0.17323491449760797,-0.004108152664294096,-0.1660484299406213,400,2
1560,-0.1591940753136112,-0.16310519122201642,-0.003911115908405205,-0.16617218574668483,400,2
1580,-0.16553213600125516,-0.16961537523051717,-0.0040832392292620145,-0.16634719502078998,400,2
1600,-0.16166078222704808,-0.16587730536686282,-0.004216523139814743,-0.16657962365086995,400,2
1620,-0.1482540207054353,-0.1516914457581791,-0.0034374250527438033,-0.16673658956187604,400,2
1640,-0.16879564444425477,-0.17348908373894356,-0.004693439294688795,-0.1664514060514834,400,2
1660,-0.16156061443960035,-0.1655141157615041,-0.003953501321903752,-0.16646370680341693,400,2
1680,-0.16129723041119173,-0.16533549809840956,-0.0040382676872178225,-0.166337896759962,400,2
1700,-0.16121805983094056,-0.1647895726572714,-0.003571512826330836,-0.1660253069551269,400,2
1720,-0.16014331628340112,-0.1636745019534136,-0.003531185670012482,-0.16563304226430303,400,2
1740,-0.17754062067961338,-0.18129782791480661,-0.0037572072351932384,-0.16565823846066066,400,2
1760,-0.17794615040581546,-0.18186841932445869,-0.003922268918643224,-0.16572211260931835,400,2
1780,-0.17984937947514867,-0.1842727349244761,-0.004423355449327426,-0.16596789563168318,400,2
1800,-0.1658493340307623,-0.1696461350163272,-0.0037968009855648965,-0.16585873808648194,400,2
1820,-0.1723901931420131,-0.17624041045920713,-0.003850217317194038,-0.16573430752954676,400,2
1840,-0.17590105582319754,-0.1802724298851821,-0.004371374061984568,-0.1656599674958873,400,2
1860,-0.17006531462544497,-0.17419243522743308,-0.00412712060198811,-0.16600890303159002,400,2
1880,-0.17594989807918465,-0.180119649134027,-0.004169751054842352,-0.16574804236253693,400,2
1900,-0.1813785266856722,-0.18568092191152,-0.004302395225847799,-0.16564695404211346,400,2
1920,-0.16814349101222675,-0.1722439131369008,-0.004100422124674041,-0.16585015591324848,400,2
1940,-0.14798238115528867,-0.15132333521455393,-0.0033409540592652665,-0.16574428747214243,400,2
1960,-0.13927263723819674,-0.14221281416376277,-0.0029401769255660293,-0.16583114596298446,400,2
1980,-0.15584485045812624,-0.1591844196242057,-0.00333956916607947,-0.1659889425802727,400,2
2000,-0.14770713586718381,-0.1508292580216018,-0.0031221221544179834,-0.1659080747066421,400,2
1,12.670979822915086,12.671030881689612,5.105877452571406e-05,13.135052239721624,400,3
20,8.725018739357473,8.733845067740642,0.008826328383168658,8.90089385357088,400,3
40,5.786782913840176,5.793730685920549,0.006947772080373227,5.837507790486413,400,3
60,3.8293289904414562,3.836042890889434,0.006713900447977927,3.780124502213671,400,3
80,2.525391390638053,2.5332820549433355,0.007890664305282513,2.411763328533501,400,3
100,1.6041477228849057,1.6068172635966362,0.0026695407117305336,1.5199831649651951,400,3
120,1.0037103833982004,1.0034317951763083,-0.0002785882218920843,0.9491040195385555,400,3
140,0.6001536737604123,0.5969909757734606,-0.003162697986951679,0.5785304855153521,400,3
160,0.34529192498393857,0.3411656640436274,-0.004126260940311155,0.3402915511936623,400,3
180,0.19970325455633103,0.1972193150521084,-0.0024839395042226264,0.18333745806470042,400,3
200,0.08898046795996922,0.086551247855882,-0.0024292201040872208,0.07884046417730389,400,3
220,0.011067523849508237,0.008312498351984304,-0.002755025497523933,0.008585067281702413,400,3
240,-0.04332132146063525,-0.04638764775214435,-0.0030663262915091027,-0.03878618636146705,400,3
260,-0.07972820247885931,-0.08259448695277033,-0.0028662844739110183,-0.07258431511842461,400,3
280,-0.10432741193605882,-0.10696477031396617,-0.0026373583779073506,-0.09660093251959473,400,3
300,-0.11898433781683526,-0.12158140043088306,-0.002597062614047796,-0.11366098441169226,400,3
320,-0.1251943232013496,-0.12775371447840772,-0.0025593912770581206,-0.1255626801906266,400,3
340,-0.1211647505259889,-0.12233241262616656,-0.0011676621001776577,-0.13383797409108722,400,3
360,-0.13095056292487936,-0.13274998839046467,-0.0017994254655853137,-0.13980071700647198,400,3
380,-0.1371197763400187,-0.13898552684544996,-0.0018657505054312518,-0.14412004810312345,400,3
400,-0.1520966724228045,-0.15475341956060806,-0.002656747137803561,-0.14828617690486956,400,3
420,-0.15268939193395004,-0.15532991644559807,-0.0026405245116480347,-0.15183782886533587,400,3
440,-0.14075924720702299,-0.142710948421984,-0.0019517012149610213,-0.15404579471990504,400,3
460,-0.13881383759088817,-0.14046467284542896,-0.0016508352545407945,-0.15524550797049325,400,3
480,-0.1354580964057298,-0.13693916677231316,-0.001481070366583348,-0.15613095958699535,400,3
500,-0.13585740987178913,-0.13761568478217323,-0.0017582749103841055,-0.15769453558857405,400,3
520,-0.15334311421061703,-0.1558717684963577,-0.0025286542857406724,-0.1588119743275584,400,3
540,-0.13975646950565265,-0.142076247521882,-0.0023197780162293458,-0.16001743579047353,400,3
560,-0.13037111819314648,-0.13228926811847289,-0.0019181499253264067,-0.15998199055030124,400,3
580,-0.12809325528907803,-0.12935405279737414,-0.0012607975082961076,-0.1607995006051208,400,3
600,-0.1663493084127715,-0.16966347295909012,-0.00331416454631861,-0.16173292404559536,400,3
620,-0.1583584220614538,-0.16158226813856194,-0.003223846077108128,-0.16335884093147982,400,3
640,-0.15281268896308656,-0.15599723914215743,-0.0031845501790708775,-0.1640728522065957,400,3
660,-0.16423411334540017,-0.16793159520217682,-0.003697481856776652,-0.16470708101176557,400,3
680,-0.19385374477368408,-0.1990604831733018,-0.005206738399617716,-0.16557140729620998,400,3
700,-0.16668282026132197,-0.17073927998076627,-0.004056459719444294,-0.16581564195621185,400,3
720,-0.1674063794313159,-0.17157190609921227,-0.00416552666789638,-0.1662125574986363,400,3
740,-0.1441050329861583,-0.14723576939361604,-0.003130736407457757,-0.1666432674424454,400,3
760,-0.13410165247173406,-0.13677018956775672,-0.0026685370960226606,-0.1668485329441307,400,3
780,-0.1396194010449117,-0.14282665368804257,-0.0032072526431308757,-0.16671321955263943,400,3
800,-0.14529834094322752,-0.14895016032029196,-0.003651819377064436,-0.16672462707864938,400,3
820,-0.15413261758890057,-0.15713869868261254,-0.0030060810937119764,-0.16646651877679358,400,3
840,-0.14538913544250914,-0.148340351599485,-0.0029512161569758555,-0.16632689003187973,400,3
860,-0.12760221195442076,-0.129895657313462,-0.0022934453590412462,-0.16603075665188746,400,3
880,-0.15697828141542844,-0.1604049721832531,-0.003426690767824647,-0.16542612990424319,400,3
900,-0.16807849842521086,-0.17190821580808777,-0.003829717382876907,-0.1659433344385082,400,3
920,-0.16216567730561884,-0.16550215416336558,-0.0033364768577467396,-0.16566287303848096,400,3
940,-0.1596214450586944,-0.16311136182082947,-0.003489916762135059,-0.16572541870887925,400,3
960,-0.1713278176225332,-0.17579428696225205,-0.004466469339718837,-0.1658957108216301,400,3
980,-0.16529215710677914,-0.16926502810496902,-0.003972870998189881,-0.16626361960452252,400,3
1000,-0.15015230638518506,-0.1537646362131545,-0.0036123298279694405,-0.16636914807613778,400,3
1020,-0.16882077032633575,-0.17219866385978794,-0.003377893533452192,-0.16627486431862887,400,3
1040,-0.15373356969183394,-0.15699326443308542,-0.0032596947412514843,-0.16610573310035315,400,3
1060,-0.14867568056898736,-0.15203795962855546,-0.0033622790595680963,-0.16622705884107866,400,3
1080,-0.14557686885061494,-0.1487624408821835,-0.003185572031568551,-0.16628117901705464,400,3
1100,-0.1559594824768198,-0.15968924745031715,-0.0037297649734973626,-0.16628909501962819,400,3
1120,-0.15359626407938176,-0.15734808860493488,-0.0037518245255531157,-0.16634372276101095,400,3
1140,-0.1567671991288448,-0.1606047962816805,-0.0038375971528357145,-0.16620348793650902,400,3
1160,-0.16771430473611837,-0.1720646866634265,-0.0043503819273081334,-0.16624370860096033,400,3
1180,-0.16576848805593386,-0.17013262793232753,-0.004364139876393669,-0.16633284666227616,400,3
1200,-0.15312026477294194,-0.1561520262198639,-0.0030317614469219656,-0.16613042307587883,400,3
1220,-0.17161163220288128,-0.17532602237186207,-0.0037143901689807857,-0.1659921528400191,400,3
1240,-0.17797593783892052,-0.18267056224069006,-0.004694624401769543,-0.16596945656460738,400,3
1260,-0.1792982236874845,-0.1842666114955428,-0.0049683878080583055,-0.16611537328620768,400,3
1280,-0.16256143631391579,-0.1665846126178655,-0.004023176303949716,-0.1663097268607514,400,3
1300,-0.14842781283078382,-0.15184968343628913,-0.003421870605505306,-0.1662924373523907,400,3
1320,-0.15359427649019022,-0.15724818921270547,-0.0036539127225152512,-0.16633307610917955,400,3
1340,-0.15556118959010257,-0.15912113332294564,-0.003559943732843074,-0.16642226696518803,400,3
1360,-0.16758910864407486,-0.17154516609420492,-0.003956057450130057,-0.16613592870307745,400,3
1380,-0.1647948361248499,-0.16864508760511715,-0.0038502514802672416,-0.1662166078112542,400,3
1400,-0.14904140111354178,-0.15252176852342716,-0.0034803674098853876,-0.1662297139128319,400,3
1420,-0.1654485311551272,-0.16903380221341213,-0.0035852710582849334,-0.1660185568974426,400,3
1440,-0.15864767647621636,-0.16222396223987728,-0.0035762857636609247,-0.16622231718276148,400,3
1460,-0.15491225820218207,-0.15839984195600781,-0.0034875837538257404,-0.16629239229554016,400,3
1480,-0.15151171128592153,-0.15540253205302543,-0.0038908207671038975,-0.16633975767754602,400,3
1500,-0.16144018110598599,-0.1652172301869866,-0.0037770490810006274,-0.16636705772273538,400,3
1520,-0.15554358990905148,-0.15944520915887933,-0.003901619249827848,-0.16659234291884173,400,3
1540,-0.1383407850565221,-0.14108400854114922,-0.002743223484627133,-0.16638287038280897,400,3
1560,-0.14102097420550053,-0.14428150017017494,-0.00326052596467441,-0.16595111629170622,400,3
1580,-0.14259100106671732,-0.14569926872305786,-0.0031082676563405354,-0.16580396639860515,400,3
1600,-0.15787611904700996,-0.16208799538775656,-0.004211876340746601,-0.16611016264934994,400,3
1620,-0.17710140076488293,-0.18166898373702042,-0.004567582972137496,-0.16639227590980168,400,3
1640,-0.1532348795624195,-0.15725092120932976,-0.004016041646910273,-0.16642160753500734,400,3
1660,-0.14790389532089435,-0.15123550826558366,-0.0033316129446893106,-0.16635202090986537,400,3
1680,-0.16909875794613047,-0.1731293701013347,-0.004030612155204227,-0.16606606785465708,400,3
1700,-0.17377937865182458,-0.17827589112083786,-0.004496512469013281,-0.16605491544452256,400,3
1720,-0.15471230144536505,-0.15814284062969455,-0.0034305391843295063,-0.16588241055439965,400,3
1740,-0.1467838501406255,-0.15028605212596946,-0.0035022019853439557,-0.16586488168107222,400,3
1760,-0.16312332509339006,-0.16725462558412174,-0.004131300490731682,-0.16612872845517207,400,3
1780,-0.18069691968113163,-0.18545271748105466,-0.004755797799923023,-0.16620988955990088,400,3
1800,-0.17523360017470738,-0.179345327634529,-0.004111727459821635,-0.1659998573659148,400,3
1820,-0.16306951740500586,-0.1671620515939946,-0.00409253418898875,-0.16638775162062774,400,3
1840,-0.15247556768653459,-0.15585844052201964,-0.0033828728354850512,-0.16629992287997208,400,3
1860,-0.15951446902288385,-0.16289685879004084,-0.0033823897671569902,-0.1661544431492945,400,3
1880,-0.1533724894097674,-0.1567040947388444,-0.003331605329077003,-0.16604576784608044,400,3
1900,-0.1784242447932104,-0.1832230404720468,-0.004798795678836398,-0.16631563839299113,400,3
1920,-0.16358339905590363,-0.16802305640716148,-0.004439657351257842,-0.16649078352145258,400,3
1940,-0.16973786445857375,-0.17420048198319782,-0.0044626175246240685,-0.16658726669135482,400,3
1960,-0.16123443227057663,-0.16526418903892168,-0.00402975676834505,-0.16645395044670255,400,3
1980,-0.16825985055432782,-0.17279175987972276,-0.004531909325394934,-0.1666096206637908,400,3
2000,-0.14945288661184214,-0.15395338122211727,-0.00450049461027513,-0.1668012461874236,400,3
1,11.821888758482952,11.822552242077634,0.0006634835946819351,11.496831172773902,400,4
20,7.9300849774136015,7.937058118885915,0.006973141472313316,7.819606838403588,400,4
40,5.248299054896082,5.257405097412666,0.00910604251658409,5.2120044455285015,400,4
60,3.4507252285534538,3.459827597513802,0.00910236896034844,3.470114677721398,400,4
80,2.2813538362336496,2.2889408977048604,0.007587061471210799,2.3107753440559122,400,4
100,1.5237746509978618,1.5296769956984457,0.005902344700583928,1.5366354150598491,400,4
120,1.0239439205706562,1.029027738178121,0.005083817607464791,1.0238528874462038,400,4
140,0.6568047376509294,0.6611430412165032,0.004338303565573853,0.6801580796699149,400,4
160,0.4425800124505976,0.44618141930376876,0.003601406853171174,0.4549784954976529,400,4
180,0.29262553234076505,0.29572596459384237,0.003100432253077323,0.2995078626155275,400,4
200,0.19210539119686376,0.19462897048457845,0.0025235792877146834,0.1898848279242405,400,4
220,0.10580417601814951,0.10820684185931106,0.0024026658411615553,0.11492390472132025,400,4
240,0.04091580605367767,0.043214167437653106,0.0022983613839754335,0.06310037348265346,400,4
260,-0.0006030008584655411,0.0013879839327352594,0.0019909847912008005,0.024467823150808643,400,4
280,0.002442237719655238,0.0036587006642725683,0.0012164629446173303,1.6755581283278698e-06,400,4
300,-0.0192427297839336,-0.018125380608358277,0.0011173491755753218,-0.0212055553187315,400,4
320,-0.044234964111708186,-0.04314600460530402,0.001088959506404169,-0.038603330603110914,400,4
340,-0.06382531140318193,-0.06297379209167012,0.0008515193115118114,-0.050659098917531564,400,4
360,-0.07174675593780838,-0.07108526077158869,0.0006614951662196888,-0.05922447983412629,400,4
380,-0.06782707361532539,-0.06742406587949148,0.0004030077358339046,-0.06794299728941147,400,4
400,-0.08137774988418997,-0.08104138145207987,0.00033636843211010126,-0.07679651745572075,400,4
420,-0.07921754045085397,-0.07908929535910939,0.0001282450917445832,-0.08482808350960144,400,4
440,-0.08853302205327399,-0.08849692582072496,3.609623254902106e-05,-0.09300551102123478,400,4
460,-0.1041037643135152,-0.103925945497861,0.0001778188156542071,-0.09927501849791184,400,4
480,-0.10713012037494932,-0.10704714756998401,8.297280496530335e-05,-0.10525033600520767,400,4
500,-0.11426029544162472,-0.11407113687867881,0.00018915856294590694,-0.11020750271431942,400,4
520,-0.1270242978351681,-0.12649695021327034,0.0005273476218977668,-0.11535981508895068,400,4
540,-0.12906583252925447,-0.12848547942045246,0.0005803531088020009,-0.11987080177660087,400,4
560,-0.12503543203819975,-0.1246224903117171,0.0004129417264826518,-0.12441666497704976,400,4
580,-0.1326647674728446,-0.132093271436363,0.0005714960364816002,-0.12883920142036787,400,4
600,-0.13021719217443237,-0.12971324097232775,0.0005039512021046133,-0.13279710780912704,400,4
620,-0.1339465965358705,-0.13332899406876836,0.0006176024671021296,-0.1361606398195549,400,4
640,-0.13969747206554217,-0.13886000321346598,0.0008374688520761953,-0.13866844345358476,400,4
660,-0.14803489447957457,-0.1468338208982241,0.0012010735813504647,-0.1422907899256971,400,4
680,-0.12401885339738361,-0.12374145169498957,0.00027740170239404227,-0.14524393525815127,400,4
700,-0.13932391350949566,-0.1384799738792767,0.0008439396302189484,-0.14717956374563398,400,4
720,-0.14799683584119663,-0.14675932057181537,0.0012375152693812619,-0.14899454737861437,400,4
740,-0.14105517913640378,-0.1400678669160718,0.0009873122203319928,-0.1509667643552274,400,4
760,-0.1329121642885823,-0.13210190348361658,0.0008102608049657123,-0.15269512432044938,400,4
780,-0.13891240335743282,-0.13771701766227684,0.0011953856951559816,-0.15405052379350415,400,4
800,-0.1468547230281264,-0.14525491884252678,0.0015998041855996292,-0.15488944789783388,400,4
820,-0.15911435067529234,-0.1569350087842949,0.002179341890997444,-0.1557069351190578,400,4
840,-0.15032984667028398,-0.1485814014883604,0.0017484451819235747,-0.1569810618080319,400,4
860,-0.15902651716134766,-0.15676278499245208,0.0022637321688955825,-0.15803941579748068,400,4
880,-0.15705819494650608,-0.15478537311989793,0.0022728218266081512,-0.15910596269230431,400,4
900,-0.1470920647470303,-0.1452262375354158,0.0018658272116144903,-0.16015306988735073,400,4
920,-0.1610281898565566,-0.15852797546444058,0.002500214392116007,-0.16096036279775078,400,4
940,-0.16685616310375578,-0.16396201422202933,0.002894148881726455,-0.16179163383207124,400,4
960,-0.16226765244815747,-0.15956121676840004,0.002706435679757424,-0.16318850728129644,400,4
980,-0.148145220180515,-0.145705984432342,0.0024392357481730076,-0.16390084569033803,400,4
1000,-0.16224037353416668,-0.1591014380137105,0.0031389355204561875,-0.16397381008505205,400,4
1020,-0.1810984346565076,-0.17708483743155035,0.004013597224957255,-0.16473412703353746,400,4
1040,-0.18137140280714667,-0.17721785370590568,0.004153549101240994,-0.1652485658252846,400,4
1060,-0.1707608832126608,-0.16666016584703108,0.004100717365629725,-0.16564457522574894,400,4
1080,-0.1851032984708062,-0.18017324494478015,0.004930053526026046,-0.16585014973574563,400,4
1100,-0.2052218607136465,-0.19886619638382813,0.006355664329818378,-0.16576166170585033,400,4
1120,-0.17445162070810233,-0.16932284666408526,0.00512877404401707,-0.16585792707302116,400,4
1140,-0.1654837400244349,-0.1609075015130173,0.004576238511417585,-0.16605571438510608,400,4
1160,-0.17208258883022742,-0.16738304234259094,0.004699546487636486,-0.16626771482794145,400,4
1180,-0.1859598376037782,-0.1811117999849734,0.004848037618804812,-0.16655754785619414,400,4
1200,-0.18888068630321797,-0.1837823108543139,0.005098375448904069,-0.16679463518310744,400,4
1220,-0.1687689041442716,-0.16412499474732,0.004643909396951584,-0.1668317207070249,400,4
1240,-0.15650905511298846,-0.15233404520334093,0.004175009909647531,-0.16668418264256968,400,4
1260,-0.16685288073162735,-0.16242495588489242,0.004427924846734932,-0.16687150572179882,400,4
1280,-0.169305671588167,-0.16509602789094646,0.004209643697220544,-0.16700678200599994,400,4
1300,-0.13994363951924094,-0.13678049188031716,0.00316314763892378,-0.1669857850852372,400,4
1320,-0.16691040954474856,-0.1624181752341437,0.004492234310604859,-0.1671380536154753,400,4
1340,-0.17936890508793513,-0.17396873603866214,0.005400169049272985,-0.16714929108000565,400,4
1360,-0.155023671129632,-0.15082288120753734,0.004200789922094661,-0.16704541346683244,400,4
1380,-0.1720120484822537,-0.1668466712893818,0.005165377192871912,-0.1669328070322001,400,4
1400,-0.19416955771092292,-0.1887280002177259,0.0054415574931970245,-0.1669261373901939,400,4
1420,-0.17682497893841265,-0.17193415830719416,0.004890820631218484,-0.16707042779916004,400,4
1440,-0.16343188988434848,-0.15958815224302997,0.003843737641318512,-0.16720952565272634,400,4
1460,-0.17834280732832591,-0.17362785501375128,0.004714952314574639,-0.16721969217122856,400,4
1480,-0.1688307594049766,-0.16429511298716065,0.004535646417815953,-0.16725598704109607,400,4
1500,-0.15691177802942458,-0.1528503843978537,0.004061393631570875,-0.16725700659786158,400,4
1520,-0.15336610126700456,-0.14901919753651127,0.00434690373049329,-0.16734138417492544,400,4
1540,-0.1634896090602161,-0.15897505096396214,0.004514558096253951,-0.16735653363171865,400,4
1560,-0.16519193994054338,-0.16030528460602367,0.004886655334519707,-0.1672120398904139,400,4
1580,-0.16601723005364893,-0.1614420701802644,0.004575159873384527,-0.16732666252662265,400,4
1600,-0.1569689439909256,-0.15271657160250696,0.004252372388418635,-0.16733756401238548,400,4
1620,-0.1662743691357576,-0.16152355854318945,0.004750810592568155,-0.1673185879109239,400,4
1640,-0.13856154935445736,-0.13551958007021736,0.003041969284239998,-0.1672821231684053,400,4
1660,-0.16839671364501818,-0.16411924816981688,0.004277465475201303,-0.16725104742231695,400,4
1680,-0.16046080474437807,-0.15620632819806052,0.004254476546317554,-0.16725630990665674,400,4
1700,-0.16695912076588126,-0.16244887260971452,0.004510248156166741,-0.1672256110567052,400,4
1720,-0.17289038954124236,-0.16775116515594957,0.0051392243852927955,-0.1672132749098586,400,4
1740,-0.16594104833949597,-0.16079414388494628,0.005146904454549683,-0.16715144856007336,400,4
1760,-0.1685207984632907,-0.1630581678206936,0.0054626306425971105,-0.16714553093351253,400,4
1780,-0.18224478022460167,-0.176396569166622,0.005848211057979669,-0.1671513161988561,400,4
1800,-0.17525588195762315,-0.16973002802470988,0.005525853932913272,-0.16699719110587746,400,4
1820,-0.1930701178642894,-0.18685360324546185,0.006216514618827551,-0.1669741416790113,400,4
1840,-0.18278608183149686,-0.17759261725175535,0.0051934645797415135,-0.1667328707424971,400,4
1860,-0.1937654843481481,-0.18752828215712047,0.006237202191027635,-0.1662557086888562,400,4
1880,-0.16952670892973248,-0.16396466152258848,0.005562047407144,-0.16602502233414929,400,4
1900,-0.18502301902049118,-0.17827742887480852,0.006745590145682656,-0.1659217425418789,400,4
1920,-0.20850529275044744,-0.2002639345437897,0.008241358206657723,-0.16567746372094622,400,4
1940,-0.16675989579657102,-0.16041542987577462,0.006344465920796405,-0.16570059799737913,400,4
1960,-0.18139630328668516,-0.17499361348534187,0.0064026898013432865,-0.16594991331449327,400,4
1980,-0.1737200606947933,-0.16777772917791045,0.005942331516882837,-0.16523385918783207,400,4
2000,-0.16912092279647994,-0.16289527048938013,0.006225652307099816,-0.16543755439449703,400,4
1,11.475242255880453,11.474985766436788,-0.0002564894436645204,11.645721123435433,400,5
20,7.854623140502027,7.854043156529484,-0.0005799839725426637,7.903548038893025,400,5
40,5.202835227649405,5.202213083899366,-0.0006221437500393279,5.206435377098472,400,5
60,3.422409908460565,3.4218169507459444,-0.0005929577146206455,3.4043145877899676,400,5
80,2.2223713051868046,2.2220115885189644,-0.00035971666784018197,2.208477939258275,400,5
100,1.4145099305047772,1.4143309392084462,-0.0001789912963310325,1.4118985835669013,400,5
120,0.8851533100350975,0.8849775422259996,-0.00017576780909789314,0.8856403709540956,400,5
140,0.5388375782424496,0.5386559075953367,-0.00018167064711294145,0.5353705850012092,400,5
160,0.30776789054361375,0.3075858608600882,-0.00018202968352554194,0.3053279655145191,400,5
180,0.15389798761841644,0.1537221763547223,-0.0001758112636941478,0.1524458357750399,400,5
200,0.05461247759518223,0.054420959187689244,-0.00019151840749298543,0.05001449331505181,400,5
220,-0.004987928616585924,-0.005137569570368428,-0.00014964095378250386,-0.018343642545142036,400,5
240,-0.052514852310953486,-0.052752118145198035,-0.00023726583424454883,-0.06332797763260356,400,5
260,-0.09477814283362784,-0.09508735658470285,-0.00030921375107501037,-0.09450750339451675,400,5
280,-0.11653716324649754,-0.11681322195028931,-0.00027605870379177055,-0.1157715777077441,400,5
300,-0.13168974812990125,-0.13199012293827134,-0.00030037480837008523,-0.13076434048444446,400,5
320,-0.13663731931385284,-0.13696263649845689,-0.0003253171846040459,-0.14099734142801493,400,5
340,-0.15465089798702464,-0.1550048235946263,-0.00035392560760166836,-0.1477903338871911,400,5
360,-0.16405331895628184,-0.16444639265227518,-0.0003930736959933401,-0.15285757704081565,400,5
380,-0.13971396761704213,-0.14001322114241788,-0.00029925352537574224,-0.15568203922896184,400,5
400,-0.14383198469289055,-0.14418600600864523,-0.0003540213157546823,-0.15790202992710067,400,5
420,-0.14406472943488852,-0.14448492391961498,-0.00042019448472646603,-0.15873742718847722,400,5
440,-0.15680361221670447,-0.1572735518157426,-0.0004699395990381272,-0.15993065344158797,400,5
460,-0.16823125791354665,-0.16861277243510597,-0.00038151452155932297,-0.16102263683179058,400,5
480,-0.15392208158116927,-0.1542857846714331,-0.00036370309026384495,-0.163032928497856,400,5
500,-0.15281089060619069,-0.15326729719840093,-0.0004564065922102456,-0.16385851394214151,400,5
520,-0.16603433546984214,-0.16663951523973147,-0.0006051797698893302,-0.1642893916448916,400,5
540,-0.1625238952311222,-0.1629943270234131,-0.00047043179229089294,-0.16433022127422997,400,5
560,-0.15624669206378666,-0.15662709000872138,-0.00038039794493471835,-0.16424606397282626,400,5
580,-0.1635597081519839,-0.1639840662457161,-0.00042435809373220224,-0.16440883504538784,400,5
600,-0.1794456178326465,-0.17983822291520773,-0.00039260508256122595,-0.16447149572442932,400,5
620,-0.18323779244333285,-0.18346544126800915,-0.00022764882467629644,-0.1649313285430816,400,5
640,-0.1610498199426632,-0.161456142170176,-0.0004063222275128009,-0.1651984254794998,400,5
660,-0.1693675704840021,-0.1695701947637113,-0.00020262427970918484,-0.1653397623392144,400,5
680,-0.1699773945014506,-0.17026337867918317,-0.0002859841777325678,-0.16575961560036756,400,5
700,-0.19107193336468514,-0.19132801970306196,-0.00025608633837681527,-0.1660369111366542,400,5
720,-0.18200920538631532,-0.1825194099218097,-0.0005102045354943852,-0.1663956014910229,400,5
740,-0.1738543281963862,-0.17414729713781735,-0.0002929689414311598,-0.1665840802112083,400,5
760,-0.18053671693336648,-0.18094240706976383,-0.00040569013639735196,-0.1666732419150041,400,5
780,-0.16564605910774782,-0.16595747796337912,-0.0003114188556312958,-0.16677271271439176,400,5
800,-0.168516946341924,-0.16909361939840983,-0.0005766730564858435,-0.16683888007767012,400,5
820,-0.15389662714582558,-0.15422404987364763,-0.0003274227278220465,-0.1669635882945107,400,5
840,-0.14241013720070617,-0.14271658850574853,-0.0003064513050423656,-0.16715165894552025,400,5
860,-0.14848754686055898,-0.14905454454611555,-0.0005669976855565695,-0.1670972967349904,400,5
880,-0.14483323116653762,-0.14538209109142752,-0.0005488599248898995,-0.16700496367139028,400,5
900,-0.17599674144459204,-0.17664439731946763,-0.0006476558748755856,-0.16684823317199765,400,5
920,-0.18724514319819585,-0.18778711617828225,-0.0005419729800864026,-0.16667833035193352,400,5
940,-0.1913200837583824,-0.19201493857328183,-0.0006948548148994482,-0.16684022615174976,400,5
960,-0.19573142705513275,-0.1965390386793695,-0.0008076116242367593,-0.16665333058513754,400,5
980,-0.18469600420395016,-0.18558495126870517,-0.000888947064755008,-0.16647218910179007,400,5
1000,-0.1662009541990353,-0.1668943001581234,-0.0006933459590880986,-0.16647981509715687,400,5
1020,-0.1633430378258542,-0.1639643193379322,-0.0006212815120780202,-0.16582945414489736,400,5
1040,-0.18878438982507245,-0.189181281547881,-0.00039689172280854557,-0.16641259864291508,400,5
1060,-0.1760583969176116,-0.17705681588012773,-0.0009984189625161233,-0.16614714272572678,400,5
1080,-0.149555788020867,-0.15031845678343791,-0.0007626687625709172,-0.16654864168462763,400,5
1100,-0.166339405213544,-0.16715592560960196,-0.0008165203960579515,-0.16663841471194402,400,5
1120,-0.13731837967265104,-0.1379536555749475,-0.0006352759022964505,-0.1669465802121483,400,5
1140,-0.1385252407952582,-0.1390129419423335,-0.00048770114707530343,-0.16695076379617396,400,5
1160,-0.16972334406071893,-0.17033565943979168,-0.0006123153790727476,-0.16693217388469034,400,5
1180,-0.17601573178761798,-0.1766712038122621,-0.0006554720246441104,-0.16671328235221422,400,5
1200,-0.1733242257000424,-0.1740368844158593,-0.0007126587158168829,-0.16673377328990857,400,5
1220,-0.16511320260306572,-0.1655582690830094,-0.00044506647994368986,-0.16680334700263366,400,5
1240,-0.16116368655741953,-0.16162809329328143,-0.00046440673586189973,-0.16715820889271726,400,5
1260,-0.1478674475303315,-0.14835535910800718,-0.0004879115776756926,-0.16721908333202756,400,5
1280,-0.1480979897639752,-0.1487896495008454,-0.0006916597368701871,-0.16715709612760432,400,5
1300,-0.159724901513827,-0.160141308199242,-0.0004164066854149828,-0.16706971285131583,400,5
1320,-0.1645526340469161,-0.16503247550432776,-0.00047984145741164497,-0.16727267118984984,400,5
1340,-0.16303147824372582,-0.16338518315746503,-0.00035370491373920565,-0.167234263108395,400,5
1360,-0.16123790798562576,-0.16171307024978265,-0.000475162264156892,-0.16702772513543995,400,5
1380,-0.18419083202126707,-0.18490838774042473,-0.0007175557191576587,-0.16708856819423623,400,5
1400,-0.1740956559340497,-0.17466355539177247,-0.0005678994577227869,-0.16715248662239446,400,5
1420,-0.1706881586160396,-0.1711270108612497,-0.00043885224521011956,-0.16716384666499096,400,5
1440,-0.1747014506961831,-0.17528055758065092,-0.0005791068844678282,-0.16711959240942353,400,5
1460,-0.17910143677688722,-0.17964550240873334,-0.0005440656318461135,-0.16723193739653885,400,5
1480,-0.16938183585108157,-0.16981794022998986,-0.00043610437890828635,-0.16728997363272324,400,5
1500,-0.18332889928121365,-0.18377219070609213,-0.00044329142487847806,-0.16731463667581115,400,5
1520,-0.16801184371860317,-0.16866918602542724,-0.0006573423068240714,-0.1672705859165382,400,5
1540,-0.17140198273397023,-0.17214138602415463,-0.0007394032901844039,-0.1670432746660021,400,5
1560,-0.17122551685501658,-0.17184964183604684,-0.0006241249810302607,-0.1669928030372399,400,5
1580,-0.16987479889822127,-0.1703011045103417,-0.0004263056121204256,-0.16709818805991944,400,5
1600,-0.17759919422496218,-0.17804714073879974,-0.00044794651383756046,-0.16726180670601404,400,5
1620,-0.1705570953999372,-0.17112970566307217,-0.0005726102631349872,-0.16726018662118247,400,5
1640,-0.1749509439347563,-0.17537431611861676,-0.00042337218386045983,-0.16713409132782842,400,5
1660,-0.15982210272094932,-0.16021333811113242,-0.00039123539018309783,-0.1672931140758731,400,5
1680,-0.15621846510894022,-0.1565819946953605,-0.0003635295864202748,-0.16725231331483886,400,5
1700,-0.1706862541602699,-0.17104785710003895,-0.0003616029397690568,-0.16705737875509208,400,5
1720,-0.15517461757787931,-0.15540241912753572,-0.00022780154965640342,-0.16726923680066647,400,5
1740,-0.14152594595852175,-0.1419590016040851,-0.00043305564556334053,-0.16728540053105112,400,5
1760,-0.16359248575677832,-0.16394861760861074,-0.0003561318518324197,-0.16716724772128216,400,5
1780,-0.15725645009978584,-0.15748513654016677,-0.0002286864403809319,-0.167138976308282,400,5
1800,-0.16708901329284792,-0.1674784090197392,-0.000389395726891284,-0.16726688228824876,400,5
1820,-0.14773424698025928,-0.14797976872460739,-0.00024552174434810947,-0.16732503678750538,400,5
1840,-0.16219910292338025,-0.16223371146227095,-3.460853889070137e-05,-0.16732174105926578,400,5
1860,-0.16770089379399195,-0.168165088493065,-0.00046419469907305055,-0.1673381999405118,400,5
1880,-0.16130670753556292,-0.1615905022314028,-0.0002837946958398896,-0.167314165826482,400,5
1900,-0.17214186620463395,-0.1725710649208505,-0.00042919871621655004,-0.1672783659348484,400,5
1920,-0.19406453352530784,-0.19465439953922647,-0.0005898660139186385,-0.16725246743219185,400,5
1940,-0.1885153699550406,-0.18914786496033992,-0.0006324950052993272,-0.1672729810534237,400,5
1960,-0.19131549589864966,-0.1918421746636903,-0.0005266787650406446,-0.16733395978393895,400,5
1980,-0.19496217341889088,-0.19534159662796835,-0.0003794232090774674,-0.16731918155469705,400,5
2000,-0.18314338490199483,-0.18347889211485907,-0.0003355072128642389,-0.1673480526272066,400,5
1,11.68770902020532,11.686308474474902,-0.0014005457304175906,10.934260816997972,400,6
20,7.6255726477802055,7.607520018506609,-0.018052629273596743,7.318109129032014,400,6
40,4.868614063133277,4.847178581463481,-0.02143548166979592,4.769742411317185,400,6
60,3.1434482430091952,3.123227857950748,-0.020220385058447032,3.120104575258269,400,6
80,2.066036984904981,2.048196082027119,-0.01784090287786233,2.043269286978772,400,6
100,1.3232011907529606,1.3074458358124645,-0.01575535494049607,1.3145196211917642,400,6
120,0.8208541008299519,0.8070450362233184,-0.013809064606633559,0.8272701589988654,400,6
140,0.5077972071903254,0.49557177498471394,-0.012225432205611453,0.5100180838701804,400,6
160,0.3008574893929833,0.2908277982410361,-0.010029691151947184,0.2890461815946954,400,6
180,0.15248417021471894,0.1431248595978919,-0.009359310616827043,0.14354973498963097,400,6
200,0.05139034484124605,0.04227564428831343,-0.00911470055293262,0.04991653685057296,400,6
220,-0.011126147651500995,-0.02049744661796593,-0.009371298966464936,-0.01200737941657748,400,6
240,-0.0323220410873844,-0.04061895244482311,-0.008296911357438708,-0.05787889616781389,400,6
260,-0.075507258684402,-0.08352475554327887,-0.008017496858876871,-0.08869403413782195,400,6
280,-0.08990320765224585,-0.09732393624426655,-0.007420728592020698,-0.1090427161179543,400,6
300,-0.11816117655524122,-0.12551699591432902,-0.007355819359087801,-0.12477862499575948,400,6
320,-0.14459139666362775,-0.1530512047847501,-0.008459808121122347,-0.13303089329471018,400,6
340,-0.1424338841007174,-0.15002192299771905,-0.007588038897001659,-0.14115009791278516,400,6
360,-0.13807379429508365,-0.14529986511668957,-0.007226070821605923,-0.14547643404204724,400,6
380,-0.16168683866806577,-0.16981614964254377,-0.008129310974477999,-0.14800097213154728,400,6
400,-0.13992802313778935,-0.14666600599645413,-0.006737982858664782,-0.15309272193123885,400,6
420,-0.16599028178601294,-0.17349596028841496,-0.0075056785024020245,-0.1565152170750137,400,6
440,-0.1826352053021909,-0.19083410497859277,-0.00819889967640186,-0.15839306235230632,400,6
460,-0.15302802109274644,-0.15976399086751658,-0.006735969774770145,-0.15979046694345544,400,6
480,-0.15025896791193472,-0.15654000552975883,-0.0062810376178241145,-0.1617612984217912,400,6
500,-0.16981407377355767,-0.17699638978452303,-0.007182316010965362,-0.16296459571538652,400,6
520,-0.15041107651104768,-0.15649499298590935,-0.0060839164748616725,-0.1639190489905505,400,6
540,-0.16359153907524726,-0.17025994885705759,-0.006668409781810325,-0.16505991264783054,400,6
560,-0.1588966258422317,-0.1650830753906291,-0.006186449548397421,-0.1655006698410641,400,6
580,-0.15942219177931316,-0.16551338026104423,-0.006091188481731069,-0.16567621435627133,400,6
600,-0.13942683036624992,-0.14435929389539193,-0.004932463529142006,-0.16586522895320566,400,6
620,-0.15496522322900508,-0.16048631605184288,-0.005521092822837803,-0.16568166599691891,400,6
640,-0.15746847220375038,-0.16295366885148022,-0.00548519664772984,-0.16570908746670188,400,6
660,-0.1495168266641937,-0.15457053214668992,-0.005053705482496229,-0.1657581570122731,400,6
680,-0.15677015349583162,-0.16192545890886573,-0.005155305413034106,-0.16579743777958272,400,6
700,-0.16400458083195935,-0.16941200292713948,-0.005407422095180137,-0.16631226152090556,400,6
720,-0.1589323483726145,-0.16387398880825166,-0.004941640435637162,-0.16623770484674422,400,6
740,-0.15579264039303314,-0.1608054842120697,-0.00501284381903655,-0.16634951954887583,400,6
760,-0.17632210650210978,-0.18202548818797942,-0.005703381685869646,-0.16622258009024882,400,6
780,-0.1801867353659461,-0.1859045441495718,-0.005717808783625711,-0.16629696567342017,400,6
800,-0.17659145752853,-0.18265674117847785,-0.00606528364994785,-0.16665255252263067,400,6
820,-0.17434606606513492,-0.180429055820843,-0.00608298975570809,-0.1670445546878126,400,6
840,-0.20249043203146921,-0.20973319954536374,-0.007242767513894521,-0.16709456473752848,400,6
860,-0.18246190500571946,-0.18873683831075116,-0.006274933305031705,-0.16703713022664718,400,6
880,-0.18153190147104936,-0.18838250516400973,-0.006850603692960366,-0.1667145051369215,400,6
900,-0.1537714538867434,-0.1595650144272724,-0.005793560540528986,-0.16697827567958756,400,6
920,-0.14689073145653586,-0.15253956543467007,-0.0056488339781342045,-0.16700631392436138,400,6
940,-0.1594985636857199,-0.16587111443018,-0.0063725507444600815,-0.1672265629978581,400,6
960,-0.13051917582712264,-0.1351385281236086,-0.004619352296485968,-0.1672735653925247,400,6
980,-0.13009095875862708,-0.1344229712218275,-0.004332012463200419,-0.167179915869416,400,6
1000,-0.15908888617674383,-0.16483113874121968,-0.005742252564475858,-0.16720471100806028,400,6
1020,-0.16101203862299296,-0.16687354965776535,-0.005861511034772393,-0.16718127423075885,400,6
1040,-0.1662181933210834,-0.1722704399715047,-0.006052246650421311,-0.16710564612715306,400,6
1060,-0.15801843515358605,-0.16342585674494808,-0.005407421591362038,-0.16707361676243515,400,6
1080,-0.15051051570438245,-0.15522115411201065,-0.004710638407628198,-0.16677520825875564,400,6
1100,-0.1591380236277421,-0.1640817697559922,-0.004943746128250104,-0.16652516983025722,400,6
1120,-0.13789968935498567,-0.14135544560692728,-0.0034557562519416107,-0.1657276989552218,400,6
1140,-0.15912569239446134,-0.16358929145426782,-0.004463599059806478,-0.16540459159932613,400,6
1160,-0.19046147544934064,-0.1966829601927879,-0.0062214847434472476,-0.16574978219921402,400,6
1180,-0.15339890681574245,-0.15782564251440315,-0.0044267356986607,-0.16563693749540068,400,6
1200,-0.1698736138259435,-0.17511493874635273,-0.0052413249204092405,-0.16588817680688991,400,6
1220,-0.1835369114753556,-0.18935438441982683,-0.005817472944471214,-0.166160487801163,400,6
1240,-0.16829650880265978,-0.1734389106562264,-0.005142401853566625,-0.16608675294074715,400,6
1260,-0.17464626248834175,-0.18046514201920594,-0.005818879530864185,-0.1661492166599719,400,6
1280,-0.16721050687083716,-0.1726471268365985,-0.005436619965761336,-0.16604845332706686,400,6
1300,-0.14292046883911275,-0.14755948109029315,-0.004639012251180408,-0.1665013082909209,400,6
1320,-0.14711124258209807,-0.15193038530188896,-0.004819142719790892,-0.16663897903261427,400,6
1340,-0.1547991009498464,-0.1594732606390531,-0.004674159689206703,-0.1664585427426527,400,6
1360,-0.16115411533060423,-0.16599902826367355,-0.004844912933069323,-0.1663694330778133,400,6
1380,-0.1503190289420308,-0.15491187430014575,-0.004592845358114939,-0.16662523845166044,400,6
1400,-0.14892869360712735,-0.15311102769441653,-0.004182334087289186,-0.16664289398244814,400,6
1420,-0.13704552076744256,-0.14044479152641767,-0.0033992707589751148,-0.16633094304555682,400,6
1440,-0.15185563118899748,-0.15605147855003887,-0.004195847361041394,-0.1663922286340892,400,6
1460,-0.12947930121342394,-0.13269867841799682,-0.003219377204572882,-0.16600061280524553,400,6
1480,-0.16284382419181181,-0.1673994058265289,-0.0045555816347170874,-0.16612507867075443,400,6
1500,-0.15952635866384057,-0.16415275589792894,-0.004626397234088364,-0.165898477097419,400,6
1520,-0.1595892610918284,-0.1643419044390718,-0.0047526433472434015,-0.16610580478428896,400,6
1540,-0.15805591748027853,-0.16275797915552626,-0.004702061675247726,-0.1663830745782996,400,6
1560,-0.14022825233850314,-0.14418635754244238,-0.003958105203939244,-0.16619097255910234,400,6
1580,-0.17361742119840923,-0.17908059448113728,-0.005463173282728051,-0.1659649991481345,400,6
1600,-0.15861724407196023,-0.16350283802918777,-0.004885593957227541,-0.16574192708724414,400,6
1620,-0.1625997532260173,-0.16735621883234644,-0.004756465606329141,-0.165106946416579,400,6
1640,-0.17444829626321018,-0.17960935511556075,-0.005161058852350575,-0.1650218388439032,400,6
1660,-0.1577035542680701,-0.16174823501228364,-0.004044680744213547,-0.16508496626078029,400,6
1680,-0.16706320879797953,-0.17172711254162132,-0.004663903743641784,-0.16524604173139756,400,6
1700,-0.18804952878998532,-0.1938752670514321,-0.005825738261446778,-0.16584404024048294,400,6
1720,-0.18872871004090647,-0.19467984196126337,-0.0059511319203569,-0.1660668609039681,400,6
1740,-0.18549102702006146,-0.19108637291731181,-0.005595345897250359,-0.16577476245036668,400,6
1760,-0.1783736588910393,-0.18370443764968475,-0.00533077875864546,-0.16586133235062883,400,6
1780,-0.17463445852625506,-0.1799637254917595,-0.005329266965504453,-0.166280344735981,400,6
1800,-0.16091197043813643,-0.1656974004299968,-0.004785429991860379,-0.1666282790500545,400,6
1820,-0.1501244367208301,-0.15442036497877543,-0.004295928257945336,-0.1667801463495463,400,6
1840,-0.19216929851716813,-0.19875282207012085,-0.006583523552952719,-0.16683789475578092,400,6
1860,-0.1742166499688883,-0.18004562971145566,-0.005828979742567353,-0.16699551092015025,400,6
1880,-0.1662970327387266,-0.17165159849394385,-0.005354565755217255,-0.16706439828998387,400,6
1900,-0.1587379801118346,-0.16407905736950895,-0.005341077257674354,-0.16705941390241674,400,6
1920,-0.16972792650283647,-0.17561816185785023,-0.005890235355013762,-0.1672400540221643,400,6
1940,-0.15857424980797413,-0.16372958319579234,-0.005155333387818206,-0.1671333139713636,400,6
1960,-0.15508115236760994,-0.16007087851460156,-0.004989726146991613,-0.16695565116766764,400,6
1980,-0.16056107819044996,-0.16597019478932468,-0.005409116598874719,-0.16714172106144592,400,6
2000,-0.15831369552624247,-0.16371150368420145,-0.005397808157958983,-0.1671920476402199,400,6
1,12.582415793858162,12.582592493329374,0.0001766994712113501,12.632715082763902,400,7
20,8.558017251096903,8.561490364966392,0.0034731138694894526,8.5660758429563,400,7
40,5.638617907638181,5.644004506108247,0.005386598470066062,5.64836259545605,400,7
60,3.6885479326466166,3.6958631914293076,0.007315258782691014,3.699666363580573,400,7
80,2.391822382519116,2.399266122743348,0.007443740224231998,2.4117968269793555,400,7
100,1.5353885372510057,1.5412453018493686,0.005856764598362929,1.556694420131043,400,7
120,0.9559743092365063,0.9623910622272912,0.006416752990784924,0.9935767566011309,400,7
140,0.6077377871768496,0.6126086133331683,0.0048708261563187305,0.6172786748193542,400,7
160,0.35480638845703694,0.35845835682261845,0.003651968365581515,0.3649445665072857,400,7
180,0.17222329442224021,0.17602536009262576,0.003802065670385546,0.19382283815167406,400,7
200,0.07034170506567877,0.07351366970438661,0.003171964638707836,0.07973670994543758,400,7
220,-0.022801770831598234,-0.019615905287642343,0.0031858655439558903,0.0040164257419294525,400,7
240,-0.061579289026684414,-0.05937900556162057,0.002200283465063846,-0.04663104384705463,400,7
260,-0.1103601941757627,-0.10877313310090747,0.0015870610748552338,-0.08375979218990304,400,7
280,-0.1118576414102016,-0.11056406042366806,0.001293580986533538,-0.10852120980473756,400,7
300,-0.14044311629552203,-0.13849593014483125,0.0019471861506907828,-0.1252098601598603,400,7
320,-0.14832728777537724,-0.1466503889254499,0.001676898849927333,-0.13718997427871576,400,7
340,-0.14465830573632532,-0.14425619159063546,0.00040211414568985804,-0.14405646469372185,400,7
360,-0.1535531749511841,-0.15251881785748866,0.001034357093695426,-0.14914061141815566,400,7
380,-0.16563633415749496,-0.16388503270392152,0.0017513014535734395,-0.15327685128900087,400,7
400,-0.15573050076147377,-0.15567224298327698,5.825777819679079e-05,-0.15585794409486825,400,7
420,-0.15301789727259363,-0.15185874347644196,0.0011591537961516685,-0.1580581475481695,400,7
440,-0.1638450185701002,-0.16378806136743845,5.6957202661744866e-05,-0.15907321866385726,400,7
460,-0.17047254427656044,-0.17111147410792021,-0.0006389298313597691,-0.16086664085310476,400,7
480,-0.1748473057002401,-0.17494162581085732,-9.432011061721868e-05,-0.1617278962421717,400,7
500,-0.1624934746804858,-0.16077937256559666,0.0017141021148891489,-0.16248449449427144,400,7
520,-0.16315329842058957,-0.1624496818761738,0.0007036165444157527,-0.162891867087175,400,7
540,-0.15245592178457212,-0.15212015261532064,0.0003357691692514875,-0.1631248189152939,400,7
560,-0.1512998556251744,-0.15077906063350743,0.0005207949916669619,-0.1633582727086767,400,7
580,-0.12722159137525152,-0.12793175264715856,-0.0007101612719070394,-0.16316308967206755,400,7
600,-0.134335408957872,-0.1345539805330398,-0.000218571575167803,-0.1630207228218422,400,7
620,-0.1370171006029436,-0.13767018667869935,-0.0006530860757557599,-0.16347915942467067,400,7
640,-0.15889016230526748,-0.15998741565606772,-0.0010972533508002424,-0.16446645002563792,400,7
660,-0.1608189403859338,-0.16127889320546918,-0.0004599528195353697,-0.1652106530835914,400,7
680,-0.18229928227708175,-0.18375364882823242,-0.0014543665511506654,-0.16563531958567834,400,7
700,-0.15449360862351602,-0.15611769928319125,-0.0016240906596752258,-0.1657483065496415,400,7
720,-0.1575935681224132,-0.1583277776214415,-0.0007342094990283043,-0.16606507775647478,400,7
740,-0.16818155629314735,-0.16927560327518748,-0.001094046982040131,-0.16626031728688395,400,7
760,-0.1751670481800791,-0.17616007806956718,-0.000993029889488073,-0.1663500705196499,400,7
780,-0.15477288216103957,-0.15590205895969161,-0.001129176798652043,-0.16642757193065194,400,7
800,-0.1492935129151301,-0.15047682152906844,-0.0011833086139383386,-0.16642090131492265,400,7
820,-0.16126919774809767,-0.16244644752983473,-0.0011772497817370553,-0.16662815807522352,400,7
840,-0.14306091547737998,-0.14376638359553712,-0.0007054681181571376,-0.1667026563473218,400,7
860,-0.1696139391968563,-0.17111657147288994,-0.0015026322760336441,-0.16699272815957955,400,7
880,-0.16619411767340897,-0.1677816873565705,-0.0015875696831615382,-0.16705534460836452,400,7
900,-0.16273512103578258,-0.16471613630437687,-0.0019810152685942883,-0.16714390873150053,400,7
920,-0.18885996247094106,-0.19130205063649747,-0.002442088165556411,-0.1671816987603607,400,7
940,-0.1889043896970164,-0.19183113281153852,-0.0029267431145221234,-0.16718627528924113,400,7
960,-0.20127663272267604,-0.20401387771614155,-0.002737244993465504,-0.1671552006619585,400,7
980,-0.16409338216936903,-0.16672817172255794,-0.00263478955318891,-0.1671325786016482,400,7
1000,-0.17161760153167926,-0.1735059432560202,-0.0018883417243409362,-0.16689520594642215,400,7
1020,-0.16411447236415122,-0.1663166763436823,-0.002202203979531081,-0.1666444357012996,400,7
1040,-0.17068364898904576,-0.17206899258897485,-0.0013853435999290897,-0.16659177552510418,400,7
1060,-0.17611787658353345,-0.17810735743387746,-0.0019894808503440053,-0.16675423964679986,400,7
1080,-0.1716339138610597,-0.17379969301717246,-0.002165779156112768,-0.16684655496001466,400,7
1100,-0.14094879102327296,-0.14319887085693955,-0.002250079833666596,-0.1665531424691874,400,7
1120,-0.1443261289968849,-0.14520449810274755,-0.0008783691058626419,-0.16612819977286175,400,7
1140,-0.15580421151045307,-0.15631520748400926,-0.0005109959735561942,-0.16618874316030693,400,7
1160,-0.16353504460137647,-0.16518539215573497,-0.0016503475543585,-0.16664435793571952,400,7
1180,-0.14769266217101912,-0.14893698765933927,-0.0012443254883201527,-0.16694349320347945,400,7
1200,-0.12370350523701124,-0.12399084358101925,-0.0002873383440080146,-0.16673238590616146,400,7
1220,-0.139364484509506,-0.1406021040225081,-0.0012376195130021084,-0.16624246694445693,400,7
1240,-0.19534784636197586,-0.19737929169153476,-0.0020314453295589008,-0.1661471793838105,400,7
1260,-0.18182751465557323,-0.1828423211667417,-0.0010148065111684756,-0.166870597786814,400,7
1280,-0.18896481794553033,-0.19061021062427608,-0.0016453926787457496,-0.16682337511189588,400,7
1300,-0.18240117252425525,-0.18469362002494183,-0.0022924475006865785,-0.16690804967189998,400,7
1320,-0.1669074179116356,-0.16904852947044052,-0.00214111155880492,-0.1669680450093094,400,7
1340,-0.155863589294168,-0.15766101351802347,-0.0017974242238554816,-0.16699891326642502,400,7
1360,-0.13911038907628587,-0.14027576103464878,-0.0011653719583629152,-0.16717867938972863,400,7
1380,-0.1648083184420992,-0.16548097095913744,-0.0006726525170382414,-0.1672390890721257,400,7
1400,-0.169064036346251,-0.1707861496812359,-0.0017221133349848983,-0.1672787797996107,400,7
1420,-0.18337342687494645,-0.1858515612122985,-0.002478134337352056,-0.16727291523897309,400,7
1440,-0.19859631385544674,-0.20151024123091077,-0.0029139273754640316,-0.16675866447673415,400,7
1460,-0.19218547621573773,-0.1950398170821533,-0.002854340866415561,-0.1660291139374082,400,7
1480,-0.17404592333153018,-0.17697424249888238,-0.0029283191673522,-0.16679118720942082,400,7
1500,-0.18396457384210196,-0.18647862304760388,-0.0025140492055019115,-0.16709008812302084,400,7
1520,-0.17215174618735085,-0.1742364685786294,-0.0020847223912785484,-0.16695815243837098,400,7
1540,-0.18825881301004815,-0.19173154531801523,-0.0034727323079670747,-0.16600409654356613,400,7
1560,-0.17206163143931624,-0.17437729541046804,-0.0023156639711517935,-0.16665659381194609,400,7
1580,-0.15695596679483698,-0.15921901877720562,-0.002263051982368647,-0.1671260223522033,400,7
1600,-0.174083410099656,-0.17592811347018494,-0.001844703370528944,-0.16724351574601948,400,7
1620,-0.1727880060096041,-0.17390996204269915,-0.0011219560330950618,-0.16725364305854307,400,7
1640,-0.17819946358552874,-0.18012514139186392,-0.0019256778063351798,-0.16707522768710564,400,7
1660,-0.1564962734004976,-0.15744440393103426,-0.0009481305305366616,-0.16694635417487563,400,7
1680,-0.14217607687735306,-0.1429622116366207,-0.0007861347592676426,-0.1666417983721562,400,7
1700,-0.1239961448835652,-0.12486306390591667,-0.0008669190223514756,-0.1664806740637817,400,7
1720,-0.14348227738168212,-0.14454641450254835,-0.0010641371208662265,-0.16647492851753198,400,7
1740,-0.14603972987169056,-0.1473221210328058,-0.001282391161115226,-0.16642256037140363,400,7
1760,-0.15261696882046794,-0.15374615672465575,-0.0011291879041878117,-0.16653741432790092,400,7
1780,-0.14125789507293823,-0.14127823284686153,-2.033777392329572e-05,-0.1667356074098078,400,7
1800,-0.16067518961218136,-0.16115606180989728,-0.00048087219771592027,-0.1668149412310268,400,7
1820,-0.15908267358794898,-0.15954476559440428,-0.0004620920064553058,-0.16653992330253808,400,7
1840,-0.17701242332736616,-0.1784330521390311,-0.0014206288116649368,-0.16629660077589248,400,7
1860,-0.18054255860572227,-0.1819167027429235,-0.0013741441372012164,-0.16658986094987632,400,7
1880,-0.19205059495710436,-0.19365097280857396,-0.0016003778514696032,-0.1665143385841097,400,7
1900,-0.20458554421058556,-0.20621970525034283,-0.0016341610397572759,-0.16680398634713012,400,7
1920,-0.16813158425433716,-0.16970826473795375,-0.0015766804836165882,-0.16664203359725277,400,7
1940,-0.15431068595577818,-0.15589354455199894,-0.0015828585962207598,-0.16677693903515917,400,7
1960,-0.15313247237519834,-0.15401475701762296,-0.0008822846424246245,-0.16638296259676916,400,7
1980,-0.16569614133650568,-0.16736759477116797,-0.0016714534346622956,-0.166380627684317,400,7
2000,-0.16690419221545372,-0.16836467850080872,-0.0014604862853550005,-0.16651667327664327,400,7
