step,val,test,gap,phi_pop,solver,seed
1,11.344416809981235,11.343971706615516,-0.0004451033657186798,11.276206800820958,HSGDA,0
20,7.687939328637639,7.684317045302949,-0.0036222833346899463,7.652324031146295,HSGDA,0
40,5.075315386440444,5.071401089816671,-0.0039142966237726284,5.074069782118648,HSGDA,0
60,3.3594165426835683,3.3556157190380045,-0.003800823645563778,3.3499367320839784,HSGDA,0
80,2.2019450378833727,2.198222405688787,-0.0037226321945857954,2.196557771732918,HSGDA,0
100,1.4266278607849223,1.4228609263901717,-0.0037669343947506206,1.4239148986377343,HSGDA,0
120,0.8998037540044457,0.8974963758271632,-0.0023073781772824375,0.9064855679635966,HSGDA,0
140,0.5588810858637325,0.5574565224305696,-0.0014245634331628843,0.5595273134330656,HSGDA,0
160,0.32713954345039403,0.3268960281343068,-0.00024351531608723942,0.3256977760590131,HSGDA,0
180,0.1635873941478173,0.16460171116806527,0.0010143170202479568,0.16804277645323368,HSGDA,0
200,0.06453427569418618,0.06791665896810195,0.0033823832739157678,0.06143775233797133,HSGDA,0
220,-0.00772393367151758,-0.004725915724962559,0.0029980179465550205,-0.010620313556581384,HSGDA,0
240,-0.06919936490881679,-0.06414793833240495,0.005051426576411833,-0.059469393423785544,HSGDA,0
260,-0.10809807071637045,-0.10186389073020224,0.006234179986168209,-0.09375719277232619,HSGDA,0
280,-0.1302025865872758,-0.12308862521260638,0.007113961374669409,-0.11699786520644462,HSGDA,0
300,-0.14033631085190945,-0.13121619324657657,0.009120117605332878,-0.13347528483352428,HSGDA,0
320,-0.15660260311194824,-0.14842291392189377,0.008179689190054462,-0.14410957912529,HSGDA,0
340,-0.13883713998923497,-0.1318647385807311,0.006972401408503859,-0.15108860636054022,HSGDA,0
360,-0.1413695041389943,-0.13417982675654633,0.007189677382447968,-0.15654649319680108,HSGDA,0
380,-0.1510563815121363,-0.14492299432655031,0.006133387185585981,-0.1598385006835788,HSGDA,0
400,-0.1625442669151148,-0.15575350846075758,0.006790758454357226,-0.16197060868700863,HSGDA,0
420,-0.15532750993431899,-0.1460776059567132,0.009249903977605778,-0.16364708881823992,HSGDA,0
440,-0.180099881426947,-0.16761339262800756,0.012486488798939432,-0.16411407057144445,HSGDA,0
460,-0.1694293016188737,-0.15890197678030282,0.010527324838570884,-0.16552062800555,HSGDA,0
480,-0.16526368218093812,-0.15255712275412786,0.01270655942681026,-0.1663834743629048,HSGDA,0
500,-0.20092757888887686,-0.1834393098251444,0.017488269063732464,-0.16677517641484868,HSGDA,0
520,-0.22145809332317762,-0.19891523230330815,0.022542861019869465,-0.16672153087678093,HSGDA,0
540,-0.19881050166696584,-0.17928752385501967,0.019522977811946174,-0.16673871743914132,HSGDA,0
560,-0.17998825156975656,-0.16422836124822432,0.015759890321532244,-0.16678919719881286,HSGDA,0
580,-0.1620058612421379,-0.14967753628002856,0.012328324962109338,-0.16684678540839998,HSGDA,0
600,-0.16259669949628808,-0.15003743740761338,0.012559262088674694,-0.16693901949715562,HSGDA,0
620,-0.1569682291816557,-0.1429734569831329,0.013994772198522798,-0.16678786471824897,HSGDA,0
640,-0.14980966909772753,-0.13870276557772543,0.011106903520002098,-0.16666077616064895,HSGDA,0
660,-0.14809892297306726,-0.13608859519490335,0.01201032777816391,-0.16634402906995982,HSGDA,0
680,-0.14169796855693229,-0.13086055373558414,0.010837414821348146,-0.16635798921128642,HSGDA,0
700,-0.14946586228035968,-0.13665739034838376,0.012808471931975929,-0.16631491551073585,HSGDA,0
720,-0.14696673257601683,-0.13430680361273828,0.012659928963278555,-0.16599038658299886,HSGDA,0
740,-0.16817332420494935,-0.14941342291354143,0.01875990129140792,-0.165728775981552,HSGDA,0
760,-0.18426047576108012,-0.1637269536589005,0.020533522102179624,-0.16582183532325245,HSGDA,0
780,-0.14690887057611102,-0.12981402786125484,0.017094842714856173,-0.16550255586883755,HSGDA,0
800,-0.15751131590429296,-0.1413499106085756,0.016161405295717357,-0.1655640339819628,HSGDA,0
820,-0.14863802041994295,-0.13105469663030805,0.017583323789634897,-0.1650203201686879,HSGDA,0
840,-0.16670851721856117,-0.146408368939705,0.020300148278856178,-0.16501839427967402,HSGDA,0
860,-0.16720550359985187,-0.14887291793563884,0.01833258566421303,-0.1655420857741332,HSGDA,0
880,-0.19830672346376543,-0.17858253253982714,0.01972419092393829,-0.16570552978659436,HSGDA,0
900,-0.187571722776543,-0.1684785012259532,0.01909322155058979,-0.16553759023428344,HSGDA,0
920,-0.19147443020009436,-0.17040961754883488,0.02106481265125948,-0.16366574583509386,HSGDA,0
940,-0.21285404388550694,-0.18836940092637272,0.024484642959134217,-0.16374965477577125,HSGDA,0
960,-0.20925590730374977,-0.18432559494638967,0.024930312357360096,-0.16292079868984122,HSGDA,0
980,-0.17884801392076155,-0.15736821108165922,0.021479802839102335,-0.16367160316623153,HSGDA,0
1000,-0.17757077009604366,-0.15434936757267897,0.023221402523364687,-0.1627968942473607,HSGDA,0
1020,-0.15951140233366956,-0.14153476051540115,0.017976641818268413,-0.16369281506437006,HSGDA,0
1040,-0.17567955440003669,-0.15477544353872025,0.02090411086131644,-0.16487042517867379,HSGDA,0
1060,-0.18455329892256905,-0.16401189606291677,0.02054140285965228,-0.16505004260967404,HSGDA,0
1080,-0.199881205064793,-0.17780550878633938,0.022075696278453627,-0.16466195486127627,HSGDA,0
1100,-0.1882495579340584,-0.16674557737864548,0.021503980555412916,-0.16431446042701814,HSGDA,0
1120,-0.15108175171289878,-0.13397244073334813,0.01710931097955065,-0.16419454939343903,HSGDA,0
1140,-0.16395770013025085,-0.14435691642951115,0.0196007837007397,-0.16366541114288052,HSGDA,0
1160,-0.15512767452909643,-0.13743877090663048,0.017688903622465946,-0.16420855329740763,HSGDA,0
1180,-0.16636266646628045,-0.1514055185298463,0.014957147936434156,-0.164774327214121,HSGDA,0
1200,-0.17654750524900215,-0.15970647315920605,0.016841032089796093,-0.16507649108567995,HSGDA,0
1220,-0.16582404985929344,-0.14843141979787416,0.01739263006141928,-0.1643282000862799,HSGDA,0
1240,-0.1748097477534325,-0.15597231428196423,0.018837433471468268,-0.16410897711728567,HSGDA,0
1260,-0.18183098130106934,-0.16061091898687307,0.021220062314196264,-0.1642837359491286,HSGDA,0
1280,-0.21050819269108456,-0.18401385087921363,0.026494341811870936,-0.16419963324077197,HSGDA,0
1300,-0.19406968084169574,-0.1686912029494113,0.025378477892284423,-0.16428963485264458,HSGDA,0
1320,-0.19862472156823613,-0.1732950304294542,0.025329691138781918,-0.16340195614602288,HSGDA,0
1340,-0.18298357766763507,-0.15964695480035607,0.023336622867279,-0.16247358402026701,HSGDA,0
1360,-0.15183719773938958,-0.13442233941138232,0.017414858328007266,-0.1631772634430771,HSGDA,0
1380,-0.14516325113425482,-0.12816516668229555,0.016998084451959272,-0.16474653880703938,HSGDA,0
1400,-0.1468401211494137,-0.1300565012400839,0.016783619909329806,-0.16494218986904774,HSGDA,0
1420,-0.1752086185813183,-0.15484053832778377,0.020368080253534537,-0.1647535467504017,HSGDA,0
1440,-0.17803850920356235,-0.15751052323249465,0.020527985971067697,-0.16423197590091299,HSGDA,0
1460,-0.1890329106430373,-0.16876139422498748,0.020271516418049806,-0.16436777170535766,HSGDA,0
1480,-0.20705293929361956,-0.18331043355239807,0.023742505741221498,-0.16391530001684562,HSGDA,0
1500,-0.20764362168028416,-0.18638276512681373,0.02126085655347043,-0.1643696431463597,HSGDA,0
1520,-0.18272656009718669,-0.1651887765732324,0.017537783523954298,-0.16488436996833278,HSGDA,0
1540,-0.18835292511008778,-0.1685861368725206,0.019766788237567168,-0.16506025891631432,HSGDA,0
1560,-0.1634050335787401,-0.1467418653561981,0.01666316822254199,-0.16544834981638762,HSGDA,0
1580,-0.19872179275985952,-0.17919795178138181,0.019523840978477702,-0.1654083874203804,HSGDA,0
1600,-0.22162056283707893,-0.19758774493589976,0.02403281790117917,-0.16419713548734644,HSGDA,0
1620,-0.2013644674736491,-0.17783016686991737,0.02353430060373174,-0.16496165088549664,HSGDA,0
1640,-0.17710046973955118,-0.15848955642163226,0.01861091331791892,-0.16572930233001493,HSGDA,0
1660,-0.2104598823324607,-0.1899613083287891,0.02049857400367161,-0.1660047667487788,HSGDA,0
1680,-0.2027919264351138,-0.18133664629269186,0.02145528014242193,-0.16612867798139402,HSGDA,0
1700,-0.19300656687329198,-0.17418829378770262,0.018818273085589365,-0.16627866245094913,HSGDA,0
1720,-0.1973671532218556,-0.17809981941507697,0.01926733380677864,-0.1665112186919787,HSGDA,0
1740,-0.17066199380776625,-0.15565569558679315,0.015006298220973102,-0.16621726314159796,HSGDA,0
1760,-0.1710201105379517,-0.15228426583729376,0.018735844700657922,-0.16607493372828508,HSGDA,0
1780,-0.15562373751489955,-0.13725769770268792,0.018366039812211632,-0.16601706147163298,HSGDA,0
1800,-0.1466579532752958,-0.1287200400836881,0.0179379131916077,-0.1652782196544264,HSGDA,0
1820,-0.18168977110371087,-0.16005431400845316,0.021635457095257715,-0.16475907234477338,HSGDA,0
1840,-0.20185269570030268,-0.17751502238451028,0.024337673315792396,-0.16425019583181394,HSGDA,0
1860,-0.18414166120355413,-0.16221019351667854,0.021931467686875594,-0.16410348817831621,HSGDA,0
1880,-0.17385772699260854,-0.15360539207555562,0.020252334917052917,-0.16416645587243656,HSGDA,0
1900,-0.20006524170644718,-0.1781544133832746,0.021910828323172593,-0.16479007739898882,HSGDA,0
1920,-0.22108906841533615,-0.19923170325413175,0.0218573651612044,-0.16570247234223168,HSGDA,0
1940,-0.20219837951631042,-0.18142937956832444,0.020768999947985978,-0.16550347227977058,HSGDA,0
1960,-0.17497509949419632,-0.15730131412444465,0.01767378536975167,-0.16567654564012585,HSGDA,0
1980,-0.1687980615036695,-0.15066799831772643,0.01813006318594307,-0.1652869884581732,HSGDA,0
2000,-0.17222285241396573,-0.15737153043518093,0.014851321978784804,-0.16607714030622933,HSGDA,0
2020,-0.17511653794688442,-0.15723085337110837,0.01788568457577605,-0.16600096704706319,HSGDA,0
2040,-0.18620459142130408,-0.16885439490534904,0.01735019651595504,-0.16533437424227315,HSGDA,0
2060,-0.21186818459175438,-0.18976653615470962,0.022101648437044763,-0.1648261334652097,HSGDA,0
2080,-0.17857745316589813,-0.16119473882430452,0.017382714341593608,-0.16555315081220923,HSGDA,0
2100,-0.1869872468193594,-0.1672820592570683,0.019705187562291115,-0.16592803323064698,HSGDA,0
2120,-0.1886439244091319,-0.17041103865935614,0.018232885749775773,-0.16620168001617064,HSGDA,0
2140,-0.1780471208259684,-0.16232211661024654,0.01572500421572187,-0.16644298507928756,HSGDA,0
2160,-0.1970208294400233,-0.17838753997468798,0.018633289465335323,-0.16648720912509085,HSGDA,0
2180,-0.20191296756320476,-0.18451744412855609,0.017395523434648674,-0.1666108231192035,HSGDA,0
2200,-0.20164862734612465,-0.182638072934785,0.019010554411339642,-0.16659309370875164,HSGDA,0
2220,-0.1881184882529497,-0.17242736996668162,0.01569111828626807,-0.1669711425821127,HSGDA,0
2240,-0.17818346452867162,-0.16063417073394187,0.017549293794729748,-0.16682459675240896,HSGDA,0
2260,-0.1634217925027069,-0.14833894583659518,0.015082846666111704,-0.1668238884458189,HSGDA,0
2280,-0.15542547048308186,-0.1413404110443739,0.01408505943870797,-0.16701089268665587,HSGDA,0
2300,-0.19549305498160197,-0.17903976093801327,0.016453294043588695,-0.16711187623596935,HSGDA,0
2320,-0.18320159400918656,-0.16687736942733394,0.01632422458185262,-0.16646902674478087,HSGDA,0
2340,-0.16693838222806312,-0.14939052122953622,0.0175478609985269,-0.165878557446409,HSGDA,0
2360,-0.17226088526611116,-0.15487433238463905,0.017386552881472117,-0.16599741681872682,HSGDA,0
2380,-0.16253003528764176,-0.14689223920715627,0.01563779608048549,-0.16544553538100865,HSGDA,0
2400,-0.11730080340976712,-0.10559852373450362,0.011702279675263494,-0.16524585017638327,HSGDA,0
2420,-0.1361193329872199,-0.1251553468102396,0.0109639861769803,-0.16542989851875295,HSGDA,0
2440,-0.1593680875193802,-0.14681894860257771,0.012549138916802483,-0.16553324347611414,HSGDA,0
2460,-0.14567273660437952,-0.13078542578483815,0.014887310819541366,-0.16545963340170478,HSGDA,0
2480,-0.1584870956441664,-0.14422903719915514,0.014258058445011268,-0.1654637826628369,HSGDA,0
2500,-0.18494945064452684,-0.16565291658013676,0.01929653406439008,-0.16564510089531143,HSGDA,0
2520,-0.1905100222467208,-0.17276995339429818,0.01774006885242263,-0.166046293571728,HSGDA,0
2540,-0.20512940335535512,-0.18403388150921168,0.02109552184614344,-0.1663476667562946,HSGDA,0
2560,-0.17951674409823887,-0.16119000369388337,0.0183267404043555,-0.16621256613422786,HSGDA,0
2580,-0.16741062626604247,-0.1510457453196577,0.016364880946384774,-0.16623164541755264,HSGDA,0
2600,-0.1890434998483283,-0.1682103057964261,0.020833194051902204,-0.16628258398640344,HSGDA,0
2620,-0.16081016579276575,-0.14460432411406993,0.01620584167869582,-0.1666441074824041,HSGDA,0
2640,-0.1830953180026107,-0.1636340508904761,0.019461267112134584,-0.16610301348557982,HSGDA,0
2660,-0.16407729462031223,-0.14527398674720643,0.0188033078731058,-0.1654225333946961,HSGDA,0
2680,-0.18641493510057633,-0.16597649601327308,0.02043843908730325,-0.1650203348357558,HSGDA,0
2700,-0.20211706168507942,-0.17817335235868698,0.02394370932639245,-0.16436926348921516,HSGDA,0
2720,-0.16842010272032276,-0.1470026228709707,0.02141747984935205,-0.16374405285740873,HSGDA,0
2740,-0.19771897302316482,-0.17218524495273496,0.025533728070429862,-0.1628996114215267,HSGDA,0
2760,-0.21129559502233275,-0.1830001930921561,0.028295401930176656,-0.1612032241457647,HSGDA,0
2780,-0.21001229390233006,-0.18440020965509069,0.025612084247239375,-0.1612237148000109,HSGDA,0
2800,-0.20861412134684465,-0.17807029623240755,0.030543825114437095,-0.1595871513181334,HSGDA,0
2820,-0.21861353220963614,-0.1859096320264378,0.03270390018319835,-0.15693339000914447,HSGDA,0
2840,-0.20610597239012962,-0.17638850245032012,0.029717469939809504,-0.1570554300312318,HSGDA,0
2860,-0.20420906898139313,-0.17267091941856194,0.031538149562831186,-0.154336463886815,HSGDA,0
2880,-0.18611992892614332,-0.1544777606300562,0.031642168296087125,-0.1542166876551569,HSGDA,0
2900,-0.1863739674577482,-0.15905759234480615,0.02731637511294205,-0.15687323942586812,HSGDA,0
2920,-0.20506954955876155,-0.17273135112550997,0.032338198433251586,-0.15533815457865996,HSGDA,0
2940,-0.22421155380607494,-0.18891032075224556,0.03530123305382937,-0.15319797580847472,HSGDA,0
2960,-0.20867104101085643,-0.1769198863761875,0.03175115463466893,-0.15508619086882747,HSGDA,0
2980,-0.20254004638461282,-0.17169857353836832,0.0308414728462445,-0.1558555873280006,HSGDA,0
3000,-0.16572968340075445,-0.1381565508418645,0.027573132558889935,-0.15422980078450954,HSGDA,0
1,13.196586804736318,13.196595285963314,8.481226995371571e-06,12.888019666277152,HSGDA,1
20,8.914123985346986,8.914821154271038,0.0006971689240522494,8.728495216777727,HSGDA,1
40,5.88102693506812,5.882177421898637,0.0011504868305172167,5.794036456790719,HSGDA,1
60,3.8827200747025232,3.8834539424573244,0.0007338677548012207,3.849696816548082,HSGDA,1
80,2.6257865628987376,2.6262983751023654,0.0005118122036278372,2.5701776145422,HSGDA,1
100,1.7254369035239026,1.7263632758638638,0.00092637233996129,1.7236500945317532,HSGDA,1
120,1.1312381182832332,1.1321708631285379,0.0009327448453047005,1.1512164000497738,HSGDA,1
140,0.774914753775362,0.7754063793328613,0.0004916255574992645,0.7668699493023893,HSGDA,1
160,0.5030283131292693,0.5035930759258955,0.0005647627966262059,0.5045233840896367,HSGDA,1
180,0.32436433396675773,0.32489022931601813,0.0005258953492603968,0.3302272309348284,HSGDA,1
200,0.203005836496314,0.2036711216547187,0.0006652851584046937,0.21265443910757123,HSGDA,1
220,0.12454563019742537,0.1249084162673687,0.00036278606994333273,0.12716192927817047,HSGDA,1
240,0.07508244419405356,0.07514718658367324,6.474238961967638e-05,0.06291212146718755,HSGDA,1
260,0.02345225574796478,0.023642272833418534,0.00019001708545375584,0.01609744633368465,HSGDA,1
280,-0.014249367985738184,-0.014157100460783709,9.226752495447577e-05,-0.016585983586415012,HSGDA,1
300,-0.04008254378688035,-0.04002936183701104,5.3181949869307577e-05,-0.03979392224160434,HSGDA,1
320,-0.056005676897060624,-0.05599584193273574,9.834964324884066e-06,-0.06036375200744634,HSGDA,1
340,-0.07645712849852662,-0.07645504593193711,2.0825665895118917e-06,-0.0765657126594965,HSGDA,1
360,-0.08861363207164918,-0.08862683142340824,-1.3199351759057842e-05,-0.088706053670284,HSGDA,1
380,-0.09749851063284547,-0.09750357071440875,-5.060081563285079e-06,-0.09845169030848973,HSGDA,1
400,-0.10781261782400092,-0.10785109100750545,-3.847318350452822e-05,-0.10688025638419985,HSGDA,1
420,-0.11277707416290648,-0.1128171875760151,-4.011341310861116e-05,-0.11384113262723665,HSGDA,1
440,-0.12068601841493616,-0.12074164142748424,-5.562301254807833e-05,-0.11993989610652321,HSGDA,1
460,-0.12295586687749172,-0.12321980517042752,-0.00026393829293580584,-0.12480111566600058,HSGDA,1
480,-0.1248655348662852,-0.12505485044285974,-0.00018931557657454745,-0.12912305600113133,HSGDA,1
500,-0.12636273461688385,-0.12642840905680272,-6.56744399188669e-05,-0.133462844910297,HSGDA,1
520,-0.13235589073198228,-0.13254988283872432,-0.00019399210674203582,-0.13680369865966013,HSGDA,1
540,-0.1440729701894883,-0.14412041771117182,-4.7447521683507965e-05,-0.1407994169345083,HSGDA,1
560,-0.1457145453101244,-0.1456521538139548,6.239149616960038e-05,-0.14426798029510102,HSGDA,1
580,-0.1428699652822598,-0.1432236650489814,-0.00035369976672161574,-0.14735570899376124,HSGDA,1
600,-0.1455039641169114,-0.14594531896166357,-0.000441354844752162,-0.14881442307028914,HSGDA,1
620,-0.1438812649799413,-0.1442147364310668,-0.0003334714511254999,-0.1504644459173619,HSGDA,1
640,-0.14273358708375733,-0.1433097137639595,-0.0005761266802021825,-0.15226210869357576,HSGDA,1
660,-0.1313746264635123,-0.1316657754615552,-0.0002911489980428894,-0.15364286715124073,HSGDA,1
680,-0.13884464848691383,-0.13908551809881467,-0.00024086961190084022,-0.15583635291580558,HSGDA,1
700,-0.16065948615825063,-0.1616643837130691,-0.0010048975548184735,-0.15637841287814877,HSGDA,1
720,-0.1756667913731471,-0.17653337270426617,-0.000866581331119054,-0.15855767315490632,HSGDA,1
740,-0.15548137487466931,-0.15587533282295504,-0.00039395794828572805,-0.15936491505195158,HSGDA,1
760,-0.14886413481846533,-0.149136116040952,-0.00027198122248667245,-0.16021412444213834,HSGDA,1
780,-0.16039656538811775,-0.16112289700078947,-0.0007263316126717156,-0.16103312027264705,HSGDA,1
800,-0.15799842606829637,-0.1579656237174317,3.2802350864669094e-05,-0.16193600352017742,HSGDA,1
820,-0.15163889393281466,-0.15191266991907193,-0.0002737759862572742,-0.16220268928781773,HSGDA,1
840,-0.16787043525245,-0.1683216329241427,-0.00045119767169271574,-0.1627176880001665,HSGDA,1
860,-0.14206103823588417,-0.1421989187456955,-0.00013788050981133892,-0.1633037087005878,HSGDA,1
880,-0.1575449468174357,-0.1581051691710052,-0.0005602223535695061,-0.1637395151048649,HSGDA,1
900,-0.14539809359953665,-0.1456568521579782,-0.00025875855844154083,-0.16362291112122762,HSGDA,1
920,-0.1702308867386657,-0.170932819665351,-0.0007019329266853003,-0.1643091152186376,HSGDA,1
940,-0.14534525028336534,-0.14588855427938593,-0.0005433039960205943,-0.1642882730254808,HSGDA,1
960,-0.1421067496844893,-0.14247160259861416,-0.000364852914124858,-0.16422823503037523,HSGDA,1
980,-0.1538190792951153,-0.15445185063954792,-0.0006327713444326255,-0.1642260055629507,HSGDA,1
1000,-0.1480241364471634,-0.14834366829038342,-0.00031953184322003336,-0.16482913474221916,HSGDA,1
1020,-0.12988247182429513,-0.13002088262037503,-0.00013841079607990192,-0.1651822676777699,HSGDA,1
1040,-0.13354137289140913,-0.13330773959253092,0.00023363329887821083,-0.16484952307195946,HSGDA,1
1060,-0.15712643975569554,-0.157033152781388,9.328697430754929e-05,-0.16424828910533765,HSGDA,1
1080,-0.16415982321908693,-0.16441535675625304,-0.0002555335371661194,-0.1647561258141493,HSGDA,1
1100,-0.158441760490302,-0.15956414039381844,-0.001122379903516435,-0.16520450855006324,HSGDA,1
1120,-0.16341717264489225,-0.16487686996325962,-0.00145969731836737,-0.16529547050686533,HSGDA,1
1140,-0.17047079056059883,-0.17144645244914436,-0.0009756618885455315,-0.16538699601895807,HSGDA,1
1160,-0.18348439011414766,-0.18433415729005773,-0.0008497671759100656,-0.1661310567254022,HSGDA,1
1180,-0.1733933377213675,-0.17350094947256023,-0.00010761175119272659,-0.1663308232858553,HSGDA,1
1200,-0.18125093788634022,-0.18170622017023413,-0.0004552822838939097,-0.16645442991342946,HSGDA,1
1220,-0.17822167241306952,-0.1785370197675098,-0.0003153473544402763,-0.16647384121274617,HSGDA,1
1240,-0.15816570719397727,-0.1590525352911515,-0.0008868280971742193,-0.16648593301844983,HSGDA,1
1260,-0.15358953404917625,-0.15415997927899344,-0.0005704452298171958,-0.16669648730318465,HSGDA,1
1280,-0.13656447039962188,-0.13727768107584398,-0.000713210676222098,-0.16684386023305608,HSGDA,1
1300,-0.14996318906819955,-0.15053789975904508,-0.0005747106908455257,-0.16694503290985446,HSGDA,1
1320,-0.14484355996641418,-0.14419957146930285,0.0006439884971113363,-0.16687017547696076,HSGDA,1
1340,-0.16505351260671436,-0.16516251204810167,-0.0001089994413873141,-0.16664010943700008,HSGDA,1
1360,-0.15848044075451562,-0.15822724086499135,0.0002531998895242693,-0.16650413007654968,HSGDA,1
1380,-0.18184980447254673,-0.181547395719042,0.00030240875350473484,-0.1663743431732137,HSGDA,1
1400,-0.1865966397650412,-0.18698542686002312,-0.0003887870949819128,-0.16634559130255494,HSGDA,1
1420,-0.20259516501423025,-0.2033267402657904,-0.0007315752515601459,-0.16659767252994423,HSGDA,1
1440,-0.18738433123370224,-0.18863205071130362,-0.0012477194776013834,-0.16689729554948146,HSGDA,1
1460,-0.18866636603526887,-0.19052193720530325,-0.0018555711700343758,-0.16698286796727124,HSGDA,1
1480,-0.1663079849460654,-0.167548332062109,-0.0012403471160435942,-0.16709533589133246,HSGDA,1
1500,-0.1706158101539459,-0.1722143927240713,-0.0015985825701254064,-0.1670177151813379,HSGDA,1
1520,-0.18157392558534852,-0.18338349035533424,-0.0018095647699857276,-0.16680566066496227,HSGDA,1
1540,-0.17586771791366318,-0.17793193482721392,-0.0020642169135507427,-0.16694801914158752,HSGDA,1
1560,-0.1616980317332143,-0.16261876638787176,-0.0009207346546574735,-0.16679569985727433,HSGDA,1
1580,-0.17992710721946342,-0.1808672337463258,-0.0009401265268623726,-0.16679426350042492,HSGDA,1
1600,-0.18981378623350853,-0.19083637042884083,-0.001022584195332299,-0.16700227190006528,HSGDA,1
1620,-0.17275941728189687,-0.17311365875770302,-0.0003542414758061496,-0.16704988466277448,HSGDA,1
1640,-0.1839523669317032,-0.18457637399967902,-0.0006240070679758292,-0.16694074696069489,HSGDA,1
1660,-0.17610092258388593,-0.1764904785473818,-0.00038955596349588006,-0.16639374952742764,HSGDA,1
1680,-0.1791158838891257,-0.17995247801825953,-0.0008365941291338386,-0.1666371891451534,HSGDA,1
1700,-0.1849344389990087,-0.18619436360931796,-0.001259924610309271,-0.16635379854007565,HSGDA,1
1720,-0.15969320734729353,-0.16079538227716478,-0.0011021749298712469,-0.1660125097262216,HSGDA,1
1740,-0.1451121004258748,-0.14551734750636214,-0.0004052470804873365,-0.16654936069140208,HSGDA,1
1760,-0.17438603852916318,-0.17452453560055464,-0.0001384970713914635,-0.16648608324436392,HSGDA,1
1780,-0.14183122947331672,-0.14225823319027253,-0.0004270037169558094,-0.16635204394119457,HSGDA,1
1800,-0.14035463511600443,-0.140102680480735,0.00025195463526944684,-0.16576828651442183,HSGDA,1
1820,-0.18044383626393823,-0.18119300441231734,-0.0007491681483791091,-0.16551134856080996,HSGDA,1
1840,-0.15527953891809604,-0.1570047869841671,-0.00172524806607105,-0.1660536348774747,HSGDA,1
1860,-0.17078157179209297,-0.17286360042906695,-0.002082028636973987,-0.16596590436123104,HSGDA,1
1880,-0.17623329862948145,-0.17685110054880415,-0.0006178019193227025,-0.1658306694424514,HSGDA,1
1900,-0.15487202006182293,-0.15558858030418593,-0.0007165602423629958,-0.16647423543383894,HSGDA,1
1920,-0.1650159973409308,-0.16600245977471373,-0.0009864624337829198,-0.16695934353269953,HSGDA,1
1940,-0.1525847983736367,-0.15375668000768572,-0.0011718816340490212,-0.1668490220260379,HSGDA,1
1960,-0.1472092397064751,-0.14790089510495963,-0.0006916553984845364,-0.16688854226989935,HSGDA,1
1980,-0.16798406402884725,-0.1689987183862034,-0.0010146543573561484,-0.16675805462623927,HSGDA,1
2000,-0.17278716548402667,-0.17447496313067495,-0.0016877976466482814,-0.16703560996794165,HSGDA,1
2020,-0.17360009957070127,-0.17571483667344268,-0.002114737102741404,-0.16720549979382493,HSGDA,1
2040,-0.16647380786864946,-0.1676273618035718,-0.0011535539349223356,-0.16720103565725203,HSGDA,1
2060,-0.1671066681554887,-0.16881403065540257,-0.0017073624999138781,-0.1672966800965821,HSGDA,1
2080,-0.1686723840045093,-0.17010291031969504,-0.001430526315185754,-0.1671965789379392,HSGDA,1
2100,-0.1898710825239418,-0.19184984533843613,-0.001978762814494328,-0.16714920004056338,HSGDA,1
2120,-0.17586288767894687,-0.1772431595471775,-0.0013802718682306425,-0.16713829718357398,HSGDA,1
2140,-0.16992709642473441,-0.1706572778945391,-0.0007301814698046916,-0.16719406048814467,HSGDA,1
2160,-0.1873027323827101,-0.18817273090130499,-0.0008699985185948722,-0.16704875975624955,HSGDA,1
2180,-0.17358308077009793,-0.1741682227626321,-0.0005851419925341772,-0.1672497332883593,HSGDA,1
2200,-0.16676072026091393,-0.1679221226200654,-0.0011614023591514644,-0.16725621400064633,HSGDA,1
2220,-0.17200713064178608,-0.17305939981210428,-0.0010522691703181986,-0.16724933071925935,HSGDA,1
2240,-0.154101659529563,-0.15567698110964034,-0.001575321580077338,-0.1672431924619477,HSGDA,1
2260,-0.1656434820735609,-0.16684921492588978,-0.001205732852328889,-0.16721968766419648,HSGDA,1
2280,-0.1658927016132964,-0.16665779303954403,-0.0007650914262476438,-0.16719495920529304,HSGDA,1
2300,-0.15139103889007277,-0.15231329036413688,-0.0009222514740641063,-0.16723305979869485,HSGDA,1
2320,-0.14036133360527414,-0.1408252146853749,-0.0004638810801007587,-0.16715222808516295,HSGDA,1
2340,-0.14492872924015976,-0.14581186295648646,-0.0008831337163267006,-0.16701107885179356,HSGDA,1
2360,-0.15206726054616476,-0.15283614781378418,-0.0007688872676194225,-0.16700938241551277,HSGDA,1
2380,-0.1817907288667856,-0.18323749705242004,-0.0014467681856344394,-0.16707416771871092,HSGDA,1
2400,-0.1859428161999238,-0.18772352693116823,-0.001780710731244417,-0.16718906740413086,HSGDA,1
2420,-0.1971744663020648,-0.19934160673811874,-0.002167140436053927,-0.16722029010615724,HSGDA,1
2440,-0.16297335761507847,-0.16352880312689805,-0.0005554455118195745,-0.16719100366591855,HSGDA,1
2460,-0.1885353587633128,-0.18931054154155408,-0.0007751827782412901,-0.1671416988776418,HSGDA,1
2480,-0.17733787199022993,-0.17778084144198286,-0.0004429694517529281,-0.16696573214481597,HSGDA,1
2500,-0.16734232571429639,-0.16806266006877982,-0.0007203343544834317,-0.1667527388350132,HSGDA,1
2520,-0.1654786980171329,-0.16531054638664852,0.0001681516304843922,-0.16653947308724218,HSGDA,1
2540,-0.15726562211927164,-0.15863638602617802,-0.0013707639069063804,-0.16648033707774867,HSGDA,1
2560,-0.16520877045504928,-0.1661747262531133,-0.0009659557980640221,-0.16661486972066425,HSGDA,1
2580,-0.16311934138154816,-0.16382256928656036,-0.0007032279050122048,-0.16650408574419884,HSGDA,1
2600,-0.15612141959403714,-0.1568319669718855,-0.0007105473778483695,-0.16614188965693222,HSGDA,1
2620,-0.18254733426354897,-0.18350363360088895,-0.0009562993373399831,-0.16564084503798543,HSGDA,1
2640,-0.18620459912975723,-0.18718890713705283,-0.0009843080072955979,-0.165762843055965,HSGDA,1
2660,-0.16673782740335377,-0.16753556355559338,-0.0007977361522396031,-0.16556261925178464,HSGDA,1
2680,-0.17087429962955142,-0.17206207575095728,-0.001187776121405859,-0.16593558662312385,HSGDA,1
2700,-0.15568209114796813,-0.15631980166116685,-0.0006377105131987193,-0.16613991024283745,HSGDA,1
2720,-0.17788065774835782,-0.1788077441278632,-0.000927086379505393,-0.1664462376395353,HSGDA,1
2740,-0.1767815384925845,-0.17725363751292622,-0.0004720990203417319,-0.16664205979586966,HSGDA,1
2760,-0.16585135608234047,-0.1662173075213207,-0.00036595143898021654,-0.1667111181108602,HSGDA,1
2780,-0.1728758529735291,-0.1737667966879045,-0.0008909437143754251,-0.1667937519927744,HSGDA,1
2800,-0.14948153620561866,-0.15016118326038114,-0.0006796470547624778,-0.16688350473341634,HSGDA,1
2820,-0.16652725568921267,-0.16722924796329325,-0.0007019922740805762,-0.16680708582463344,HSGDA,1
2840,-0.15909015812853722,-0.16025667663684873,-0.0011665185083115093,-0.16692124601441127,HSGDA,1
2860,-0.17750193419180216,-0.17848187912402363,-0.000979944932221477,-0.167106285975055,HSGDA,1
2880,-0.18475590663184294,-0.18633366340149093,-0.0015777567696479977,-0.1670643687824359,HSGDA,1
2900,-0.16780318442855485,-0.1690520345932029,-0.001248850164648041,-0.16712838651825845,HSGDA,1
2920,-0.19077832938037687,-0.19193431114355514,-0.001155981763178271,-0.16693833502776334,HSGDA,1
2940,-0.172154294894925,-0.17340045203370358,-0.0012461571387785697,-0.16707080230631755,HSGDA,1
2960,-0.1674302774188342,-0.1684139745926037,-0.0009836971737695044,-0.1670617956500099,HSGDA,1
2980,-0.1683120803366659,-0.16959184883415146,-0.0012797684974855672,-0.16720022850110683,HSGDA,1
3000,-0.1679510722527825,-0.1690230373057915,-0.0010719650530089941,-0.1671120161092301,HSGDA,1
1,12.19021757549789,12.192661562709864,0.002443987211973919,12.383703846018669,HSGDA,2
20,8.31183968777667,8.320159614426213,0.008319926649543063,8.40068180186781,HSGDA,2
40,5.467904565889307,5.473227020110099,0.005322454220792139,5.530141995233332,HSGDA,2
60,3.574552727615059,3.5771651815040273,0.002612453888968247,3.5911435345937672,HSGDA,2
80,2.345587849269939,2.3477173998237637,0.0021295505538247994,2.2917074329437135,HSGDA,2
100,1.4990137772775656,1.500001580027406,0.0009878027498404496,1.4322321315539874,HSGDA,2
120,0.9314663790882484,0.9299053730106549,-0.001561006077593463,0.8728830001120734,HSGDA,2
140,0.5534452358027945,0.5478691515103471,-0.005576084292447381,0.5129270671218339,HSGDA,2
160,0.3356008301802183,0.331105156640324,-0.004495673539894274,0.2779412882671679,HSGDA,2
180,0.14231262239514514,0.13500590617162922,-0.007306716223515919,0.12493836327821989,HSGDA,2
200,0.04298581860660644,0.035622436340996266,-0.007363382265610174,0.022418740964201378,HSGDA,2
220,-0.024273479248741237,-0.031969620427604706,-0.007696141178863469,-0.042462081736569623,HSGDA,2
240,-0.06397027292703328,-0.07209586920878042,-0.008125596281747138,-0.08286097634123968,HSGDA,2
260,-0.12096257508421532,-0.13032693699222603,-0.00936436190801071,-0.11013395332753367,HSGDA,2
280,-0.1359810663840872,-0.1448029681935571,-0.008821901809469901,-0.1285452136328627,HSGDA,2
300,-0.14673064937075542,-0.1550622347462714,-0.008331585375515982,-0.14074954854432647,HSGDA,2
320,-0.13433005495157047,-0.14120637326558466,-0.006876318314014196,-0.14711017371972657,HSGDA,2
340,-0.1743028650223672,-0.18352337501892818,-0.009220509996560988,-0.15410283448751355,HSGDA,2
360,-0.16964855687393987,-0.17909021543160608,-0.00944165855766621,-0.15807846872247533,HSGDA,2
380,-0.17173666275611754,-0.18040820608958985,-0.008671543333472309,-0.16090827977765088,HSGDA,2
400,-0.16147686976804454,-0.16976080830429452,-0.00828393853624998,-0.1619278331047786,HSGDA,2
420,-0.18275775769057673,-0.19272618542476155,-0.009968427734184826,-0.16345710188877188,HSGDA,2
440,-0.18546520022915008,-0.19503215313660444,-0.009566952907454351,-0.1625669314778359,HSGDA,2
460,-0.17725726550496235,-0.18633198847277954,-0.009074722967817195,-0.16430765325405716,HSGDA,2
480,-0.15310375438683466,-0.15947464555405289,-0.006370891167218229,-0.16619516263535916,HSGDA,2
500,-0.16562469168042415,-0.1721112930162254,-0.006486601335801256,-0.1667789058015502,HSGDA,2
520,-0.14739235905066284,-0.1527642039256622,-0.005371844874999365,-0.16699954057257105,HSGDA,2
540,-0.13958632321979947,-0.1440691732400452,-0.004482850020245732,-0.1669752752228924,HSGDA,2
560,-0.15126427612351734,-0.1558702868548758,-0.0046060107313584675,-0.16685687368262303,HSGDA,2
580,-0.16906551229016878,-0.17380334986270782,-0.004737837572539039,-0.16642158459412046,HSGDA,2
600,-0.17095561235692258,-0.17576720758631015,-0.004811595229387566,-0.16573859955825077,HSGDA,2
620,-0.17046609274235763,-0.1750953454779039,-0.004629252735546263,-0.1650332457767834,HSGDA,2
640,-0.16971909410769778,-0.1752173836790085,-0.0054982895713107105,-0.16521841617558933,HSGDA,2
660,-0.16589996146524627,-0.17029317284967355,-0.004393211384427276,-0.16537019478963905,HSGDA,2
680,-0.16129728588932754,-0.165654920368239,-0.004357634478911465,-0.1653142596473068,HSGDA,2
700,-0.16250682911400777,-0.1665794253317739,-0.004072596217766122,-0.16468649502841237,HSGDA,2
720,-0.1658848206829333,-0.17031658024158047,-0.004431759558647164,-0.16482775562962798,HSGDA,2
740,-0.19260679112659018,-0.19870208952027352,-0.006095298393683335,-0.16486319826006995,HSGDA,2
760,-0.1792773692416265,-0.18495096584180246,-0.0056735966001759675,-0.16546053389160145,HSGDA,2
780,-0.1688254316981061,-0.17409097600690765,-0.005265544308801551,-0.16566750832275273,HSGDA,2
800,-0.15812956031739372,-0.16270478704432023,-0.004575226726926507,-0.1659199600912203,HSGDA,2
820,-0.16501795379011544,-0.17052320682773073,-0.0055052530376152875,-0.16609170910139662,HSGDA,2
840,-0.16249759277292206,-0.1665061344675451,-0.004008541694623058,-0.1654297519501147,HSGDA,2
860,-0.1737630801535029,-0.1785830495662814,-0.004819969412778513,-0.16521983195261825,HSGDA,2
880,-0.16174596152780776,-0.16558580267398967,-0.0038398411461819104,-0.16538719454302606,HSGDA,2
900,-0.1563925664075902,-0.16007106814966782,-0.0036785017420776223,-0.16550746015276752,HSGDA,2
920,-0.15132112529771438,-0.15424591856156786,-0.0029247932638534757,-0.16524283246041652,HSGDA,2
940,-0.15963668908689752,-0.16366885865561873,-0.004032169568721211,-0.16506917340567492,HSGDA,2
960,-0.1618500326262084,-0.16630608434600563,-0.004456051719797238,-0.1651983804406824,HSGDA,2
980,-0.1621468742164064,-0.1667221404315104,-0.0045752662151040124,-0.16515965615727146,HSGDA,2
1000,-0.13761650190770824,-0.1409598406076052,-0.003343338699896947,-0.16524130831483513,HSGDA,2
1020,-0.15389605234298087,-0.15756085505472295,-0.0036648027117420767,-0.16545742623310566,HSGDA,2
1040,-0.15572127234714397,-0.15942220095258605,-0.0037009286054420776,-0.1657807716787588,HSGDA,2
1060,-0.13279390599165553,-0.13609064221759892,-0.0032967362259433974,-0.1659539571353842,HSGDA,2
1080,-0.13977153545543736,-0.1428106327539615,-0.0030390972985241405,-0.1657317806887102,HSGDA,2
1100,-0.14988032766624615,-0.15332249209233684,-0.003442164426090688,-0.16527272532663617,HSGDA,2
1120,-0.14059196992939074,-0.1439778959666527,-0.003385926037261955,-0.16561873011398756,HSGDA,2
1140,-0.15382715927124693,-0.15745532999746278,-0.0036281707262158513,-0.16503645015150806,HSGDA,2
1160,-0.16491897869313188,-0.16909362778047643,-0.004174649087344551,-0.1649648529035886,HSGDA,2
1180,-0.15757699720373372,-0.1616804047237176,-0.004103407519983893,-0.1656116571647742,HSGDA,2
1200,-0.1599119906010584,-0.16422929919525184,-0.004317308594193436,-0.16570890769848265,HSGDA,2
1220,-0.15350568394057668,-0.15771804351158436,-0.004212359571007684,-0.166128970122093,HSGDA,2
1240,-0.15883722036570957,-0.1626116856693975,-0.0037744653036879128,-0.16616699700082854,HSGDA,2
1260,-0.16607629028703186,-0.17113154717054258,-0.005055256883510717,-0.16622023121540885,HSGDA,2
1280,-0.14942467999357034,-0.15445919916234713,-0.005034519168776785,-0.16639344711459408,HSGDA,2
1300,-0.13695803383697197,-0.14169798814644158,-0.004739954309469607,-0.16664618054863622,HSGDA,2
1320,-0.1396552676382361,-0.1449462147368512,-0.005290947098615106,-0.16670889073792183,HSGDA,2
1340,-0.13753715615764656,-0.14136981262775217,-0.003832656470105611,-0.16672259764118358,HSGDA,2
1360,-0.15676058731615783,-0.1624339085138607,-0.005673321197702863,-0.1665566155354033,HSGDA,2
1380,-0.15989801335607856,-0.16589773886551462,-0.00599972550943606,-0.16640376393396544,HSGDA,2
1400,-0.16426495194689106,-0.17072140437782923,-0.0064564524309381754,-0.16645683718140658,HSGDA,2
1420,-0.157673781092739,-0.16376491601338594,-0.006091134920646946,-0.16668407661928508,HSGDA,2
1440,-0.14686670571053784,-0.15194879225304975,-0.00508208654251191,-0.16683019351361983,HSGDA,2
1460,-0.1397192672214873,-0.14423387145241362,-0.004514604230926311,-0.1667787108574612,HSGDA,2
1480,-0.16177641298012396,-0.16806997013485958,-0.006293557154735618,-0.166749341697412,HSGDA,2
1500,-0.1600799155416876,-0.16626467804382633,-0.00618476250213873,-0.16662232295310997,HSGDA,2
1520,-0.16000372322886536,-0.16572282400888155,-0.005719100780016195,-0.16656172315308204,HSGDA,2
1540,-0.1719889609651959,-0.17806227026378363,-0.006073309298587737,-0.16661643290248995,HSGDA,2
1560,-0.16023310862085643,-0.16606214665080937,-0.005829038029952938,-0.16678669405270752,HSGDA,2
1580,-0.16641416506711204,-0.17233587084513396,-0.005921705778021924,-0.1668289312728281,HSGDA,2
1600,-0.16374646243790725,-0.1696702180002298,-0.005923755562322552,-0.1666753009425065,HSGDA,2
1620,-0.15080063620243914,-0.15538230710093928,-0.004581670898500145,-0.16673564176985603,HSGDA,2
1640,-0.16882700609718537,-0.17542985546589468,-0.006602849368709307,-0.1665789421529329,HSGDA,2
1660,-0.16182601512562367,-0.1670520735295788,-0.005226058403955125,-0.1663352850544902,HSGDA,2
1680,-0.16023993860552876,-0.1658311273444838,-0.005591188738955033,-0.16643546074244936,HSGDA,2
1700,-0.15888580605596658,-0.1636849199770366,-0.0047991139210700196,-0.16618056210496057,HSGDA,2
1720,-0.1573654187830325,-0.1623774936564894,-0.005012074873456895,-0.16601254034211932,HSGDA,2
1740,-0.17528359755264022,-0.18030814395366224,-0.005024546401022012,-0.16619346340046298,HSGDA,2
1760,-0.17544711323268958,-0.18103599936363213,-0.00558888613094255,-0.16658899564460627,HSGDA,2
1780,-0.1779065314026183,-0.18437790187675662,-0.006471370474138316,-0.16671015514985948,HSGDA,2
1800,-0.16383382288535597,-0.16951958837656877,-0.005685765491212802,-0.16681342409352173,HSGDA,2
1820,-0.16980091273776443,-0.1756543159884726,-0.005853403250708156,-0.16691947606963237,HSGDA,2
1840,-0.17277274194376735,-0.1800160600212229,-0.007243318077455541,-0.16697999122401103,HSGDA,2
1860,-0.16737485910749023,-0.17399945067193,-0.006624591564439786,-0.16707500678006926,HSGDA,2
1880,-0.17453039273786092,-0.18142866977734878,-0.006898277039487866,-0.16711164784168342,HSGDA,2
1900,-0.18110105128420106,-0.1882559569397101,-0.007154905655509025,-0.16707231946517764,HSGDA,2
1920,-0.16655695904716755,-0.1734816773093648,-0.00692471826219726,-0.16714635690821134,HSGDA,2
1940,-0.14540078098935905,-0.15131972425365192,-0.005918943264292875,-0.16718121858616164,HSGDA,2
1960,-0.1375414499445376,-0.14279564041153486,-0.005254190466997266,-0.16713388877036495,HSGDA,2
1980,-0.15451168986561725,-0.16010159925046397,-0.005589909384846714,-0.16721193571621834,HSGDA,2
2000,-0.14605092166134998,-0.15139494668661274,-0.005344025025262766,-0.167175868047377,HSGDA,2
2020,-0.15577997364007934,-0.16160466389335415,-0.005824690253274811,-0.16693114357929195,HSGDA,2
2040,-0.1723295987065659,-0.17938279239045524,-0.007053193683889347,-0.16664978451081303,HSGDA,2
2060,-0.15662641883111184,-0.16196287085804423,-0.005336452026932392,-0.16681083792148382,HSGDA,2
2080,-0.16055491989401616,-0.16566012029046795,-0.005105200396451792,-0.16634731291165294,HSGDA,2
2100,-0.15297376411826463,-0.15838870753102435,-0.005414943412759721,-0.16666499461375722,HSGDA,2
2120,-0.14911616091096935,-0.15359488932481552,-0.004478728413846167,-0.166818737178541,HSGDA,2
2140,-0.1461314086579622,-0.15079205332427076,-0.0046606446663085555,-0.1669862146347929,HSGDA,2
2160,-0.14552330176210304,-0.1497431121343989,-0.004219810372295851,-0.166670548710306,HSGDA,2
2180,-0.16511886953701793,-0.17099959395208902,-0.0058807244150710924,-0.16622538122923824,HSGDA,2
2200,-0.15110327085142428,-0.15625943273556064,-0.005156161884136368,-0.1661199195314806,HSGDA,2
2220,-0.17447741204872858,-0.18131197319306053,-0.006834561144331952,-0.16601077545530024,HSGDA,2
2240,-0.14714488810066564,-0.15223085628686653,-0.005085968186200884,-0.16624171501183518,HSGDA,2
2260,-0.1471997775444731,-0.15278155342250466,-0.005581775878031547,-0.16624575203822917,HSGDA,2
2280,-0.1635179224640926,-0.16974269082821067,-0.006224768364118061,-0.16642415274821884,HSGDA,2
2300,-0.15719854618276097,-0.1615745401059882,-0.004375993923227239,-0.16592590339055907,HSGDA,2
2320,-0.1636865431620378,-0.1682160865093002,-0.00452954334726241,-0.16574992377954306,HSGDA,2
2340,-0.1547711930066726,-0.1596653234455738,-0.00489413043890119,-0.16547669291888747,HSGDA,2
2360,-0.14303480038349395,-0.1469822168979615,-0.003947416514467561,-0.16540756984976915,HSGDA,2
2380,-0.15098017130309324,-0.15504931031459987,-0.004069139011506628,-0.16551005568592456,HSGDA,2
2400,-0.14638027561473532,-0.14999945365505607,-0.0036191780403207474,-0.16547075776684528,HSGDA,2
2420,-0.14937982978818393,-0.15318066730483304,-0.0038008375166491137,-0.16563226116098678,HSGDA,2
2440,-0.15098670089612784,-0.1551816130228281,-0.0041949121267002565,-0.1657009941218778,HSGDA,2
2460,-0.13595370041992103,-0.13913159494080599,-0.0031778945208849607,-0.16574622767008093,HSGDA,2
2480,-0.14056533286084893,-0.14355985484603767,-0.002994521985188736,-0.1652801360564753,HSGDA,2
2500,-0.15438550561106965,-0.1582077986694929,-0.003822293058423243,-0.1650601977043564,HSGDA,2
2520,-0.17026090347910902,-0.17541764331118911,-0.005156739832080093,-0.1660485351785204,HSGDA,2
2540,-0.16510175396862622,-0.1701576468305572,-0.005055892861930977,-0.16652137147881999,HSGDA,2
2560,-0.16844421730350312,-0.17388905750952527,-0.00544484020602215,-0.16669733502648998,HSGDA,2
2580,-0.17081093731707253,-0.17702992859428246,-0.006218991277209929,-0.16678268262311674,HSGDA,2
2600,-0.15477303749498827,-0.1607111961960343,-0.005938158701046026,-0.16680964755866357,HSGDA,2
2620,-0.1574481593226304,-0.16268816768926847,-0.0052400083666380715,-0.16665272197237502,HSGDA,2
2640,-0.14016917003305562,-0.144679854127992,-0.004510684094936379,-0.16657035464245173,HSGDA,2
2660,-0.14413948187886805,-0.14874140168521138,-0.004601919806343335,-0.1665295003357174,HSGDA,2
2680,-0.17300616710705247,-0.17991838111234804,-0.006912214005295569,-0.16651742476323506,HSGDA,2
2700,-0.1749195478069992,-0.182515028465758,-0.007595480658758813,-0.16660860655294701,HSGDA,2
2720,-0.14841463600199484,-0.1544286031312549,-0.006013967129260056,-0.16666863218712075,HSGDA,2
2740,-0.16661619920381332,-0.17237546891856315,-0.005759269714749826,-0.1668315944163663,HSGDA,2
2760,-0.1684047880914062,-0.17527983144138565,-0.006875043349979459,-0.1667479352050265,HSGDA,2
2780,-0.16171843647481238,-0.16810522811450768,-0.0063867916396952995,-0.16686915621735426,HSGDA,2
2800,-0.16942524465374248,-0.17541052024292092,-0.00598527558917844,-0.16687049186932457,HSGDA,2
2820,-0.13738019261264023,-0.14078527688987474,-0.003405084277234516,-0.16695009482637485,HSGDA,2
2840,-0.15847771876727623,-0.1630330412425176,-0.004555322475241375,-0.16669007015073545,HSGDA,2
2860,-0.1651747899549536,-0.17067570068561638,-0.005500910730662778,-0.16666416393785422,HSGDA,2
2880,-0.167002271420236,-0.1725038232020179,-0.00550155178178191,-0.1665503793147058,HSGDA,2
2900,-0.17560531793345902,-0.18103292693568684,-0.005427609002227829,-0.16636650525132712,HSGDA,2
2920,-0.1630088924712414,-0.167190500412579,-0.004181607941337595,-0.1660779872371923,HSGDA,2
2940,-0.1772216604386796,-0.18263709997324235,-0.005415439534562749,-0.16575480847568236,HSGDA,2
2960,-0.17802003813731976,-0.18344433287913425,-0.005424294741814495,-0.1658020647128136,HSGDA,2
2980,-0.15282888683493379,-0.15715336685558007,-0.004324480020646282,-0.1658876366458535,HSGDA,2
3000,-0.1540626613382508,-0.15873882074596818,-0.004676159407717373,-0.16622544936003064,HSGDA,2
1,12.670919091826509,12.671030881689612,0.00011178986310333983,13.135052239721624,HSGDA,3
20,8.734122434247203,8.743016662567209,0.008894228320006192,8.912907485326997,HSGDA,3
40,5.7956378074466395,5.802931103778387,0.0072932963317473565,5.851770749001108,HSGDA,3
60,3.827268380197743,3.8344308776869163,0.007162497489173081,3.778710677792494,HSGDA,3
80,2.522891949055655,2.530953002918267,0.008061053862612244,2.409182830682359,HSGDA,3
100,1.6024180950149625,1.6053398191695472,0.002921724154584693,1.5170293511306252,HSGDA,3
120,1.0006497441094642,1.0004768505933581,-0.00017289351610605408,0.9413064758581945,HSGDA,3
140,0.6011975655315206,0.5980682497480734,-0.0031293157834472174,0.5763230829807551,HSGDA,3
160,0.34732225729790855,0.34312765378554877,-0.004194603512359785,0.3399805289777418,HSGDA,3
180,0.20562257829595537,0.20274650384969206,-0.0028760744462633103,0.1860509868454699,HSGDA,3
200,0.09731718865775121,0.09429138474218887,-0.0030258039155623417,0.08325362296339373,HSGDA,3
220,0.018178318049113323,0.014661220398258679,-0.0035170976508546448,0.012966858845462392,HSGDA,3
240,-0.03824194608077591,-0.04221505432080802,-0.003973108240032108,-0.03478897147013543,HSGDA,3
260,-0.07484005098642058,-0.07876831049637681,-0.003928259509956233,-0.06846843011962453,HSGDA,3
280,-0.10039459586853483,-0.10432563667826011,-0.003931040809725284,-0.09367552438578408,HSGDA,3
300,-0.11576990794651168,-0.11966887492374897,-0.003898966977237295,-0.11122336885750303,HSGDA,3
320,-0.12315117189472591,-0.12689839844029993,-0.003747226545574023,-0.12325492789327042,HSGDA,3
340,-0.11604714879698336,-0.11821970157932954,-0.002172552782346182,-0.13290534949419874,HSGDA,3
360,-0.12916480140790243,-0.13208401722964846,-0.002919215821746035,-0.14027974935281173,HSGDA,3
380,-0.13591189591723446,-0.13892045497339456,-0.0030085590561600983,-0.14515228540917957,HSGDA,3
400,-0.15326889466413252,-0.15734181462334818,-0.0040729199592156595,-0.14969328056277809,HSGDA,3
420,-0.15375474845223802,-0.1576088188391933,-0.0038540703869552884,-0.15279941458030072,HSGDA,3
440,-0.1416511688874823,-0.14455875124792011,-0.0029075823604378104,-0.1545325965572268,HSGDA,3
460,-0.1388129922831074,-0.14131621143598827,-0.0025032191528808756,-0.1560908124403625,HSGDA,3
480,-0.13480505106548962,-0.1370624726515252,-0.0022574215860355906,-0.15737215083169026,HSGDA,3
500,-0.13672328397180877,-0.13915798393802614,-0.0024346999662173685,-0.15849534363546225,HSGDA,3
520,-0.15569422836505883,-0.15883257393339342,-0.0031383455683345884,-0.1590701793018023,HSGDA,3
540,-0.1409485867185132,-0.14382721217350516,-0.0028786254549919565,-0.1607230491320498,HSGDA,3
560,-0.1299421033420617,-0.132348546082525,-0.0024064427404633104,-0.16122308389389528,HSGDA,3
580,-0.12698655644770615,-0.12864242427507808,-0.0016558678273719263,-0.16158416718004756,HSGDA,3
600,-0.1673761915920595,-0.1711989209564874,-0.0038227293644279015,-0.16226469374532357,HSGDA,3
620,-0.15964957952647196,-0.16318502332558427,-0.0035354437991123033,-0.1629077087921123,HSGDA,3
640,-0.15480570421717765,-0.15815116698251602,-0.0033454627653383695,-0.16329238248289896,HSGDA,3
660,-0.1659877793299801,-0.16973518985742592,-0.003747410527445816,-0.16370922743144178,HSGDA,3
680,-0.19426868527294003,-0.19944602524702407,-0.005177339974084039,-0.16487389260238475,HSGDA,3
700,-0.16540472520959523,-0.1696646146571705,-0.004259889447575271,-0.16598199504970937,HSGDA,3
720,-0.1660258925859452,-0.17038416324597672,-0.004358270660031527,-0.16635391517755482,HSGDA,3
740,-0.14520732270707515,-0.14837982404349886,-0.0031725013364237165,-0.1665199828759314,HSGDA,3
760,-0.1380212677599149,-0.14061467778427772,-0.0025934100243628078,-0.16624660850320322,HSGDA,3
780,-0.14407018815967632,-0.14701081027082474,-0.0029406221111484276,-0.16567668525467205,HSGDA,3
800,-0.1497637731020542,-0.15289282794371,-0.0031290548416558206,-0.16506583396054675,HSGDA,3
820,-0.1571789666614371,-0.15968545791944838,-0.0025064912580112786,-0.1642202306024787,HSGDA,3
840,-0.1494248677036088,-0.15169565172525717,-0.0022707840216483755,-0.16342422195719336,HSGDA,3
860,-0.13309562907929623,-0.13471301236801492,-0.0016173832887186879,-0.162869904413931,HSGDA,3
880,-0.1556998185025868,-0.15837928085982395,-0.00267946235723715,-0.16270733725926134,HSGDA,3
900,-0.16510693965211415,-0.16811788337249822,-0.003010943720384074,-0.1632087387824111,HSGDA,3
920,-0.15911938802175138,-0.1618472220357444,-0.0027278340139930135,-0.16356742448036635,HSGDA,3
940,-0.15761354242969094,-0.16045309758169807,-0.0028395551520071227,-0.1636025631155109,HSGDA,3
960,-0.16906167753400442,-0.17265012043641415,-0.0035884429024097275,-0.163273223892411,HSGDA,3
980,-0.1642237475651957,-0.16734368067406796,-0.0031199331088722637,-0.16361477127474927,HSGDA,3
1000,-0.15048808430217378,-0.153256610407095,-0.0027685261049212317,-0.16384457381623982,HSGDA,3
1020,-0.1662765518197479,-0.16887514051090344,-0.0025985886911555345,-0.1634182606307533,HSGDA,3
1040,-0.15305901339668868,-0.1554997285349111,-0.0024407151382224157,-0.16314373504072952,HSGDA,3
1060,-0.14892899733092518,-0.1514237279962785,-0.0024947306653533285,-0.16341453323237187,HSGDA,3
1080,-0.14686903609266272,-0.14916474155818799,-0.0022957054655252662,-0.16335307548878608,HSGDA,3
1100,-0.15638638373475441,-0.15908011793635699,-0.002693734201602571,-0.16325500436440846,HSGDA,3
1120,-0.15482567986392115,-0.15744945692357898,-0.002623777059657828,-0.16326567660481678,HSGDA,3
1140,-0.1573081969161369,-0.15996083814381123,-0.002652641227674335,-0.16292271027924493,HSGDA,3
1160,-0.1661406520376427,-0.1692391321965069,-0.003098480158864214,-0.16340475686215114,HSGDA,3
1180,-0.16314464909593654,-0.16644259914438883,-0.0032979500484522917,-0.16421003076671495,HSGDA,3
1200,-0.15044005247453815,-0.15272025593983982,-0.0022802034653016667,-0.16423599667731034,HSGDA,3
1220,-0.16728719761207772,-0.17028858966445365,-0.0030013920523759285,-0.16422621066054716,HSGDA,3
1240,-0.1731231541086462,-0.17710097597556512,-0.003977821866918918,-0.164789413042007,HSGDA,3
1260,-0.17501247725655283,-0.17929547287886416,-0.004282995622311325,-0.1651839992985908,HSGDA,3
1280,-0.1585708508963004,-0.1621497820987265,-0.0035789312024260833,-0.16543609308927548,HSGDA,3
1300,-0.14707727810794147,-0.15004707238465348,-0.0029697942767120122,-0.16522307297324712,HSGDA,3
1320,-0.15342093970760606,-0.15657673497877905,-0.0031557952711729897,-0.16501599335276135,HSGDA,3
1340,-0.15492433475494954,-0.15809812710706816,-0.0031737923521186207,-0.16553438571520496,HSGDA,3
1360,-0.16532526074315107,-0.16903846879690976,-0.0037132080537586876,-0.16565674463506214,HSGDA,3
1380,-0.16277693033360355,-0.16642823862640896,-0.003651308292805411,-0.1659989008229796,HSGDA,3
1400,-0.14804676769508127,-0.1513585102048026,-0.003311742509721327,-0.16600767128328606,HSGDA,3
1420,-0.16235457760217561,-0.1659994554807945,-0.0036448778786188907,-0.16608266215648568,HSGDA,3
1440,-0.15689524811422342,-0.16047889308528204,-0.0035836449710586193,-0.16623755811386745,HSGDA,3
1460,-0.1537237979553574,-0.15730445461095,-0.0035806566555925956,-0.16634973972585398,HSGDA,3
1480,-0.14915696491531305,-0.15320945765274835,-0.004052492737435298,-0.16652397891579812,HSGDA,3
1500,-0.16124108192224365,-0.16511910041143615,-0.003878018489192503,-0.166167151815813,HSGDA,3
1520,-0.15913488567219158,-0.16277093415182076,-0.0036360484796291725,-0.16540877404536658,HSGDA,3
1540,-0.14310775033522058,-0.1456073169500187,-0.00249956661479811,-0.16514971645990814,HSGDA,3
1560,-0.1433202462365417,-0.14621589688433104,-0.0028956506477893496,-0.16481397521310545,HSGDA,3
1580,-0.14340546617336863,-0.14620585218398635,-0.002800386010617717,-0.16483546713446706,HSGDA,3
1600,-0.15868304087118884,-0.16240667558450417,-0.003723634713315327,-0.16445592109637136,HSGDA,3
1620,-0.17580017241336887,-0.1799442712574234,-0.0041440988440545334,-0.1652139633426004,HSGDA,3
1640,-0.1538013712020023,-0.1574371731474621,-0.0036358019454598156,-0.16549166471072255,HSGDA,3
1660,-0.14860011671531453,-0.15160494398744823,-0.003004827272133692,-0.16525889690354567,HSGDA,3
1680,-0.16725327297041317,-0.17109252460157257,-0.0038392516311593905,-0.16533397236289296,HSGDA,3
1700,-0.17145324928242253,-0.17576823763365942,-0.0043149883512368925,-0.1653183303616099,HSGDA,3
1720,-0.15343695451393227,-0.1566488572070686,-0.003211902693136315,-0.16464415621907993,HSGDA,3
1740,-0.14764002076934857,-0.15078804017100556,-0.0031480194016569873,-0.16415983996039957,HSGDA,3
1760,-0.163288100388473,-0.16695975331711158,-0.00367165292863858,-0.164000237099618,HSGDA,3
1780,-0.17869586354897454,-0.18305583990288726,-0.00435997635391272,-0.16460075918381145,HSGDA,3
1800,-0.17296662616012604,-0.17679809519515732,-0.0038314690350312874,-0.16468654347855904,HSGDA,3
1820,-0.1614544796375743,-0.16524487465801863,-0.003790395020444315,-0.16542590492096476,HSGDA,3
1840,-0.15043270999160252,-0.1536485799311424,-0.0032158699395398727,-0.1656601690619922,HSGDA,3
1860,-0.15597080681378142,-0.15936346176562874,-0.003392654951847318,-0.16607556882985033,HSGDA,3
1880,-0.15010577679048207,-0.15349487752977384,-0.0033891007392917727,-0.16617751247361487,HSGDA,3
1900,-0.1774284528013694,-0.18222994510705745,-0.004801492305688049,-0.16619518156304228,HSGDA,3
1920,-0.1630588980787977,-0.16751632323723126,-0.004457425158433559,-0.16643316978165257,HSGDA,3
1940,-0.16976043945854602,-0.17428527004476285,-0.0045248305862168325,-0.1664929914092102,HSGDA,3
1960,-0.16060542356439833,-0.16477761864518797,-0.004172195080789642,-0.16656670339772778,HSGDA,3
1980,-0.1685224220253435,-0.17307982960228796,-0.00455740757694445,-0.16650025707693006,HSGDA,3
2000,-0.1530588984227534,-0.15719607982918,-0.004137181406426604,-0.1661778496914898,HSGDA,3
2020,-0.1695819608648417,-0.1741383846651596,-0.004556423800317899,-0.16599003982335217,HSGDA,3
2040,-0.16285113117289401,-0.16647376506142408,-0.003622633888530069,-0.16577990129210074,HSGDA,3
2060,-0.15345214955459788,-0.15670659182144095,-0.0032544422668430717,-0.16586862568050778,HSGDA,3
2080,-0.15831235321914586,-0.16207303185036068,-0.00376067863121482,-0.16617243951632096,HSGDA,3
2100,-0.15097163371408404,-0.15408851899468348,-0.0031168852805994463,-0.16593268379936002,HSGDA,3
2120,-0.15984176887152238,-0.1630669871916867,-0.0032252183201643136,-0.16572183832909446,HSGDA,3
2140,-0.1592285907937178,-0.16253594835662685,-0.0033073575629090635,-0.16590454900828425,HSGDA,3
2160,-0.1469620850153177,-0.14987142972950152,-0.0029093447141838036,-0.1658036853545254,HSGDA,3
2180,-0.14418855937639957,-0.14741970802975402,-0.003231148653354443,-0.16587712705556334,HSGDA,3
2200,-0.13358398337812,-0.13682956885682845,-0.003245585478708457,-0.166333984940503,HSGDA,3
2220,-0.16189442593691072,-0.1658323522951235,-0.003937926358212773,-0.16617575870826434,HSGDA,3
2240,-0.19018176690407296,-0.19514330590390117,-0.004961538999828208,-0.16573735678638407,HSGDA,3
2260,-0.17138904813797587,-0.17598098614266486,-0.004591938004688989,-0.16621596405113767,HSGDA,3
2280,-0.184430119097936,-0.1896309998363867,-0.005200880738450708,-0.1663347037104947,HSGDA,3
2300,-0.17234208793185002,-0.17697904980778195,-0.004636961875931933,-0.16654659023286716,HSGDA,3
2320,-0.16273074481359928,-0.16685891620705318,-0.004128171393453894,-0.166267915634631,HSGDA,3
2340,-0.1663336192727437,-0.1704497456821989,-0.00411612640945519,-0.16622528570660106,HSGDA,3
2360,-0.16380894798483084,-0.1676301701961829,-0.00382122221135206,-0.16635807054189986,HSGDA,3
2380,-0.17040954489853274,-0.1742326520208539,-0.0038231071223211455,-0.1661516121394742,HSGDA,3
2400,-0.1861321739577786,-0.1911045925816583,-0.004972418623879704,-0.16626743225356622,HSGDA,3
2420,-0.18589132939027336,-0.19071641583177817,-0.004825086441504811,-0.1662557127614292,HSGDA,3
2440,-0.19334052608200575,-0.19855625160522805,-0.005215725523222303,-0.1663112006803968,HSGDA,3
2460,-0.2091791510373695,-0.2150690122722413,-0.005889861234871785,-0.1662940858416711,HSGDA,3
2480,-0.1812476375188572,-0.1864746948602028,-0.005227057341345598,-0.1661987506615465,HSGDA,3
2500,-0.17866151204660086,-0.18390619533149993,-0.0052446832848990765,-0.1660651435291554,HSGDA,3
2520,-0.1586008011905679,-0.16318258091987786,-0.004581779729309954,-0.16646022120615872,HSGDA,3
2540,-0.15885348286841716,-0.16341388277652474,-0.004560399908107582,-0.16664521795363935,HSGDA,3
2560,-0.13414496556315086,-0.13780600671235993,-0.0036610411492090655,-0.1667604936048252,HSGDA,3
2580,-0.1573069862993966,-0.16167613929477004,-0.004369152995373438,-0.16694733647628818,HSGDA,3
2600,-0.17715191971104188,-0.18263662467383363,-0.005484704962791742,-0.166890797417293,HSGDA,3
2620,-0.16709306375160987,-0.17260329697687693,-0.005510233225267058,-0.16685815231136847,HSGDA,3
2640,-0.13829844829817162,-0.14239454816952274,-0.004096099871351122,-0.1669693919463247,HSGDA,3
2660,-0.14364605458429158,-0.14789193077687784,-0.004245876192586262,-0.16704722976321346,HSGDA,3
2680,-0.15167999489874723,-0.15645723064487865,-0.004777235746131425,-0.16709773460335536,HSGDA,3
2700,-0.16926371179208,-0.17423279757569865,-0.004969085783618654,-0.16710029518281294,HSGDA,3
2720,-0.16035962504937107,-0.16574516287096958,-0.005385537821598507,-0.16712490172528854,HSGDA,3
2740,-0.1613178254493402,-0.16655678429688936,-0.005238958847549158,-0.1671333538768754,HSGDA,3
2760,-0.1566153167706349,-0.16149135518282398,-0.004876038412189088,-0.16707036201211345,HSGDA,3
2780,-0.14319819188371136,-0.14741515982223485,-0.004216967938523497,-0.16699514804275073,HSGDA,3
2800,-0.14856495474648118,-0.15321917428469772,-0.004654219538216542,-0.16697388205340852,HSGDA,3
2820,-0.18806654901399456,-0.19491726680434185,-0.006850717790347294,-0.16710244557442921,HSGDA,3
2840,-0.18837850860036764,-0.19577654120310006,-0.007398032602732418,-0.16686877541519862,HSGDA,3
2860,-0.17416314490405627,-0.18101210270987267,-0.0068489578058164025,-0.16686364949811427,HSGDA,3
2880,-0.17917743445139528,-0.18558156736082088,-0.006404132909425597,-0.16712680394784435,HSGDA,3
2900,-0.18259726857279968,-0.1892963699073592,-0.006699101334559532,-0.16721333248218773,HSGDA,3
2920,-0.17948862369621582,-0.18584429017548454,-0.006355666479268718,-0.16729911617463555,HSGDA,3
2940,-0.17471150752326292,-0.18131816966071135,-0.006606662137448427,-0.1672953508101031,HSGDA,3
2960,-0.1709188121530973,-0.17679485775546117,-0.005876045602363877,-0.16723474122532805,HSGDA,3
2980,-0.19347874888214317,-0.20008935063184496,-0.006610601749701794,-0.16730901129860504,HSGDA,3
3000,-0.15618866223289496,-0.1607008490064063,-0.00451218677351134,-0.16717525201497319,HSGDA,3
1,11.343208511988838,11.34286805149404,-0.00034046049479741214,11.276206800820958,SSGDA,0
20,7.680846370550251,7.676958277787749,-0.0038880927625015715,7.654599434283696,SSGDA,0
40,5.076860967734152,5.073394791354468,-0.0034661763796846046,5.0778173935555735,SSGDA,0
60,3.3587408477223866,3.3559657416501443,-0.002775106072242295,3.3546576993527744,SSGDA,0
80,2.1924441396748295,2.189877398241034,-0.0025667414337955385,2.201755391546598,SSGDA,0
100,1.4335387302331033,1.4299389548584758,-0.003599775374627523,1.4307628033385213,SSGDA,0
120,0.9143472588356142,0.9106749786165931,-0.003672280219021107,0.9158294754695331,SSGDA,0
140,0.5733253855728965,0.5731127910788462,-0.00021259449405031106,0.569484310691903,SSGDA,0
160,0.3386225444622173,0.33793642987932937,-0.00068611458288792,0.3365874056174,SSGDA,0
180,0.18625502302674696,0.18391132331531768,-0.0023436997114292812,0.18108774051455423,SSGDA,0
200,0.07789395569269941,0.07615756340859287,-0.0017363922841065471,0.07712644620321352,SSGDA,0
220,0.004248966348504524,0.003380227371321043,-0.0008687389771834808,0.0072803657005014455,SSGDA,0
240,-0.02859289427325179,-0.029894499403812613,-0.0013016051305608234,-0.0399026986439745,SSGDA,0
260,-0.06846104903590264,-0.06836076276201128,0.00010028627389135902,-0.07196284330254757,SSGDA,0
280,-0.0879475157877938,-0.08718315601936555,0.0007643597684282577,-0.09416811826516686,SSGDA,0
300,-0.10726195037872827,-0.10721130338943768,5.0646989290581423e-05,-0.10871054906913702,SSGDA,0
320,-0.12689560335065783,-0.12450180234235411,0.0023938010083037198,-0.1190711306672749,SSGDA,0
340,-0.13479353134400565,-0.1325973890063805,0.002196142337625162,-0.12627005679887068,SSGDA,0
360,-0.12948377674106754,-0.12803796299148157,0.0014458137495859669,-0.1310788416521489,SSGDA,0
380,-0.1366749094245936,-0.13372378287152098,0.002951126553072614,-0.1343604762231782,SSGDA,0
400,-0.11871111046634136,-0.11905638108052452,-0.0003452706141831574,-0.13652683010345174,SSGDA,0
420,-0.1306720952226163,-0.12949112584002703,0.0011809693825892698,-0.1376897535624833,SSGDA,0
440,-0.13030250123538983,-0.12943012328581738,0.000872377949572456,-0.13881182573763923,SSGDA,0
460,-0.1494645347658978,-0.1464366728231535,0.003027861942744292,-0.1394781272631155,SSGDA,0
480,-0.15061398155364972,-0.1479958314909354,0.0026181500627143195,-0.1403683473693418,SSGDA,0
500,-0.1381139719864325,-0.13677532587169722,0.0013386461147352757,-0.14084823338353247,SSGDA,0
520,-0.14319883751875487,-0.1409000470406098,0.002298790478145074,-0.14092010443607936,SSGDA,0
540,-0.14165214035198176,-0.14013394817540553,0.0015181921765762274,-0.1409618587492557,SSGDA,0
560,-0.15173793508029337,-0.14808678841400702,0.0036511466662863534,-0.14117245540221446,SSGDA,0
580,-0.14368266026242887,-0.14120065686822364,0.0024820033942052344,-0.14110260487069815,SSGDA,0
600,-0.1444130915024961,-0.14171592811678213,0.002697163385713963,-0.14128152898033186,SSGDA,0
620,-0.1403733055309666,-0.13751071446582858,0.0028625910651380315,-0.1414765427334742,SSGDA,0
640,-0.15023841128481571,-0.14629190774529402,0.003946503539521695,-0.14126099949681595,SSGDA,0
660,-0.15603068002612785,-0.1519133943647239,0.004117285661403958,-0.141010237022049,SSGDA,0
680,-0.14128046542315104,-0.13915000880485218,0.0021304566182988594,-0.1412974661830365,SSGDA,0
700,-0.12861796930416936,-0.12758799439920226,0.0010299749049670903,-0.1412231766080015,SSGDA,0
720,-0.140109273767216,-0.1378627885580544,0.0022464852091615972,-0.141118636799415,SSGDA,0
740,-0.13368502508447358,-0.1322510634718835,0.0014339616125900734,-0.1408962396639135,SSGDA,0
760,-0.13818311887758472,-0.13615661977184396,0.0020264991057407644,-0.14086783279335885,SSGDA,0
780,-0.1359453803653991,-0.13476526214676587,0.0011801182186332304,-0.14101692268063748,SSGDA,0
800,-0.13229789713126916,-0.13180564584566862,0.0004922512856005423,-0.1408573556423196,SSGDA,0
820,-0.13422022915764842,-0.13332208028177417,0.0008981488758742495,-0.1409343045678021,SSGDA,0
840,-0.14015451921486502,-0.1390116387638833,0.0011428804509817092,-0.1408307614416938,SSGDA,0
860,-0.1283503412099168,-0.12860038713102526,-0.0002500459211084438,-0.14080953666667165,SSGDA,0
880,-0.14042681321882078,-0.13780945857314003,0.0026173546456807473,-0.14091795992218176,SSGDA,0
900,-0.148792010176447,-0.14479652460763787,0.003995485568809132,-0.14104211463868072,SSGDA,0
920,-0.15286009703487008,-0.14886136251643683,0.003998734518433245,-0.141313083372189,SSGDA,0
940,-0.13744776441135476,-0.13498727237933017,0.002460492032024586,-0.1410585992716007,SSGDA,0
960,-0.13378853463451676,-0.1322239451422401,0.001564589492276669,-0.1408311833174082,SSGDA,0
980,-0.13815081701937063,-0.13607867140481475,0.002072145614555876,-0.1406502158698301,SSGDA,0
1000,-0.13573770645901137,-0.13408601908508774,0.001651687373923627,-0.14071312969936364,SSGDA,0
1020,-0.13240461750528532,-0.13157521137674733,0.0008294061285379906,-0.14048383278304627,SSGDA,0
1040,-0.14033096398731215,-0.1385949542058441,0.0017360097814680397,-0.14057335802599275,SSGDA,0
1060,-0.13764441221759643,-0.13604448059768304,0.0015999316199133973,-0.14055428759975902,SSGDA,0
1080,-0.13944740583006313,-0.1369685739873446,0.0024788318427185208,-0.14046837219698846,SSGDA,0
1100,-0.15256061156534478,-0.14823287685515096,0.00432773471019382,-0.14012109645487147,SSGDA,0
1120,-0.14560459802518882,-0.1428114485824193,0.002793149442769538,-0.14035440501579471,SSGDA,0
1140,-0.14739603465562767,-0.14406724669086163,0.0033287879647660445,-0.14051134384128194,SSGDA,0
1160,-0.13469613997629482,-0.13270604101168126,0.0019900989646135514,-0.14041304336609778,SSGDA,0
1180,-0.13734656145924481,-0.1350658733681749,0.0022806880910699046,-0.14006525275652923,SSGDA,0
1200,-0.14936830490725855,-0.14598566961996007,0.0033826352872984855,-0.14012536992655766,SSGDA,0
1220,-0.14893336382240713,-0.1451517114281638,0.003781652394243329,-0.1405238455958393,SSGDA,0
1240,-0.1319163118867387,-0.1307526371749949,0.0011636747117437785,-0.14033908758997005,SSGDA,0
1260,-0.1347002465625839,-0.1331492953213168,0.0015509512412670845,-0.14018681733645483,SSGDA,0
1280,-0.14556962357376593,-0.14268160939290994,0.002888014180855991,-0.14048927100637107,SSGDA,0
1300,-0.1460438528833463,-0.1427865101738254,0.003257342709520883,-0.14070205725084053,SSGDA,0
1320,-0.1479529005719551,-0.14433448327815018,0.0036184172938049097,-0.14113893462396482,SSGDA,0
1340,-0.14159895944157488,-0.1390101863173928,0.0025887731241820977,-0.1409918101051437,SSGDA,0
1360,-0.14414648707545302,-0.14159831138384177,0.002548175691611254,-0.14104167781890364,SSGDA,0
1380,-0.15467451399254062,-0.15098951709811848,0.0036849968944221434,-0.14128588464990455,SSGDA,0
1400,-0.1567093021301679,-0.15136426350185603,0.005345038628311871,-0.1415832763652559,SSGDA,0
1420,-0.1559609088722782,-0.15074552686466208,0.005215382007616121,-0.14120549205708233,SSGDA,0
1440,-0.16238160989285766,-0.15687951523358507,0.005502094659272594,-0.14124643443799617,SSGDA,0
1460,-0.15915016906551072,-0.15450192122151218,0.004648247843998532,-0.14138453795528172,SSGDA,0
1480,-0.1504410250271104,-0.14724417124256264,0.0031968537845477596,-0.14165680341782652,SSGDA,0
1500,-0.14981053722172682,-0.14628675050367212,0.0035237867180547,-0.14178255355547437,SSGDA,0
1520,-0.1307577415101078,-0.12942980052537964,0.0013279409847281598,-0.14171487521684992,SSGDA,0
1540,-0.1418785127757226,-0.1392066250637976,0.002671887711925003,-0.14148402700844387,SSGDA,0
1560,-0.14278691430509421,-0.14024423148886034,0.0025426828162338766,-0.14134421387624607,SSGDA,0
1580,-0.14646075568526995,-0.1434880826757718,0.0029726730094981613,-0.1413325085361546,SSGDA,0
1600,-0.14636294478659712,-0.14331602689658723,0.0030469178900098814,-0.14152627883940788,SSGDA,0
1620,-0.13642218030621397,-0.13478860833533443,0.0016335719708795438,-0.14176743067238726,SSGDA,0
1640,-0.1540695003202882,-0.15045683213325678,0.0036126681870314314,-0.14173035644120713,SSGDA,0
1660,-0.14373291017267087,-0.14120216990267997,0.0025307402699908943,-0.14176865044374687,SSGDA,0
1680,-0.14005563940896143,-0.13789697315902205,0.0021586662499393783,-0.14175796637876786,SSGDA,0
1700,-0.1464289721338426,-0.1431918928038678,0.0032370793299748013,-0.14164316997851817,SSGDA,0
1720,-0.14475886588882259,-0.14207338219570986,0.0026854836931127224,-0.14159229832336417,SSGDA,0
1740,-0.14253273523381566,-0.14070496289628587,0.0018277723375297872,-0.14165040511873705,SSGDA,0
1760,-0.15233107431902176,-0.14873575611712342,0.0035953182018983454,-0.14164855946787075,SSGDA,0
1780,-0.15553592532206845,-0.15241298316473634,0.0031229421573321092,-0.14179047267085643,SSGDA,0
1800,-0.15160968820852067,-0.14894572658747102,0.0026639616210496486,-0.14191057888296005,SSGDA,0
1820,-0.1479667835353044,-0.14559019309581622,0.00237659043948818,-0.1420082480893538,SSGDA,0
1840,-0.15609744780440643,-0.15332123148582805,0.002776216318578384,-0.14208555234425285,SSGDA,0
1860,-0.1490728899211177,-0.14660033381015034,0.002472556110967361,-0.14219286249332805,SSGDA,0
1880,-0.1516277169958245,-0.14838717200151813,0.0032405449943063713,-0.14229803175891137,SSGDA,0
1900,-0.14735693507262926,-0.14436083375835385,0.0029961013142754123,-0.14227775452108332,SSGDA,0
1920,-0.16047995958767258,-0.15522873252775343,0.00525122705991915,-0.14236410356498552,SSGDA,0
1940,-0.1685630908816935,-0.16229334200405818,0.006269748877635317,-0.1423194543983017,SSGDA,0
1960,-0.1520527132277633,-0.14690709534768578,0.005145617880077502,-0.1421441317672876,SSGDA,0
1980,-0.13897075056385122,-0.13544273329030654,0.0035280172735446813,-0.141738438354284,SSGDA,0
2000,-0.1474617595632714,-0.14327655693853875,0.0041852026247326535,-0.14125245146043958,SSGDA,0
2020,-0.15452907796525028,-0.14898557358844677,0.00554350437680351,-0.14089878647331072,SSGDA,0
2040,-0.14112044009060384,-0.13786634332848133,0.003254096762122516,-0.14056550799761278,SSGDA,0
2060,-0.14964928446508452,-0.1456314952184719,0.004017789246612613,-0.14044680049824754,SSGDA,0
2080,-0.1503775031789133,-0.1468026916348133,0.0035748115440999984,-0.140665480994014,SSGDA,0
2100,-0.14229495362433392,-0.13930372982114891,0.002991223803185006,-0.1408077312015753,SSGDA,0
2120,-0.14449031547276853,-0.14157981881016674,0.0029104966626017914,-0.14077754032883383,SSGDA,0
2140,-0.1485981046030022,-0.1452262827135416,0.0033718218894606133,-0.14100646229432967,SSGDA,0
2160,-0.1431846028456579,-0.14020851081679161,0.002976092028866284,-0.1411577153661512,SSGDA,0
2180,-0.13853024266174116,-0.13616205876346052,0.0023681838982806402,-0.141049805751263,SSGDA,0
2200,-0.13419348633931005,-0.1325170487131116,0.001676437626198457,-0.14103239657575495,SSGDA,0
2220,-0.1516017605480219,-0.14704653845321627,0.004555222094805633,-0.14075720685157597,SSGDA,0
2240,-0.15048727818756627,-0.14635063914149057,0.004136639046075696,-0.1405472123997837,SSGDA,0
2260,-0.15783562274657953,-0.15299782999186962,0.004837792754709913,-0.14082665083577656,SSGDA,0
2280,-0.16047242816673887,-0.15582860548131902,0.004643822685419852,-0.1411049540050122,SSGDA,0
2300,-0.16257357647057796,-0.15659396902815842,0.005979607442419543,-0.14119128923749935,SSGDA,0
2320,-0.14402540634497268,-0.1400571240703104,0.0039682822746622826,-0.14084847205261997,SSGDA,0
2340,-0.1423120269612897,-0.1393362636771469,0.002975763284142785,-0.14067036604932653,SSGDA,0
2360,-0.14762176527971727,-0.14433198879888814,0.0032897764808291208,-0.14089121888716383,SSGDA,0
2380,-0.1335668732111176,-0.13156922213435485,0.001997651076762752,-0.14082922913589702,SSGDA,0
2400,-0.1263687561746011,-0.12576659630589662,0.0006021598687044882,-0.1407836570660194,SSGDA,0
2420,-0.13227706338398626,-0.1312473557482161,0.0010297076357701496,-0.1407328468833529,SSGDA,0
2440,-0.12151868133833432,-0.12208036301969016,-0.0005616816813558412,-0.14048781748940287,SSGDA,0
2460,-0.13526160495550144,-0.134234183434424,0.0010274215210774318,-0.14030775950294805,SSGDA,0
2480,-0.13880900476421615,-0.137257725845008,0.0015512789192081433,-0.1405411567677966,SSGDA,0
2500,-0.12595756024658403,-0.12560143222565487,0.0003561280209291584,-0.14044525635643204,SSGDA,0
2520,-0.13538961163352267,-0.13393251939418307,0.0014570922393395969,-0.1402720131496544,SSGDA,0
2540,-0.14000207347567803,-0.13812431449274806,0.0018777589829299668,-0.14064434042403776,SSGDA,0
2560,-0.13813044669769226,-0.13672827872902277,0.0014021679686694877,-0.14057377827093293,SSGDA,0
2580,-0.1327071693422551,-0.1320445913719215,0.0006625779703335888,-0.14095782882161215,SSGDA,0
2600,-0.13843020803398876,-0.1359270492105092,0.0025031588234795676,-0.1409995522259716,SSGDA,0
2620,-0.1351606525642183,-0.13316414737030055,0.0019965051939177525,-0.1404975225691841,SSGDA,0
2640,-0.14340024718514033,-0.14072080605764037,0.0026794411274999597,-0.14031891966386978,SSGDA,0
2660,-0.14270397452187436,-0.14021036458242295,0.0024936099394514133,-0.14051440413941516,SSGDA,0
2680,-0.14255665290033165,-0.1406044391836243,0.0019522137167073406,-0.14076054747638178,SSGDA,0
2700,-0.13696288056663114,-0.13540587610797983,0.001557004458651312,-0.14104393626765072,SSGDA,0
2720,-0.1473569880160694,-0.14428510894740842,0.0030718790686609654,-0.1409086963186914,SSGDA,0
2740,-0.14460081194174387,-0.14171430123555553,0.002886510706188339,-0.141166114438786,SSGDA,0
2760,-0.14692778823507463,-0.1437883806958638,0.0031394075392108256,-0.1413626753303439,SSGDA,0
2780,-0.14876753470620088,-0.14576517142609932,0.003002363280101561,-0.14133697769847178,SSGDA,0
2800,-0.1484051538895298,-0.14571660414541632,0.0026885497441134776,-0.14149070397138575,SSGDA,0
2820,-0.15121576441548346,-0.14827264577344462,0.0029431186420388333,-0.14167856820576713,SSGDA,0
2840,-0.1393033076338639,-0.1382925675465993,0.0010107400872645944,-0.14165678330172826,SSGDA,0
2860,-0.1467583059382151,-0.14428145101185735,0.002476854926357741,-0.14177657085461554,SSGDA,0
2880,-0.17015216433299765,-0.16315488048717045,0.006997283845827207,-0.14215921357425662,SSGDA,0
2900,-0.15883352631173464,-0.15343455716564736,0.005398969146087285,-0.14216170515320115,SSGDA,0
2920,-0.14146077850819977,-0.13846284682358723,0.0029979316846125426,-0.14200808764468886,SSGDA,0
2940,-0.1354620601944496,-0.13355157357565714,0.0019104866187924507,-0.14184918963107904,SSGDA,0
2960,-0.13592815118529972,-0.134517779188411,0.001410371996888704,-0.14178748745207598,SSGDA,0
2980,-0.1256273454916103,-0.12608168063432218,-0.00045433514271187025,-0.14161639369623935,SSGDA,0
3000,-0.14108972446287793,-0.13915349123227666,0.0019362332306012697,-0.14137042531948252,SSGDA,0
1,13.200112496177827,13.200276514318848,0.00016401814102096068,12.888019666277152,SSGDA,1
20,8.895263524126959,8.896079756426765,0.0008162322998064298,8.727951015211623,SSGDA,1
40,5.820871336070224,5.8216564135661795,0.0007850774959559104,5.789851954737344,SSGDA,1
60,3.7935746838920585,3.7942242264494794,0.0006495425574208902,3.8447790839517864,SSGDA,1
80,2.5372156523428373,2.537519952658165,0.00030430031532757695,2.552577137535389,SSGDA,1
100,1.627836731094142,1.6281339095747394,0.00029717848059740426,1.681020144256709,SSGDA,1
120,1.06835574928277,1.0685401135147492,0.00018436423197920604,1.108856516614608,SSGDA,1
140,0.7016395668139157,0.7016637055110612,2.4138697145459354e-05,0.7136279501183578,SSGDA,1
160,0.43486004771273035,0.43478470678302944,-7.534092970090667e-05,0.4418859152513193,SSGDA,1
180,0.24953766367333963,0.24950655403295413,-3.110964038549602e-05,0.2595832706072605,SSGDA,1
200,0.13499457979891683,0.13476616425989524,-0.00022841553902158696,0.13276380880124708,SSGDA,1
220,0.04633498694134254,0.04613250331428141,-0.00020248362706112855,0.04340720173069086,SSGDA,1
240,-0.01687230515896279,-0.01691971206066986,-4.740690170706996e-05,-0.018523805054019016,SSGDA,1
260,-0.0666964335869277,-0.06709913742991744,-0.0004027038429897378,-0.05950919473805555,SSGDA,1
280,-0.10075982775902266,-0.10110223979128401,-0.00034241203226134664,-0.08896760444287626,SSGDA,1
300,-0.12049613881657574,-0.12089106971162795,-0.00039493089505221457,-0.10762447357549067,SSGDA,1
320,-0.14032512179364104,-0.14080987307265125,-0.0004847512790102093,-0.11960024397942556,SSGDA,1
340,-0.1299393250805879,-0.129861715559583,7.760952100488439e-05,-0.12789050428490936,SSGDA,1
360,-0.136206637891297,-0.13633668990712638,-0.00013005201582938497,-0.13259107007675824,SSGDA,1
380,-0.13451301971790908,-0.13467844306929488,-0.00016542335138580722,-0.13557850070269095,SSGDA,1
400,-0.13267237378103489,-0.1327434077374466,-7.103395641172572e-05,-0.1373403466499412,SSGDA,1
420,-0.1359644244169046,-0.1361450315745848,-0.00018060715768020152,-0.13813405218780267,SSGDA,1
440,-0.14102705757486636,-0.14094547095735285,8.158661751350715e-05,-0.13902197883155662,SSGDA,1
460,-0.14249170538052636,-0.1423984222944491,9.3283086077256e-05,-0.13996034061105755,SSGDA,1
480,-0.13838698122812593,-0.13825503870030492,0.00013194252782100513,-0.14030412977114526,SSGDA,1
500,-0.15022272717376997,-0.15020052018284077,2.2206990929196646e-05,-0.14056452740749578,SSGDA,1
520,-0.1377691315980082,-0.1376042744468461,0.0001648571511621011,-0.14086257565634674,SSGDA,1
540,-0.13708007220022456,-0.13708133890098773,-1.2667007631694815e-06,-0.140918466517935,SSGDA,1
560,-0.1342476543718415,-0.13435726105775753,-0.00010960668591603051,-0.14089844545364272,SSGDA,1
580,-0.14532658285364736,-0.14544311092309525,-0.00011652806944789651,-0.14100786761379147,SSGDA,1
600,-0.14710711271357976,-0.1473416952419919,-0.00023458252841213056,-0.14149690803593215,SSGDA,1
620,-0.1473236414634269,-0.14717297828435566,0.00015066317907125315,-0.1418138553918757,SSGDA,1
640,-0.15819975493514782,-0.15835706311544667,-0.00015730818029885407,-0.1419103365368921,SSGDA,1
660,-0.1387986471225635,-0.1390042368237951,-0.00020558970123157883,-0.14216024959022427,SSGDA,1
680,-0.14707792295222188,-0.14729452105503726,-0.0002165981028153796,-0.14215639288304843,SSGDA,1
700,-0.1435092970402722,-0.14348493534249318,2.4361697779029523e-05,-0.14218524412517092,SSGDA,1
720,-0.15032670438652257,-0.15046989934284227,-0.00014319495631970325,-0.14221214258925885,SSGDA,1
740,-0.13148466548622428,-0.13142683718709508,5.78282991292034e-05,-0.14222348410385038,SSGDA,1
760,-0.12468353670905763,-0.12481522879832507,-0.00013169208926744336,-0.14197829156474245,SSGDA,1
780,-0.138040440649765,-0.13801672887288363,2.371177688137438e-05,-0.14170085525836212,SSGDA,1
800,-0.13708091293821828,-0.137102104566783,-2.119162856473178e-05,-0.14150741438755143,SSGDA,1
820,-0.14520910010109989,-0.14507841600174687,0.00013068409935301784,-0.14131106710128377,SSGDA,1
840,-0.1436308160809849,-0.1433798084145513,0.0002510076664336003,-0.1413788856557139,SSGDA,1
860,-0.1486130434125023,-0.14845817902469827,0.00015486438780404344,-0.14150209740042763,SSGDA,1
880,-0.14090991458829283,-0.1407759412040115,0.00013397338428133843,-0.14111801881497715,SSGDA,1
900,-0.13243141038588122,-0.1324459736439272,-1.4563258045996452e-05,-0.14091134763447274,SSGDA,1
920,-0.13526451572542902,-0.13536185620625563,-9.734048082660207e-05,-0.14083607726004088,SSGDA,1
940,-0.1388953031855235,-0.13886860890529412,2.6694280229389022e-05,-0.1408961790302699,SSGDA,1
960,-0.14815681020831484,-0.14825549580520114,-9.86855968863054e-05,-0.14087297830451356,SSGDA,1
980,-0.14189389889289133,-0.14190263405364345,-8.735160752115778e-06,-0.14114011453691455,SSGDA,1
1000,-0.14178895883031195,-0.14176238307360228,2.6575756709668052e-05,-0.14128105337364294,SSGDA,1
1020,-0.13875884863836765,-0.1392338933775263,-0.00047504473915865875,-0.14163175882736992,SSGDA,1
1040,-0.1390468574813445,-0.13949069303068856,-0.00044383554934407377,-0.14154268559739042,SSGDA,1
1060,-0.13507185002195987,-0.13512093211881998,-4.9082096860109115e-05,-0.14165493111477018,SSGDA,1
1080,-0.13755209057391948,-0.13793147544037554,-0.0003793848664560562,-0.14139632324770762,SSGDA,1
1100,-0.13605803014870746,-0.13594417173859322,0.00011385841011424258,-0.14132506629652028,SSGDA,1
1120,-0.13689778535109168,-0.13704747034224077,-0.0001496849911490905,-0.14109508489912956,SSGDA,1
1140,-0.14622062739969316,-0.14628198165761197,-6.135425791881088e-05,-0.14112645162483145,SSGDA,1
1160,-0.13691585131830902,-0.13695083489633553,-3.498357802650398e-05,-0.14103008787344384,SSGDA,1
1180,-0.14490834133819408,-0.14485327027653983,5.5071061654254905e-05,-0.1408341951950915,SSGDA,1
1200,-0.138891014386484,-0.13882031050260524,7.070388387875326e-05,-0.14073133307325725,SSGDA,1
1220,-0.14073297248553035,-0.1406006959665343,0.00013227651899605508,-0.1405612911249579,SSGDA,1
1240,-0.1506572142183244,-0.15095770070075692,-0.00030048648243252707,-0.1410022430531253,SSGDA,1
1260,-0.14010867358229706,-0.14009605384601737,1.261973627969537e-05,-0.14135022582679263,SSGDA,1
1280,-0.13617623941476115,-0.13639379672990565,-0.00021755731514450094,-0.14123759437739003,SSGDA,1
1300,-0.1382598476272715,-0.13829703196722543,-3.7184339953921786e-05,-0.1410709077292171,SSGDA,1
1320,-0.1448702915011189,-0.1446674879504835,0.0002028035506353998,-0.14132815414626965,SSGDA,1
1340,-0.1482116040579286,-0.14816691604071341,4.468801721518867e-05,-0.14148887087508433,SSGDA,1
1360,-0.14608660033460963,-0.14614644051020587,-5.9840175596237444e-05,-0.14145241938849462,SSGDA,1
1380,-0.14572483437457545,-0.14601520837592663,-0.0002903740013511791,-0.14163587634980557,SSGDA,1
1400,-0.13677509439859367,-0.13716511618607222,-0.000390021787478545,-0.14166220877602473,SSGDA,1
1420,-0.14553157446018733,-0.14591139234828537,-0.00037981788809804407,-0.14176320259638991,SSGDA,1
1440,-0.13972556279613285,-0.1398699031788453,-0.00014434038271243788,-0.14169153532430867,SSGDA,1
1460,-0.14094472361137272,-0.14080251388520487,0.00014220972616785232,-0.1416633051191699,SSGDA,1
1480,-0.14086628773761545,-0.14098494284281882,-0.00011865510520336908,-0.14151858557896063,SSGDA,1
1500,-0.13072809695198018,-0.13081261526919996,-8.451831721978387e-05,-0.14138481645286421,SSGDA,1
1520,-0.1296437657447237,-0.12994281755345827,-0.00029905180873457393,-0.1412249103521418,SSGDA,1
1540,-0.14188789546403716,-0.14169633261752648,0.00019156284651067335,-0.14108730801396177,SSGDA,1
1560,-0.14107858193521772,-0.14099782787515108,8.075406006663455e-05,-0.14099670880362442,SSGDA,1
1580,-0.14870277444269722,-0.14858631292642452,0.0001164615162727034,-0.141134291449148,SSGDA,1
1600,-0.15064248461006946,-0.1504592673988605,0.0001832172112089525,-0.14099958615337055,SSGDA,1
1620,-0.13734277277874118,-0.1370006885855402,0.0003420841932009755,-0.1405111818045794,SSGDA,1
1640,-0.13982147485828664,-0.1397721808155992,4.92940426874422e-05,-0.13994435362506505,SSGDA,1
1660,-0.13945684451839827,-0.1393935253595974,6.331915880086747e-05,-0.13992745270247262,SSGDA,1
1680,-0.13907803491197787,-0.1389593183310945,0.00011871658088336012,-0.13985272798895462,SSGDA,1
1700,-0.14643579576128585,-0.14627590591474648,0.00015988984653936278,-0.1402453213707483,SSGDA,1
1720,-0.14500709828206776,-0.14491003785638645,9.706042568130568e-05,-0.14015243987762782,SSGDA,1
1740,-0.14877786194235249,-0.14882649648028196,-4.863453792947059e-05,-0.14065733244997425,SSGDA,1
1760,-0.15406119502770915,-0.15401529683634263,4.58981913665224e-05,-0.1408859203177597,SSGDA,1
1780,-0.1528081377911815,-0.15253738664647767,0.000270751144703818,-0.14108756750155724,SSGDA,1
1800,-0.1603809607802322,-0.16022531242605428,0.00015564835417791745,-0.14110219018335848,SSGDA,1
1820,-0.16408440443118694,-0.16420357760418858,-0.00011917317300164099,-0.14133997802005394,SSGDA,1
1840,-0.1586154088267687,-0.1587136466368633,-9.823781009460353e-05,-0.14151666662861348,SSGDA,1
1860,-0.16087182199150657,-0.1608286861356103,4.3135855896270225e-05,-0.14177157032126886,SSGDA,1
1880,-0.1647383034961291,-0.16462008919833138,0.00011821429779773629,-0.14178230352624643,SSGDA,1
1900,-0.15135565763169068,-0.1514982833685597,-0.00014262573686901758,-0.14183919283997598,SSGDA,1
1920,-0.15355555795511872,-0.15359201423911262,-3.6456283993901994e-05,-0.14193062048029537,SSGDA,1
1940,-0.15077886201233837,-0.15068868509147332,9.017692086504825e-05,-0.14188680258937103,SSGDA,1
1960,-0.14718312310347154,-0.1469426887998736,0.00024043430359793616,-0.1417077588799308,SSGDA,1
1980,-0.1507734276352043,-0.15050109218121982,0.00027233545398447356,-0.1414366046546529,SSGDA,1
2000,-0.1535717324466935,-0.1534520079391283,0.00011972450756519981,-0.1414053967764208,SSGDA,1
2020,-0.14642167291081823,-0.14642975795032268,-8.085039504446279e-06,-0.1414482989161022,SSGDA,1
2040,-0.148601995515864,-0.14874322802821338,-0.00014123251234937628,-0.14156967409795745,SSGDA,1
2060,-0.14326107160755502,-0.14329910925442557,-3.803764687054789e-05,-0.14167181624751918,SSGDA,1
2080,-0.14372733620004013,-0.14376133114029233,-3.3994940252191075e-05,-0.1416190178807042,SSGDA,1
2100,-0.13994386245980225,-0.1400434797648534,-9.96173050511473e-05,-0.14166548370468765,SSGDA,1
2120,-0.1315235937047057,-0.13184846341073556,-0.0003248697060298511,-0.14179367586666566,SSGDA,1
2140,-0.12334756224548407,-0.12316473493811639,0.00018282730736768338,-0.14156310216680976,SSGDA,1
2160,-0.13552892225654117,-0.13554268543649428,-1.376317995310794e-05,-0.14094158165694332,SSGDA,1
2180,-0.1438679555729414,-0.14394726066838948,-7.930509544806785e-05,-0.14098983454210923,SSGDA,1
2200,-0.14397880704869565,-0.1441704361316875,-0.0001916290829918621,-0.1412644689642134,SSGDA,1
2220,-0.1402266994970946,-0.14025690612686836,-3.020662977376576e-05,-0.1416158226843004,SSGDA,1
2240,-0.13916151964338302,-0.13903834148279237,0.00012317816059065345,-0.14159229544619456,SSGDA,1
2260,-0.14960971826365693,-0.14951390266085718,9.581560279975365e-05,-0.14153713790862665,SSGDA,1
2280,-0.15359562005637978,-0.15357719915827028,1.8420898109494654e-05,-0.14153433222318845,SSGDA,1
2300,-0.16097024259606957,-0.16093333699695012,3.690559911945224e-05,-0.14152669169735815,SSGDA,1
2320,-0.15404904342381814,-0.1544808586032147,-0.0004318151793965552,-0.14175555702501336,SSGDA,1
2340,-0.15192603706774324,-0.1521296492756132,-0.00020361220786996315,-0.14189417967871845,SSGDA,1
2360,-0.14753081815882296,-0.14731629763315307,0.00021452052566989233,-0.141973339328331,SSGDA,1
2380,-0.15023631110175042,-0.15020180764458088,3.4503457169543506e-05,-0.14195108003953025,SSGDA,1
2400,-0.1394177498175268,-0.13934130714646675,7.644267106005076e-05,-0.14168548886613924,SSGDA,1
2420,-0.1271138438616587,-0.1271584427882932,-4.459892663449816e-05,-0.14139879280016998,SSGDA,1
2440,-0.13906279751081063,-0.13890396166778401,0.0001588358430266168,-0.14100921763228452,SSGDA,1
2460,-0.1405937326486377,-0.14050422495718465,8.950769145305015e-05,-0.14073859614578707,SSGDA,1
2480,-0.14889468804433217,-0.1487739387979918,0.0001207492463403681,-0.14056382260119618,SSGDA,1
2500,-0.1535706515126568,-0.1534149966049747,0.00015565490768210122,-0.14067193726581628,SSGDA,1
2520,-0.14523792701852462,-0.14509027897059018,0.00014764804793443442,-0.1407718567282628,SSGDA,1
2540,-0.1354178314561757,-0.1352538593677476,0.0001639720884281104,-0.14062445273562207,SSGDA,1
2560,-0.14235245728721055,-0.14225948760577492,9.296968143562845e-05,-0.14049046155162784,SSGDA,1
2580,-0.1386201768619086,-0.1385942146509976,2.596221091100137e-05,-0.14062140408598137,SSGDA,1
2600,-0.1398141520346342,-0.13987180967773205,-5.765764309784149e-05,-0.14067068836509256,SSGDA,1
2620,-0.14991193836488353,-0.15009929856924742,-0.00018736020436388445,-0.14098065678078298,SSGDA,1
2640,-0.1556366513895732,-0.15564528285653537,-8.631466962172318e-06,-0.14159954921508758,SSGDA,1
2660,-0.14089557083839507,-0.14106663562704116,-0.00017106478864609143,-0.1418209278587859,SSGDA,1
2680,-0.13467626043995054,-0.13485697000777028,-0.0001807095678197368,-0.1417699419837348,SSGDA,1
2700,-0.14217644043957095,-0.14222662358612614,-5.018314655519385e-05,-0.14165194801019193,SSGDA,1
2720,-0.13666226693329162,-0.13687119059125033,-0.00020892365795871504,-0.14164063026690296,SSGDA,1
2740,-0.14594326997874119,-0.14626217194944174,-0.00031890197070055804,-0.1417797403689483,SSGDA,1
2760,-0.1463938253230701,-0.14651691767742736,-0.00012309235435725707,-0.1418044723514743,SSGDA,1
2780,-0.14435177266103247,-0.1443080718338073,4.370082722515711e-05,-0.14179158468400951,SSGDA,1
2800,-0.13840009594845062,-0.138499621943224,-9.952599477336399e-05,-0.14158412452340183,SSGDA,1
2820,-0.1490040483506242,-0.149143043899286,-0.0001389955486618133,-0.14143395077272863,SSGDA,1
2840,-0.14928264060241064,-0.14916415388045595,0.00011848672195469145,-0.14157765683569068,SSGDA,1
2860,-0.14870589764645195,-0.1488086678594365,-0.00010277021298454869,-0.141624886244367,SSGDA,1
2880,-0.13914465852860003,-0.13922970555544245,-8.504702684242194e-05,-0.14153486593348374,SSGDA,1
2900,-0.1461810423992429,-0.14609884181862182,8.220058062108349e-05,-0.14167465432602816,SSGDA,1
2920,-0.14310559159154645,-0.142809308927473,0.00029628266407344395,-0.14162763989621113,SSGDA,1
2940,-0.1447073110055872,-0.1446872802078626,2.0030797724612803e-05,-0.1414348071053615,SSGDA,1
2960,-0.1612037958228184,-0.16135348310678482,-0.0001496872839664154,-0.14174868457510476,SSGDA,1
2980,-0.1492215919135808,-0.1493168174973432,-9.522558376240386e-05,-0.14177971423017754,SSGDA,1
3000,-0.13972354753409091,-0.13986980403114382,-0.0001462564970529101,-0.14172880988291534,SSGDA,1
1,12.161494768795428,12.160125790012291,-0.0013689787831374645,12.383703846018669,SSGDA,2
20,8.29119579234826,8.298252364407343,0.007056572059083166,8.415885959838343,SSGDA,2
40,5.533623431318584,5.544003931876623,0.010380500558039074,5.580362325359131,SSGDA,2
60,3.600393659561364,3.6044995229452033,0.0041058633838391145,3.679079179395456,SSGDA,2
80,2.4067511787850364,2.4120576136500635,0.005306434865027132,2.4081520097427886,SSGDA,2
100,1.5481415892523323,1.5511344751649019,0.0029928859125696317,1.5546311104748904,SSGDA,2
120,0.9925026887562427,0.9961914074300632,0.003688718673820479,0.9852958133281067,SSGDA,2
140,0.636684216721882,0.6404645930383738,0.0037803763164917514,0.6080353767174923,SSGDA,2
160,0.3754644851560105,0.3779798866361136,0.0025154014801030966,0.35801772439363155,SSGDA,2
180,0.2007151536726929,0.2018368218593207,0.0011216681866277889,0.18870879368517662,SSGDA,2
200,0.08673329737904631,0.08742350239819399,0.0006902050191476827,0.07809912485649831,SSGDA,2
220,0.012647027804125494,0.012780381931885465,0.00013335412775997146,0.005554882116353882,SSGDA,2
240,-0.01679613147386691,-0.016206083887097184,0.0005900475867697264,-0.04274197010796488,SSGDA,2
260,-0.050313852588777436,-0.04981360821013747,0.0005002443786399635,-0.07513644038997541,SSGDA,2
280,-0.0824384063881343,-0.0821220516710443,0.0003163547170899894,-0.09624037838069027,SSGDA,2
300,-0.09594467844062773,-0.09582078741264977,0.00012389102797796814,-0.1096546983917841,SSGDA,2
320,-0.10988009761773895,-0.10995663808207548,-7.65404643365275e-05,-0.11860903899117203,SSGDA,2
340,-0.13042985045093602,-0.13111727454648714,-0.0006874240955511146,-0.12453169665167219,SSGDA,2
360,-0.13387448147817355,-0.13459592033082918,-0.0007214388526556315,-0.12882797386928957,SSGDA,2
380,-0.12134362116104691,-0.12140360193444188,-5.998077339497421e-05,-0.13168230715762774,SSGDA,2
400,-0.11972330025962036,-0.11968436541860891,3.89348410114454e-05,-0.13335759617630016,SSGDA,2
420,-0.12567842501887866,-0.1258136111946217,-0.0001351861757430406,-0.1347191083972339,SSGDA,2
440,-0.12924276164381804,-0.1295281535291251,-0.0002853918853070736,-0.13604850353319148,SSGDA,2
460,-0.1201362247440163,-0.12004067642429742,9.55483197188911e-05,-0.13651550266716628,SSGDA,2
480,-0.12636253145165505,-0.1264277544091374,-6.522295748234708e-05,-0.1368396047473444,SSGDA,2
500,-0.14468657614490527,-0.14545967915616315,-0.0007731030112578807,-0.13740066520777555,SSGDA,2
520,-0.13904208713707455,-0.13973923274272304,-0.0006971456056484859,-0.13836375069294493,SSGDA,2
540,-0.13821130496420178,-0.1388193851421913,-0.0006080801779895229,-0.1388977426301076,SSGDA,2
560,-0.12311397381041861,-0.12313468327577437,-2.070946535576157e-05,-0.13886972786000856,SSGDA,2
580,-0.13204179420114054,-0.13233692916854056,-0.00029513496740002365,-0.1389274609844276,SSGDA,2
600,-0.1330287701918298,-0.13347033051220453,-0.00044156032037473425,-0.13924711170302345,SSGDA,2
620,-0.13881947738388173,-0.1396013984990877,-0.0007819211152059746,-0.1396347455309221,SSGDA,2
640,-0.14086833124532602,-0.14169453963548426,-0.000826208390158234,-0.13994261815371714,SSGDA,2
660,-0.13058483179965968,-0.13131083796028997,-0.0007260061606302881,-0.1401711998712855,SSGDA,2
680,-0.14446269227977193,-0.14582597105752032,-0.001363278777748389,-0.14037356458827233,SSGDA,2
700,-0.14420845439997912,-0.1450317070532082,-0.0008232526532290785,-0.1407337083395783,SSGDA,2
720,-0.1476955525817386,-0.14893347947044505,-0.001237926888706442,-0.1410072901450718,SSGDA,2
740,-0.13472947262874127,-0.1355441169227166,-0.0008146442939753196,-0.14107869135554,SSGDA,2
760,-0.14553848756985818,-0.14684668088728683,-0.001308193317428652,-0.14113763435560214,SSGDA,2
780,-0.13745787338298665,-0.13824586549756868,-0.0007879921145820257,-0.14124117415479714,SSGDA,2
800,-0.13851245309776747,-0.13923139058552422,-0.0007189374877567545,-0.14098657565398195,SSGDA,2
820,-0.1381280198871478,-0.13893059255323043,-0.0008025726660826349,-0.1408331606501782,SSGDA,2
840,-0.13356048786376684,-0.1342923924986903,-0.0007319046349234526,-0.14104667440484187,SSGDA,2
860,-0.1316543273314738,-0.13225231804213639,-0.000597990710662577,-0.1407196624563684,SSGDA,2
880,-0.1326509497138799,-0.1331624940419606,-0.0005115443280807042,-0.14062607240801614,SSGDA,2
900,-0.13528657985569975,-0.1360691502416379,-0.0007825703859381528,-0.14072948227336107,SSGDA,2
920,-0.14609321311078236,-0.1472301473839586,-0.0011369342731762377,-0.14106133818164726,SSGDA,2
940,-0.13705328849104664,-0.13800210783259492,-0.0009488193415482793,-0.1412443479794695,SSGDA,2
960,-0.13381483179762527,-0.13464013921145046,-0.0008253074138251937,-0.1409213233784048,SSGDA,2
980,-0.1330351876420638,-0.13368659999461424,-0.0006514123525504512,-0.14068212167517546,SSGDA,2
1000,-0.13833895994781065,-0.13896953543469176,-0.0006305754868811131,-0.1405512659978051,SSGDA,2
1020,-0.1370498589482636,-0.1376498871231419,-0.0006000281748783087,-0.14105177496047672,SSGDA,2
1040,-0.1413641411925625,-0.1420705880975717,-0.0007064469050092059,-0.14083679637108318,SSGDA,2
1060,-0.131711789790159,-0.1324443039651658,-0.0007325141750068043,-0.14074765399309644,SSGDA,2
1080,-0.1348978016643848,-0.13572967750770404,-0.0008318758433192297,-0.1407609141749172,SSGDA,2
1100,-0.13774709787206735,-0.13857744384494897,-0.0008303459728816187,-0.14071595756526156,SSGDA,2
1120,-0.14076996785191578,-0.1414698437064187,-0.0006998758545029293,-0.14092765930326376,SSGDA,2
1140,-0.1356918480783566,-0.13611982129247313,-0.0004279732141165282,-0.14070470546049696,SSGDA,2
1160,-0.15022996525468582,-0.1514763664528946,-0.0012464011982087908,-0.14096642923310607,SSGDA,2
1180,-0.15983030938374637,-0.16153359671649842,-0.001703287332752046,-0.14121038617132609,SSGDA,2
1200,-0.15955547212554355,-0.16130088803635678,-0.0017454159108132306,-0.14180072256107035,SSGDA,2
1220,-0.1500884012903047,-0.15122342928565963,-0.0011350279953549203,-0.14196096656885798,SSGDA,2
1240,-0.1568667983272846,-0.15830039895226303,-0.0014336006249784372,-0.14178913439138827,SSGDA,2
1260,-0.1537614463919142,-0.15527383270719158,-0.001512386315277392,-0.1418856860156099,SSGDA,2
1280,-0.13364708603687828,-0.1343779598810422,-0.0007308738441639262,-0.14170589484275073,SSGDA,2
1300,-0.1497585201483691,-0.15109991385786692,-0.0013413937094978179,-0.14171912421111993,SSGDA,2
1320,-0.14040622512022302,-0.1413734990602876,-0.0009672739400645725,-0.141838091668844,SSGDA,2
1340,-0.14049142936703934,-0.14139038640949142,-0.0008989570424520754,-0.14172819602295172,SSGDA,2
1360,-0.14262841407642612,-0.14345706961341664,-0.0008286555369905191,-0.14174688244371475,SSGDA,2
1380,-0.14147757957460394,-0.1423337657178323,-0.0008561861432283546,-0.14165488743880666,SSGDA,2
1400,-0.1367132765100112,-0.13741393694549614,-0.0007006604354849455,-0.14169492966509545,SSGDA,2
1420,-0.14025417611019578,-0.1410824480158651,-0.0008282719056693089,-0.14148987450623676,SSGDA,2
1440,-0.1477305258892154,-0.14886641577836943,-0.0011358898891540292,-0.14148757881259946,SSGDA,2
1460,-0.1414092041629717,-0.14208086563956474,-0.0006716614765930329,-0.14164914077213991,SSGDA,2
1480,-0.13725008890626966,-0.13776121632637173,-0.0005111274201020644,-0.14155013908274944,SSGDA,2
1500,-0.1344528108053214,-0.13494539282627666,-0.0004925820209552567,-0.14132176353057313,SSGDA,2
1520,-0.1366619908656056,-0.13732806034549205,-0.0006660694798864553,-0.14117198988483892,SSGDA,2
1540,-0.13402988750836484,-0.1344770621231091,-0.00044717461474425013,-0.14095289093182092,SSGDA,2
1560,-0.13350947193676588,-0.13415232117049503,-0.000642849233729148,-0.14077443098289716,SSGDA,2
1580,-0.13812547089298566,-0.1387544060312813,-0.0006289351382956498,-0.14085426751166946,SSGDA,2
1600,-0.14089088487235985,-0.1418032349348909,-0.0009123500625310421,-0.1407039869696376,SSGDA,2
1620,-0.14814786397306143,-0.14938969915899283,-0.0012418351859314058,-0.1407558965693181,SSGDA,2
1640,-0.14612668064045187,-0.14727824083048396,-0.001151560190032097,-0.14117136716958256,SSGDA,2
1660,-0.1341109443122881,-0.13488025917054025,-0.000769314858252157,-0.14120288412164805,SSGDA,2
1680,-0.1384282830902111,-0.1391340755980433,-0.0007057925078322036,-0.1410152794557279,SSGDA,2
1700,-0.13763056760095557,-0.1388188232683932,-0.0011882556674376321,-0.1410577040226855,SSGDA,2
1720,-0.1371690047618543,-0.13827772185111384,-0.0011087170892595255,-0.14108202253260746,SSGDA,2
1740,-0.14963351520228316,-0.15126285410826226,-0.0016293389059791052,-0.14120523091450796,SSGDA,2
1760,-0.1547866516552503,-0.15641217366147947,-0.0016255220062291742,-0.14142798360279374,SSGDA,2
1780,-0.15772811121247546,-0.1594625850283167,-0.001734473815841242,-0.14194886050663977,SSGDA,2
1800,-0.15932915168124284,-0.1611369090728455,-0.0018077573916026601,-0.1422705441667414,SSGDA,2
1820,-0.13944338325308792,-0.13988626622438372,-0.00044288297129579934,-0.1422204672277685,SSGDA,2
1840,-0.16591309548942762,-0.16776961951589447,-0.0018565240264668548,-0.1420776170835386,SSGDA,2
1860,-0.1442169060848118,-0.1451766342267199,-0.0009597281419080894,-0.14217302205660076,SSGDA,2
1880,-0.1448486037405879,-0.14581414416422106,-0.000965540423633171,-0.14200575978326824,SSGDA,2
1900,-0.1560269743008904,-0.15758135685333674,-0.0015543825524463317,-0.14192545305183396,SSGDA,2
1920,-0.14783612184295514,-0.14906846473545476,-0.0012323428924996271,-0.14189560196765894,SSGDA,2
1940,-0.15019887253496578,-0.1517884189294515,-0.001589546394485719,-0.14202627326230527,SSGDA,2
1960,-0.14971017759755795,-0.1510691494737899,-0.0013589718762319625,-0.14193350236947877,SSGDA,2
1980,-0.1401540616829139,-0.14089989543694686,-0.0007458337540329762,-0.14180241792235238,SSGDA,2
2000,-0.14760423806689918,-0.14872977841883425,-0.0011255403519350726,-0.14175752239778902,SSGDA,2
2020,-0.1344170460777738,-0.1349639891250838,-0.0005469430473100112,-0.14156595441518668,SSGDA,2
2040,-0.13335162374382079,-0.13395579581700887,-0.0006041720731880806,-0.14132493733088833,SSGDA,2
2060,-0.14018772351126751,-0.14118913405877404,-0.0010014105475065205,-0.14113668823293135,SSGDA,2
2080,-0.143863024885104,-0.14513052582190789,-0.0012675009368038892,-0.1413886136183688,SSGDA,2
2100,-0.1509265081647433,-0.1525609535752256,-0.0016344454104822992,-0.14175635308498774,SSGDA,2
2120,-0.14021376808246672,-0.14140795932318279,-0.0011941912407160693,-0.14180661672320116,SSGDA,2
2140,-0.14121649840738026,-0.1423611033995158,-0.001144604992135534,-0.14182492400136232,SSGDA,2
2160,-0.14455000705620524,-0.14572578523203572,-0.0011757781758304775,-0.1419031814162255,SSGDA,2
2180,-0.1346814286838439,-0.13522449336420453,-0.0005430646803606387,-0.1418370933322319,SSGDA,2
2200,-0.12671478358327137,-0.12671975549068426,-4.971907412887333e-06,-0.1415258275112506,SSGDA,2
2220,-0.14928477299642118,-0.15029580254467062,-0.0010110295482494425,-0.14139932314420178,SSGDA,2
2240,-0.13708664720275932,-0.13777318915244563,-0.0006865419496863145,-0.14126619873572488,SSGDA,2
2260,-0.13733806895170395,-0.13773725988382543,-0.0003991909321214848,-0.14107698441007546,SSGDA,2
2280,-0.1320908279777081,-0.13228028025782956,-0.00018945228012146043,-0.14075145935916417,SSGDA,2
2300,-0.1333436324381389,-0.13367207080860444,-0.0003284383704655336,-0.14034614639518345,SSGDA,2
2320,-0.13744028725285423,-0.13796004064138362,-0.000519753388529387,-0.1400227151171145,SSGDA,2
2340,-0.13001722170859692,-0.1304176954857566,-0.00040047377715968224,-0.1402822038827672,SSGDA,2
2360,-0.13052612181418533,-0.13090684138785758,-0.0003807195736722502,-0.14013509387738882,SSGDA,2
2380,-0.13979486131728852,-0.1405220085688384,-0.0007271472515498756,-0.14015014607569937,SSGDA,2
2400,-0.1465762130475041,-0.14746317197303385,-0.0008869589255297572,-0.1402931238132579,SSGDA,2
2420,-0.15379633627885134,-0.15495949003861662,-0.0011631537597652786,-0.14083201040130652,SSGDA,2
2440,-0.15424061846475268,-0.15544711568623604,-0.0012064972214833602,-0.1410491336860249,SSGDA,2
2460,-0.1471490573638821,-0.14804610327910958,-0.0008970459152274901,-0.14109775960172208,SSGDA,2
2480,-0.13669752397985405,-0.13744344102243275,-0.0007459170425787032,-0.14116698309604073,SSGDA,2
2500,-0.14214646955123714,-0.1431164048835438,-0.0009699353323066595,-0.14117796707270727,SSGDA,2
2520,-0.1375876897680411,-0.13839004150463352,-0.0008023517365924326,-0.1414489942461442,SSGDA,2
2540,-0.13182626327392488,-0.13232738343536088,-0.0005011201614359972,-0.14124428780124587,SSGDA,2
2560,-0.13973303575561008,-0.14070979177978898,-0.0009767560241789042,-0.1414225591269238,SSGDA,2
2580,-0.14822338705211358,-0.14961156310889845,-0.0013881760567848733,-0.14159548470250505,SSGDA,2
2600,-0.1395075104288459,-0.14059748659416715,-0.0010899761653212492,-0.1416725601817586,SSGDA,2
2620,-0.14420643881302267,-0.14543326710256013,-0.0012268282895374627,-0.1417751891374641,SSGDA,2
2640,-0.12968482089417044,-0.13061750434169367,-0.0009326834475232304,-0.14177807073445947,SSGDA,2
2660,-0.12691571016771735,-0.12750158688341096,-0.0005858767156936007,-0.1413674841355903,SSGDA,2
2680,-0.126418856880735,-0.12689899168194835,-0.00048013480121333885,-0.14098047648277662,SSGDA,2
2700,-0.13388383375690355,-0.13432574310095485,-0.00044190934405130555,-0.14071757388922296,SSGDA,2
2720,-0.13323004269824062,-0.13366861929802365,-0.0004385765997830249,-0.1407516339090425,SSGDA,2
2740,-0.13603046360359197,-0.13677455614821246,-0.0007440925446204893,-0.1407116699614874,SSGDA,2
2760,-0.1437673589691802,-0.14461023725387417,-0.000842878284693982,-0.14078843181581058,SSGDA,2
2780,-0.1348722282200095,-0.1353566924367391,-0.0004844642167295965,-0.1406502551741553,SSGDA,2
2800,-0.133916077635427,-0.13466174796865726,-0.0007456703332302528,-0.14068341233846443,SSGDA,2
2820,-0.14197572054175928,-0.14321322090280214,-0.0012375003610428648,-0.14087361215184135,SSGDA,2
2840,-0.1333345746013009,-0.133901630919916,-0.000567056318615089,-0.140815923286675,SSGDA,2
2860,-0.13316656111615086,-0.1336887582820304,-0.0005221971658795344,-0.14079397702579247,SSGDA,2
2880,-0.14337145869375117,-0.144466790402353,-0.001095331708601821,-0.14078426962158236,SSGDA,2
2900,-0.13854206452179318,-0.13944494278454866,-0.0009028782627554799,-0.14085283881703958,SSGDA,2
2920,-0.14008370846682444,-0.14086108044005724,-0.0007773719732327988,-0.14092586268317941,SSGDA,2
2940,-0.14554476152581242,-0.1465427384587007,-0.0009979769328882782,-0.1408739093978636,SSGDA,2
2960,-0.14256495233203179,-0.14390845567646524,-0.0013435033444334499,-0.1410189107803448,SSGDA,2
2980,-0.15325399828451317,-0.1546319824258102,-0.0013779841412970284,-0.14126491632076252,SSGDA,2
3000,-0.16125109444365873,-0.16313655457929446,-0.0018854601356357303,-0.14168685963382407,SSGDA,2
1,12.662706334759132,12.66200212048541,-0.000704214273723025,13.135052239721624,SSGDA,3
20,8.70927875109454,8.715562744238547,0.0062839931440059615,8.941425583266644,SSGDA,3
40,5.82002333797914,5.828554176255664,0.008530838276524122,5.917187707984064,SSGDA,3
60,3.864876333911771,3.8721036281865215,0.007227294274750662,3.8943219295231373,SSGDA,3
80,2.5123229520401584,2.515646847484357,0.0033238954441987545,2.5346813240583375,SSGDA,3
100,1.6629030568999623,1.6681653087979,0.00526225189793772,1.6371921161555871,SSGDA,3
120,1.0427880909560279,1.0449357358782614,0.002147644922233516,1.0328635243353321,SSGDA,3
140,0.6172351760341364,0.6164530820989949,-0.0007820939351415035,0.6327127390190235,SSGDA,3
160,0.3522517125319229,0.35071231789998364,-0.0015393946319392504,0.371267896729753,SSGDA,3
180,0.1871941733077177,0.18607967491826333,-0.001114498389454377,0.19732771885433298,SSGDA,3
200,0.07391518440966524,0.07267030422295143,-0.0012448801867138148,0.08285784982202327,SSGDA,3
220,0.023486185312053848,0.024274257262655363,0.0007880719506015155,0.006754202098864653,SSGDA,3
240,-0.03582072429595773,-0.03577600653269261,4.471776326511745e-05,-0.044886084592406644,SSGDA,3
260,-0.07074643081141449,-0.07082732717797291,-8.089636655841947e-05,-0.0777026620006453,SSGDA,3
280,-0.09712527282568836,-0.09744370298830507,-0.0003184301626167063,-0.09969689175935922,SSGDA,3
300,-0.10115143359968601,-0.10130103118395992,-0.00014959758427390835,-0.11439278090781999,SSGDA,3
320,-0.12210601672409593,-0.12285541792339322,-0.0007494011992972838,-0.1230904106518998,SSGDA,3
340,-0.13223432634072274,-0.1334364206932835,-0.0012020943525607453,-0.12886974488088326,SSGDA,3
360,-0.13402905726587758,-0.13499280934019978,-0.0009637520743221994,-0.13314849348613675,SSGDA,3
380,-0.13112125877215056,-0.13170042769516424,-0.0005791689230136843,-0.13571173669286477,SSGDA,3
400,-0.13089705198361934,-0.1313927428559294,-0.0004956908723100506,-0.13740569547960008,SSGDA,3
420,-0.13552264789564483,-0.1359872719154016,-0.00046462401975677636,-0.1389461565722382,SSGDA,3
440,-0.14028757680734386,-0.14119212597963046,-0.0009045491722866061,-0.13944112469398132,SSGDA,3
460,-0.1288359112688063,-0.12909518655485672,-0.00025927528605040884,-0.13979503114921124,SSGDA,3
480,-0.12864095168123127,-0.1288593384818321,-0.00021838680060082272,-0.13994717020097672,SSGDA,3
500,-0.13672223588508686,-0.1371272248674234,-0.00040498898233654046,-0.14014941358612443,SSGDA,3
520,-0.13799995460561926,-0.13838884222599934,-0.00038888762038008506,-0.13989575605150312,SSGDA,3
540,-0.1275418675785256,-0.12776631005196987,-0.00022444247344427515,-0.14003080551241415,SSGDA,3
560,-0.13457553880400352,-0.13524561421690623,-0.0006700754129027042,-0.1402492912280041,SSGDA,3
580,-0.14411200685107917,-0.14498793284126116,-0.0008759259901819916,-0.1404618834956738,SSGDA,3
600,-0.14222481855300736,-0.14302904901980598,-0.0008042304667986166,-0.1408167204023875,SSGDA,3
620,-0.14066467900049948,-0.14134193898037653,-0.000677259979877054,-0.14103247970388774,SSGDA,3
640,-0.1341036548982255,-0.13445143907847662,-0.00034778418025110946,-0.14063213192259927,SSGDA,3
660,-0.13338261885978148,-0.1337111055414087,-0.00032848668162721584,-0.1406012753108825,SSGDA,3
680,-0.1408690657793538,-0.14158687139970863,-0.0007178056203548389,-0.14066766025047614,SSGDA,3
700,-0.1363825730781541,-0.13684435859695676,-0.00046178551880265983,-0.1408284633618066,SSGDA,3
720,-0.13983235863835736,-0.1403269984969977,-0.0004946398586403444,-0.14109216835287713,SSGDA,3
740,-0.13395794393943028,-0.13426659454052453,-0.00030865060109425135,-0.14113789970357504,SSGDA,3
760,-0.141475438313239,-0.1421915736359351,-0.0007161353226960987,-0.14108621887003298,SSGDA,3
780,-0.14246257397321027,-0.14315161449224856,-0.0006890405190382864,-0.14101680247110465,SSGDA,3
800,-0.13702350826663998,-0.13764571608797035,-0.0006222078213303783,-0.14117640183741717,SSGDA,3
820,-0.1412670027816252,-0.14211547237925717,-0.0008484695976319623,-0.14141544536722547,SSGDA,3
840,-0.1442936337872902,-0.14515085259562932,-0.0008572188083391108,-0.1415434263419582,SSGDA,3
860,-0.14328861611365037,-0.1440735456083623,-0.0007849294947119279,-0.1414493229724131,SSGDA,3
880,-0.13773643389672516,-0.1384037165578839,-0.0006672826611587301,-0.1414147985529355,SSGDA,3
900,-0.135300148889479,-0.13597749278191795,-0.000677343892438953,-0.14132052324044925,SSGDA,3
920,-0.13116736219528877,-0.1315806465111927,-0.0004132843159039279,-0.14107288041304908,SSGDA,3
940,-0.13020021852905245,-0.1303479673370605,-0.00014774880800805246,-0.14083595156012985,SSGDA,3
960,-0.14812467320688558,-0.14896041657148565,-0.0008357433646000723,-0.14076377114765246,SSGDA,3
980,-0.13818326630151484,-0.13884745622181027,-0.0006641899202954327,-0.14062859301404634,SSGDA,3
1000,-0.12982609633158843,-0.13011447187289488,-0.0002883755413064515,-0.14074097104213007,SSGDA,3
1020,-0.13323107316440275,-0.13355721728594339,-0.0003261441215406391,-0.1402996213874927,SSGDA,3
1040,-0.1336522364026637,-0.13404309620080093,-0.00039085979813724414,-0.1401808600713679,SSGDA,3
1060,-0.13077325077336188,-0.13107420429602873,-0.00030095352266684694,-0.1401465579252767,SSGDA,3
1080,-0.13587750824489225,-0.13657108660556294,-0.000693578360670688,-0.14028320074892364,SSGDA,3
1100,-0.14718360517405238,-0.1483247355664648,-0.001141130392412426,-0.14033892062631476,SSGDA,3
1120,-0.15187350379506992,-0.15309229801902702,-0.0012187942239570981,-0.1409288196259884,SSGDA,3
1140,-0.14398867805272092,-0.14471159782788662,-0.0007229197751656979,-0.14106130816572782,SSGDA,3
1160,-0.14482539307270936,-0.14565787622618337,-0.0008324831534740063,-0.14150706322965362,SSGDA,3
1180,-0.1550884035554707,-0.1563871896576286,-0.0012987861021578895,-0.1419570244934062,SSGDA,3
1200,-0.1524401109458901,-0.15369021806418143,-0.0012501071182913215,-0.14209851265676415,SSGDA,3
1220,-0.15454823975779564,-0.15578983485560238,-0.001241595097806747,-0.14216510943000188,SSGDA,3
1240,-0.14984811525945407,-0.15091138713608043,-0.0010632718766263594,-0.14216760412920437,SSGDA,3
1260,-0.14702076241112322,-0.1479672367730563,-0.0009464743619330696,-0.14206776223849227,SSGDA,3
1280,-0.1409900478208566,-0.14193110330602304,-0.000941055485166431,-0.142126335529614,SSGDA,3
1300,-0.14667785160207192,-0.14771382797100951,-0.0010359763689375967,-0.14212739877767272,SSGDA,3
1320,-0.15260271014749544,-0.15384953806051005,-0.0012468279130146143,-0.14209624903037582,SSGDA,3
1340,-0.15332579139099542,-0.1545652849220647,-0.00123949353106928,-0.14205462153967255,SSGDA,3
1360,-0.1479105457284935,-0.1489733003014404,-0.0010627545729469112,-0.14203605431832772,SSGDA,3
1380,-0.1484995470390481,-0.14953591689100482,-0.0010363698519567088,-0.1418635811334351,SSGDA,3
1400,-0.15166598562479597,-0.15290495088108483,-0.0012389652562888598,-0.1419001490404073,SSGDA,3
1420,-0.13830914189555005,-0.1387679082191508,-0.00045876632360075664,-0.1417303763861507,SSGDA,3
1440,-0.14544951222393734,-0.1462704593926091,-0.0008209471686717595,-0.14152574459149062,SSGDA,3
1460,-0.14231163349554926,-0.14299853555952974,-0.0006869020639804768,-0.1413207112647784,SSGDA,3
1480,-0.13975223661145003,-0.14049373376213825,-0.0007414971506882195,-0.14118080550221845,SSGDA,3
1500,-0.14068480342790957,-0.1414988603360549,-0.0008140569081453441,-0.14128979284514437,SSGDA,3
1520,-0.15036957070684392,-0.15125159962539503,-0.0008820289185511032,-0.1411369582433183,SSGDA,3
1540,-0.15293190650812974,-0.15398548079750637,-0.0010535742893766353,-0.14106810179831045,SSGDA,3
1560,-0.14955136039083805,-0.15043079536354398,-0.0008794349727059281,-0.14119190555342048,SSGDA,3
1580,-0.13268768433304318,-0.1329576654526341,-0.00026998111959092297,-0.1407657335080016,SSGDA,3
1600,-0.1377034825949368,-0.13822038650148788,-0.0005169039065510694,-0.1404849084371363,SSGDA,3
1620,-0.1430247683903461,-0.14372246444685882,-0.0006976960565127088,-0.1404720958198763,SSGDA,3
1640,-0.14558079522080988,-0.14636639579500424,-0.0007856005741943561,-0.14055516569124335,SSGDA,3
1660,-0.13114567229561744,-0.13139849758453928,-0.00025282528892184297,-0.1403588790870199,SSGDA,3
1680,-0.14043288093725098,-0.14101170830591941,-0.0005788273686684331,-0.14014951568266698,SSGDA,3
1700,-0.1454955411379799,-0.14627670970498013,-0.0007811685670002233,-0.1401357771186439,SSGDA,3
1720,-0.13973727045992612,-0.1402833684182792,-0.0005460979583530867,-0.14030693745931244,SSGDA,3
1740,-0.14764598443929292,-0.14844854536679306,-0.00080256092750014,-0.14037400295559624,SSGDA,3
1760,-0.11801723235348138,-0.11784245742854033,0.00017477492494105684,-0.1401472463409938,SSGDA,3
1780,-0.1331441814657926,-0.13358338429383793,-0.0004392028280453264,-0.13997370584393248,SSGDA,3
1800,-0.14085409459464648,-0.1417736169480444,-0.000919522353397928,-0.14053621159371094,SSGDA,3
1820,-0.15010911575546992,-0.15122332083234924,-0.0011142050768793155,-0.14096900149283542,SSGDA,3
1840,-0.16001186214104895,-0.1616285384039211,-0.001616676262872152,-0.1416878652324588,SSGDA,3
1860,-0.1521319878393943,-0.15343162206789318,-0.0012996342284988804,-0.14216259577234697,SSGDA,3
1880,-0.143823654174628,-0.14497726610675826,-0.0011536119321302607,-0.14234223824386122,SSGDA,3
1900,-0.13208141870204787,-0.1326921681475272,-0.0006107494454793416,-0.14219665614903354,SSGDA,3
1920,-0.13731902211559727,-0.13791381315401213,-0.0005947910384148658,-0.1419741514179213,SSGDA,3
1940,-0.1338946028665094,-0.13445628731364523,-0.0005616844471358351,-0.14171901940091386,SSGDA,3
1960,-0.12660753103143713,-0.1267546443506437,-0.0001471133192065821,-0.1414041746905521,SSGDA,3
1980,-0.12524167427185778,-0.12530384127326233,-6.216700140454501e-05,-0.14091978145074874,SSGDA,3
2000,-0.13676131170487255,-0.13716873018436898,-0.0004074184794964353,-0.14089480941840854,SSGDA,3
2020,-0.14869052063245292,-0.1496092283689241,-0.0009187077364711804,-0.14089420116080348,SSGDA,3
2040,-0.1454819355335516,-0.14608023559721978,-0.0005983000636681779,-0.14079527841703848,SSGDA,3
2060,-0.13578126338710794,-0.1361548569160082,-0.0003735935289002623,-0.14036887330776948,SSGDA,3
2080,-0.13795140848607787,-0.13843253528795915,-0.000481126801881282,-0.14025367802146774,SSGDA,3
2100,-0.1424163080220084,-0.14302065199398356,-0.0006043439719751742,-0.1403574575856994,SSGDA,3
2120,-0.13109729168531092,-0.13126780952575945,-0.00017051784044852525,-0.14023822211131148,SSGDA,3
2140,-0.13673086999216583,-0.1371152432455135,-0.0003843732533476696,-0.13953591097383866,SSGDA,3
2160,-0.12414579885461202,-0.12411615833084122,2.9640523770801952e-05,-0.13905668343899885,SSGDA,3
2180,-0.12846249040630697,-0.12866032585366383,-0.00019783544735685332,-0.13876189313701887,SSGDA,3
2200,-0.13195915196475544,-0.13230207844539837,-0.0003429264806429355,-0.13906727168546634,SSGDA,3
2220,-0.13110735912865878,-0.13135519711112076,-0.00024783798246197364,-0.13917063269613705,SSGDA,3
2240,-0.13758778850716938,-0.1381335308342672,-0.000545742327097809,-0.1392358969702769,SSGDA,3
2260,-0.1407352392586354,-0.14143349407685113,-0.0006982548182157267,-0.1396926956233761,SSGDA,3
2280,-0.13845988375887675,-0.13906861881837163,-0.0006087350594948804,-0.13997472200893168,SSGDA,3
2300,-0.12460877716628066,-0.12454978896413438,5.8988202146281754e-05,-0.13995264652510014,SSGDA,3
2320,-0.12873878455822546,-0.1287751551685149,-3.637061028943789e-05,-0.13917169185746164,SSGDA,3
2340,-0.12993205633448215,-0.1299094802931751,2.2576041307065253e-05,-0.13871338798771318,SSGDA,3
2360,-0.12734508275583925,-0.1273306881614106,1.4394594428646101e-05,-0.13783480481699475,SSGDA,3
2380,-0.127972484915877,-0.12803038018894378,-5.7895273066765895e-05,-0.1372305630134332,SSGDA,3
2400,-0.14838069313202312,-0.14932588444949935,-0.0009451913174762239,-0.13762109302714848,SSGDA,3
2420,-0.13649319418486033,-0.1370763494502516,-0.0005831552653912664,-0.13888853433905285,SSGDA,3
2440,-0.1562749523325234,-0.15749752275042475,-0.0012225704179013586,-0.13988219421494638,SSGDA,3
2460,-0.14331181572070745,-0.1441173580127918,-0.0008055422920843491,-0.140314670149708,SSGDA,3
2480,-0.1371366756166424,-0.1377529279302524,-0.0006162523136100106,-0.1405295926554524,SSGDA,3
2500,-0.13699818510175205,-0.137569501035455,-0.000571315933702965,-0.14064964951480746,SSGDA,3
2520,-0.13984502447633473,-0.14040577519166836,-0.0005607507153336244,-0.14071438875892323,SSGDA,3
2540,-0.15947879811504015,-0.16094846280244515,-0.0014696646874050034,-0.14116167785484326,SSGDA,3
2560,-0.14572851593949263,-0.14659458986746374,-0.0008660739279711116,-0.14110401990708457,SSGDA,3
2580,-0.1445951780962276,-0.14546178098445542,-0.0008666028882278187,-0.14119536852501371,SSGDA,3
2600,-0.16471941543193314,-0.16626438046146175,-0.001544965029528611,-0.1412434226012439,SSGDA,3
2620,-0.15158664061663168,-0.15245589655099218,-0.0008692559343604911,-0.14145305702031086,SSGDA,3
2640,-0.1515362528403732,-0.1526611033368806,-0.0011248504965074013,-0.14144308335796207,SSGDA,3
2660,-0.15057495036822294,-0.1518539007278515,-0.00127895035962855,-0.14166589858536044,SSGDA,3
2680,-0.15165485281678387,-0.15300272929506864,-0.0013478764782847708,-0.14192748692909568,SSGDA,3
2700,-0.1499036432116727,-0.15086920054574782,-0.0009655573340751067,-0.14184127626710002,SSGDA,3
2720,-0.14648853160268943,-0.14751608290820728,-0.0010275513055178487,-0.14182570818265977,SSGDA,3
2740,-0.13889142050368375,-0.13948681079585923,-0.0005953902921754795,-0.14190657886170566,SSGDA,3
2760,-0.1477536204448417,-0.14866971877409274,-0.0009160983292510472,-0.14180254952760396,SSGDA,3
2780,-0.15879633453841563,-0.1602120178060426,-0.001415683267626977,-0.14203372903563033,SSGDA,3
2800,-0.14432701709227527,-0.14517569505220065,-0.0008486779599253813,-0.14201782962467455,SSGDA,3
2820,-0.13802226737927126,-0.13877643795625627,-0.0007541705769850138,-0.1419453230090461,SSGDA,3
2840,-0.13364893120869567,-0.13420503714942603,-0.0005561059407303559,-0.14185832298723686,SSGDA,3
2860,-0.12541143497773674,-0.12565494013230252,-0.0002435051545657818,-0.14162757937383216,SSGDA,3
2880,-0.12947699949542016,-0.12979109782794399,-0.0003140983325238267,-0.14129364478567627,SSGDA,3
2900,-0.1335730032600669,-0.13410751004617735,-0.0005345067861104447,-0.14111468831330323,SSGDA,3
2920,-0.14593933541905652,-0.14684949356804794,-0.0009101581489914246,-0.14096342254818445,SSGDA,3
2940,-0.146769677054912,-0.14756275501986688,-0.0007930779649548692,-0.14102583713449668,SSGDA,3
2960,-0.1489644983206737,-0.14999451380329337,-0.0010300154826196617,-0.14120658021078375,SSGDA,3
2980,-0.14645074916584114,-0.14726697772034344,-0.0008162285545023074,-0.14115772897281,SSGDA,3
3000,-0.14169946345948237,-0.14234919581542033,-0.0006497323559379597,-0.14097414300922095,SSGDA,3
1,11.33887117321326,11.337815723663054,-0.001055449550205978,11.276206800820958,TSGDA-1,0
20,7.6646209815046555,7.658565948942382,-0.006055032562273688,7.6546515307460234,TSGDA-1,0
40,5.093138049366193,5.087565080020087,-0.005572969346105516,5.078743234953359,TSGDA-1,0
60,3.361595890752477,3.3578395449583116,-0.0037563457941653944,3.354908007549918,TSGDA-1,0
80,2.2188379095152158,2.2166754905570327,-0.002162418958183032,2.2015538743518737,TSGDA-1,0
100,1.436316385194461,1.4338352918998343,-0.002481093294626646,1.4297442199966106,TSGDA-1,0
120,0.9137255434029623,0.9125365672776058,-0.0011889761253565112,0.9132989182208793,TSGDA-1,0
140,0.5673884999908119,0.5664697227181028,-0.0009187772727090593,0.5672382493175137,TSGDA-1,0
160,0.3328541949512543,0.3323284367177737,-0.000525758233480611,0.3351957561622718,TSGDA-1,0
180,0.19315042421258882,0.1916622334125857,-0.0014881908000031197,0.1796945905744995,TSGDA-1,0
200,0.07543141117757923,0.0753264908206756,-0.00010492035690362611,0.07558099676715108,TSGDA-1,0
220,0.005559732009563945,0.006017949978670334,0.00045821796910638923,0.00531746263704469,TSGDA-1,0
240,-0.04882596870576589,-0.047140289786618994,0.0016856789191468935,-0.041715239807685656,TSGDA-1,0
260,-0.083165888724823,-0.0808997160518447,0.002266172672978295,-0.07394531751188854,TSGDA-1,0
280,-0.09601941005989978,-0.09556199485871031,0.00045741520118947054,-0.09548161858218313,TSGDA-1,0
300,-0.10886512922720862,-0.10820436228447708,0.0006607669427315388,-0.10968561917849592,TSGDA-1,0
320,-0.12443538771732193,-0.12221554225016779,0.0022198454671541468,-0.11955599406082079,TSGDA-1,0
340,-0.1250540335078994,-0.12398122718478016,0.0010728063231192353,-0.12623829535966807,TSGDA-1,0
360,-0.12776781488379835,-0.12711161392005427,0.0006562009637440802,-0.13093690656714563,TSGDA-1,0
380,-0.1295311399527529,-0.12815174610233987,0.0013793938504130243,-0.1340723856699937,TSGDA-1,0
400,-0.13222867140209527,-0.13100491041041584,0.0012237609916794234,-0.13620023612227938,TSGDA-1,0
420,-0.14051775588330817,-0.1382164659753058,0.0023012899080023796,-0.1375961313965171,TSGDA-1,0
440,-0.13705255726972543,-0.13526922060109736,0.001783336668628066,-0.13894663860498585,TSGDA-1,0
460,-0.1519549909480543,-0.1476530949551662,0.004301895992888105,-0.13971163939304243,TSGDA-1,0
480,-0.14010331465212925,-0.13844212896304267,0.001661185689086575,-0.14034014107259532,TSGDA-1,0
500,-0.1395244379729787,-0.1376934650921835,0.0018309728807952008,-0.14093531017511318,TSGDA-1,0
520,-0.15840563432890975,-0.1542037644797064,0.0042018698492033435,-0.1414377352457737,TSGDA-1,0
540,-0.15419216232408972,-0.15055166247577845,0.003640499848311274,-0.14162219463779396,TSGDA-1,0
560,-0.1410899762145512,-0.1385029957867793,0.00258698042777189,-0.14168967338182673,TSGDA-1,0
580,-0.1486765729809617,-0.14555403741022122,0.0031225355707404923,-0.14174747485697564,TSGDA-1,0
600,-0.1492230489081596,-0.14578919685170713,0.003433852056452469,-0.1418212096619639,TSGDA-1,0
620,-0.15351318460616184,-0.14943520612566327,0.0040779784804985675,-0.14189873824619134,TSGDA-1,0
640,-0.14573554783054082,-0.1426523991903324,0.003083148640208422,-0.1418496062022862,TSGDA-1,0
660,-0.1367015604442765,-0.13456895833707616,0.002132602107200343,-0.14169541483725373,TSGDA-1,0
680,-0.14317882550478586,-0.14078985478269843,0.0023889707220874357,-0.14167087813454307,TSGDA-1,0
700,-0.12939604607145505,-0.1290240249226975,0.000372021148757562,-0.1413859760174906,TSGDA-1,0
720,-0.14119279672205115,-0.13925844815487382,0.0019343485671773353,-0.14125639625298547,TSGDA-1,0
740,-0.16276781227520976,-0.15770533393046038,0.005062478344749377,-0.14134621316936719,TSGDA-1,0
760,-0.14881108312420274,-0.14581697643933197,0.0029941066848707676,-0.14150339324763375,TSGDA-1,0
780,-0.14121711436368542,-0.13873340433144546,0.002483710032239961,-0.14159857876070073,TSGDA-1,0
800,-0.1488345898913041,-0.14500291536999943,0.0038316745213046732,-0.14152037068774803,TSGDA-1,0
820,-0.15138480806827548,-0.14790905106793645,0.0034757570003390303,-0.1416237046313168,TSGDA-1,0
840,-0.14227285056162958,-0.13981958302132852,0.002453267540301063,-0.1416220400317107,TSGDA-1,0
860,-0.15527632809091807,-0.1502087828854063,0.005067545205511781,-0.14168225676338608,TSGDA-1,0
880,-0.15677662139434528,-0.15253567538489438,0.004240946009450908,-0.14165961834861512,TSGDA-1,0
900,-0.1452316286225352,-0.1424942119790657,0.0027374166434694924,-0.1417833076210876,TSGDA-1,0
920,-0.15343129984685616,-0.149409236281754,0.004022063565102152,-0.14170078248482637,TSGDA-1,0
940,-0.14637930407581706,-0.14351956192189824,0.0028597421539188206,-0.1417906369337999,TSGDA-1,0
960,-0.1567412228245698,-0.15238169606364946,0.004359526760920329,-0.14189557599445632,TSGDA-1,0
980,-0.14011940809133375,-0.13832610948662336,0.0017932986047103916,-0.14188445995965895,TSGDA-1,0
1000,-0.1369120687974122,-0.13474577263463916,0.0021662961627730293,-0.14172141843671782,TSGDA-1,0
1020,-0.1412283064951958,-0.1390159442873763,0.002212362207819507,-0.14156405510065495,TSGDA-1,0
1040,-0.14574484429663365,-0.14252182821656711,0.003223016080066532,-0.14147492542364049,TSGDA-1,0
1060,-0.14047685378151947,-0.1381107972081183,0.002366056573401165,-0.14138878995681914,TSGDA-1,0
1080,-0.1471200662106509,-0.1441964714349435,0.0029235947757074165,-0.1415318236387966,TSGDA-1,0
1100,-0.1394770365562718,-0.13758108062968666,0.0018959559265851467,-0.141662793902658,TSGDA-1,0
1120,-0.14026567689231303,-0.13808767077246112,0.0021780061198519163,-0.14167879654667617,TSGDA-1,0
1140,-0.14859056416506058,-0.1448896305315012,0.003700933633559389,-0.14157898480370343,TSGDA-1,0
1160,-0.14601560248566847,-0.14353058751737569,0.002485014968292787,-0.1414146283081748,TSGDA-1,0
1180,-0.13798076659236197,-0.13553229498946134,0.002448471602900626,-0.14136020609859717,TSGDA-1,0
1200,-0.14441107809236273,-0.14143747729486297,0.0029736007974997536,-0.14106081915475807,TSGDA-1,0
1220,-0.15269492593636377,-0.1484858559340654,0.004209070002298365,-0.14125790810985975,TSGDA-1,0
1240,-0.1511560577023654,-0.14771991944148538,0.0034361382608800173,-0.1415139909718492,TSGDA-1,0
1260,-0.13222393529669862,-0.13083635237437974,0.0013875829223188862,-0.141461576083949,TSGDA-1,0
1280,-0.13680915981322234,-0.13489784634685065,0.001911313466371689,-0.1414054744800331,TSGDA-1,0
1300,-0.13912183503473438,-0.13757668398439762,0.0015451510503367571,-0.1411858006557847,TSGDA-1,0
1320,-0.14121030912605195,-0.13950686015302224,0.0017034489730297087,-0.14125270642304258,TSGDA-1,0
1340,-0.13318390222104354,-0.1316785720881436,0.0015053301328999402,-0.14118916404508147,TSGDA-1,0
1360,-0.14639047166840588,-0.14321447189784467,0.003175999770561211,-0.14088707688044963,TSGDA-1,0
1380,-0.15299782402555978,-0.14931951139171523,0.0036783126338445493,-0.141202935122623,TSGDA-1,0
1400,-0.13771264385735682,-0.13539574449461061,0.0023168993627462053,-0.14129569836272948,TSGDA-1,0
1420,-0.1376036642879012,-0.13566501806807643,0.0019386462198247578,-0.1411578706761554,TSGDA-1,0
1440,-0.1357827276317248,-0.1347138689447158,0.001068858687009011,-0.14140096469240984,TSGDA-1,0
1460,-0.15325120675706044,-0.14957915509992592,0.003672051657134523,-0.14154719049565234,TSGDA-1,0
1480,-0.14527626275608213,-0.14229643647655843,0.0029798262795237007,-0.14173759154266063,TSGDA-1,0
1500,-0.15197347872551115,-0.14777197412365983,0.004201504601851314,-0.14168094052340885,TSGDA-1,0
1520,-0.1599132667610296,-0.15541680822600765,0.004496458535021952,-0.14180110815990862,TSGDA-1,0
1540,-0.14545250038330082,-0.14241200467019793,0.0030404957131028865,-0.14163659454337807,TSGDA-1,0
1560,-0.14197607613758328,-0.1399298020554438,0.0020462740821394765,-0.14155891342351257,TSGDA-1,0
1580,-0.14291217811564685,-0.14031412138580648,0.00259805672984037,-0.14146099868932907,TSGDA-1,0
1600,-0.1335262035057111,-0.13235035825318897,0.001175845252522123,-0.14143165483033948,TSGDA-1,0
1620,-0.1462833084648446,-0.14312004514175813,0.0031632633230864737,-0.141386835974756,TSGDA-1,0
1640,-0.13975518496449174,-0.13720331158440618,0.0025518733800855564,-0.14125750911453194,TSGDA-1,0
1660,-0.14377563400870896,-0.14092657358453287,0.0028490604241760975,-0.14145404267796785,TSGDA-1,0
1680,-0.15052162281690265,-0.14703887784912115,0.0034827449677815037,-0.14157751747249195,TSGDA-1,0
1700,-0.1537122976169459,-0.1500133019982077,0.00369899561873821,-0.14174049074996684,TSGDA-1,0
1720,-0.14966705022966065,-0.14588254825489716,0.003784501974763488,-0.1417139015142415,TSGDA-1,0
1740,-0.14480696358129794,-0.14111552136153502,0.0036914422197629193,-0.14159580712102957,TSGDA-1,0
1760,-0.1394381373269722,-0.1366530714316485,0.0027850658953236795,-0.14137478332978165,TSGDA-1,0
1780,-0.14417568091402902,-0.14128891199885865,0.002886768915170368,-0.14134977610782493,TSGDA-1,0
1800,-0.13741666468569536,-0.135836944192949,0.0015797204927463504,-0.14128238233696483,TSGDA-1,0
1820,-0.143349497750291,-0.1413071443216033,0.002042353428687693,-0.141584970719975,TSGDA-1,0
1840,-0.13979818559457674,-0.13774740194072732,0.0020507836538494195,-0.14146741557684112,TSGDA-1,0
1860,-0.1404219039653204,-0.13717831419040138,0.003243589774919009,-0.14134943105926512,TSGDA-1,0
1880,-0.13823033924000314,-0.13636741879363676,0.0018629204463663784,-0.14109491346043393,TSGDA-1,0
1900,-0.15831292780149908,-0.15394552795526079,0.004367399846238296,-0.1412268947072896,TSGDA-1,0
1920,-0.13651124796016928,-0.13456979941749359,0.0019414485426756944,-0.14141146194522214,TSGDA-1,0
1940,-0.14776638607184608,-0.14486428988056324,0.0029020961912828436,-0.14124150641676195,TSGDA-1,0
1960,-0.12976938263260449,-0.12868821524203564,0.001081167390568849,-0.14126132815309037,TSGDA-1,0
1980,-0.14361092515078822,-0.14074562526381595,0.0028652998869722612,-0.1411903090817826,TSGDA-1,0
2000,-0.13136678837196422,-0.13009741863123017,0.0012693697407340498,-0.14111014078674763,TSGDA-1,0
2020,-0.1441318473976319,-0.1415307512619719,0.002601096135660008,-0.1410751777244797,TSGDA-1,0
2040,-0.1466104161075736,-0.1433989358772416,0.00321148023033202,-0.1413392910074949,TSGDA-1,0
2060,-0.14717861535308768,-0.14392253857834325,0.003256076774744432,-0.141475358905215,TSGDA-1,0
2080,-0.13706213253672028,-0.13543301003232022,0.0016291225044000601,-0.14153762078645932,TSGDA-1,0
2100,-0.13340330177242649,-0.13204479209249542,0.0013585096799310636,-0.14152818254871397,TSGDA-1,0
2120,-0.14651624318718676,-0.14385723421011226,0.002659008977074495,-0.14147635883553072,TSGDA-1,0
2140,-0.1390442956576492,-0.13670067080807696,0.0023436248495722345,-0.14166858727345072,TSGDA-1,0
2160,-0.13506538520216632,-0.13364072608949817,0.0014246591126681474,-0.14144852482657672,TSGDA-1,0
2180,-0.13276615143507275,-0.1311316588516087,0.0016344925834640422,-0.14117359582943279,TSGDA-1,0
2200,-0.15237311050690966,-0.14879738516322438,0.0035757253436852765,-0.1407903727766644,TSGDA-1,0
2220,-0.14014530148024695,-0.13845538434688476,0.0016899171333621954,-0.1410780015799779,TSGDA-1,0
2240,-0.14780909250405977,-0.1450921716482429,0.0027169208558168734,-0.1410077079954058,TSGDA-1,0
2260,-0.13256070399447406,-0.13046400646913442,0.0020966975253396414,-0.1409085600103419,TSGDA-1,0
2280,-0.1451259447607786,-0.14217147417521941,0.002954470585559199,-0.1408740839431697,TSGDA-1,0
2300,-0.13834842666340721,-0.13586605482423406,0.0024823718391731586,-0.1408862603241768,TSGDA-1,0
2320,-0.14155576963411215,-0.13934025883423262,0.0022155107998795276,-0.14090385581363452,TSGDA-1,0
2340,-0.13879030610401322,-0.13681934261565482,0.0019709634883584015,-0.1407756135935319,TSGDA-1,0
2360,-0.14228586646339422,-0.1402694462750024,0.002016420188391821,-0.14095260420729114,TSGDA-1,0
2380,-0.14833000042998362,-0.14512019331074455,0.003209807119239072,-0.14125587433050413,TSGDA-1,0
2400,-0.15112984534183987,-0.1481079074093602,0.003021937932479679,-0.14160623069056916,TSGDA-1,0
2420,-0.1341567990725032,-0.13303001949297746,0.0011267795795257274,-0.14172079284801684,TSGDA-1,0
2440,-0.1380023191475644,-0.1358339170389743,0.002168402108590095,-0.1416018267915667,TSGDA-1,0
2460,-0.14342188651521665,-0.1408798243697662,0.002542062145450441,-0.1417338130656614,TSGDA-1,0
2480,-0.15065087667163896,-0.14719194197299795,0.003458934698641003,-0.1418072488706164,TSGDA-1,0
2500,-0.14813661456646854,-0.14505277407044725,0.003083840496021284,-0.14177397223415816,TSGDA-1,0
2520,-0.1409958307296363,-0.13890939559774215,0.00208643513189416,-0.14173945144841707,TSGDA-1,0
2540,-0.15578032875525732,-0.15222242271946973,0.0035579060357875947,-0.1417449494740381,TSGDA-1,0
2560,-0.14439581297339343,-0.1416656167416851,0.0027301962317083373,-0.14189021570335653,TSGDA-1,0
2580,-0.14700062049970497,-0.14413320671150898,0.002867413788195994,-0.1417364895401541,TSGDA-1,0
2600,-0.13890534949491956,-0.13729818223465828,0.0016071672602612774,-0.14178377969104122,TSGDA-1,0
2620,-0.14356287861494196,-0.1411931555315791,0.0023697230833628624,-0.14173752172201912,TSGDA-1,0
2640,-0.14778047435869213,-0.14452096114342167,0.00325951321527046,-0.14185179072043774,TSGDA-1,0
2660,-0.1490579296963283,-0.1455823608371214,0.0034755688592069123,-0.14188386997913405,TSGDA-1,0
2680,-0.1381403478433258,-0.13675043074950877,0.001389917093817028,-0.14184713060249166,TSGDA-1,0
2700,-0.15130690682759768,-0.1483131046995954,0.0029938021280022653,-0.14183576339747062,TSGDA-1,0
2720,-0.14839013237842147,-0.14500849168321678,0.0033816406952046907,-0.14167922427711283,TSGDA-1,0
2740,-0.14493938342431018,-0.1421240627911109,0.002815320633199281,-0.14164490406730734,TSGDA-1,0
2760,-0.1438263997494048,-0.1410432707015843,0.0027831290478205206,-0.14158040410770067,TSGDA-1,0
2780,-0.1462519156117309,-0.14379421449161855,0.0024577011201123433,-0.1415980099879467,TSGDA-1,0
2800,-0.15638917949609876,-0.1519583773751615,0.004430802120937272,-0.14185691283559299,TSGDA-1,0
2820,-0.13405730809592648,-0.1331732496187527,0.0008840584771737658,-0.1419663176559086,TSGDA-1,0
2840,-0.15953815849471,-0.15459068114589689,0.004947477348813123,-0.1419687683714643,TSGDA-1,0
2860,-0.1496506954811178,-0.14610883746503522,0.0035418580160825885,-0.14203448225356402,TSGDA-1,0
2880,-0.14897856076699806,-0.14600944770010998,0.002969113066888074,-0.1420715505376539,TSGDA-1,0
2900,-0.16615053401986796,-0.1610855390282207,0.005064994991647254,-0.14213156871762395,TSGDA-1,0
2920,-0.14364261849781196,-0.1403862885026415,0.0032563299951704483,-0.1419865470260253,TSGDA-1,0
2940,-0.14912401659082353,-0.14562844102638034,0.0034955755644431874,-0.1418534980208695,TSGDA-1,0
2960,-0.14431636214486915,-0.14132056732020415,0.002995794824664999,-0.14190681933077842,TSGDA-1,0
2980,-0.140108696388737,-0.13758209820066133,0.002526598188075657,-0.14180294205015545,TSGDA-1,0
3000,-0.1429530397599924,-0.13986770537131427,0.0030853343886781404,-0.14176148714682685,TSGDA-1,0
1,13.196989453472742,13.19715984571749,0.00017039224474757475,12.888019666277152,TSGDA-1,1
20,8.791546840253039,8.792933776243517,0.001386935990478122,8.746781643401007,TSGDA-1,1
40,5.728316500634116,5.729560919705478,0.0012444190713623016,5.791574582054423,TSGDA-1,1
60,3.8500067561733635,3.850445004781477,0.00043824860811358946,3.8524923658125445,TSGDA-1,1
80,2.5451841599568374,2.5454832120474946,0.0002990520906571703,2.5506695938031867,TSGDA-1,1
100,1.6779317479850533,1.6781691613277627,0.00023741334270943604,1.6845529952454212,TSGDA-1,1
120,1.093623536020653,1.0936867352057156,6.319918506259015e-05,1.0990863420551582,TSGDA-1,1
140,0.6928896074331892,0.6928829599370901,-6.647496099021488e-06,0.7036822888613622,TSGDA-1,1
160,0.42961552951033655,0.42950518149085043,-0.00011034801948611728,0.43409608676515615,TSGDA-1,1
180,0.24809685575062967,0.24796132460070908,-0.000135531149920598,0.2525165781252298,TSGDA-1,1
200,0.1301623022389131,0.12994937579031854,-0.00021292644859455256,0.12759775480227403,TSGDA-1,1
220,0.04417051155307092,0.0441761918247969,5.680271725982955e-06,0.042287839793300225,TSGDA-1,1
240,-0.015156199322155506,-0.015249262910781158,-9.306358862565256e-05,-0.015164693872252055,TSGDA-1,1
260,-0.055521800730601506,-0.05568218301390321,-0.00016038228330170212,-0.05423032757824883,TSGDA-1,1
280,-0.08232962111555486,-0.08240695147526261,-7.733035970775015e-05,-0.08213905446284395,TSGDA-1,1
300,-0.10388532001307896,-0.10395791963000778,-7.259961692882011e-05,-0.10169321273584375,TSGDA-1,1
320,-0.11439157444583169,-0.11469580298881242,-0.00030422854298073343,-0.11359133036598816,TSGDA-1,1
340,-0.11880557624618113,-0.11881199912560733,-6.422879426204453e-06,-0.12141541456344093,TSGDA-1,1
360,-0.13253315397928603,-0.13262397169431464,-9.081771502861269e-05,-0.12695641382603648,TSGDA-1,1
380,-0.12970277430236107,-0.12971783762663494,-1.5063324273867362e-05,-0.13119877003078823,TSGDA-1,1
400,-0.13449503882342725,-0.1347103193837793,-0.00021528056035205467,-0.13379269407271227,TSGDA-1,1
420,-0.13676565459755569,-0.13688989961147746,-0.00012424501392177545,-0.13645521369621144,TSGDA-1,1
440,-0.13890995543932771,-0.13887765111823092,3.2304321096798816e-05,-0.13790380821294568,TSGDA-1,1
460,-0.1502447112094183,-0.15035737724610088,-0.0001126660366825849,-0.1391256171160612,TSGDA-1,1
480,-0.14178931346849954,-0.14191935208976103,-0.0001300386212614857,-0.13997760176426,TSGDA-1,1
500,-0.1313618374876845,-0.13135814925167164,3.6882360128775993e-06,-0.14006763182397977,TSGDA-1,1
520,-0.142081707433405,-0.14202094942291402,6.0758010490991055e-05,-0.14057036425245553,TSGDA-1,1
540,-0.13849506041772058,-0.1386418576860607,-0.0001467972683401042,-0.1406458943057997,TSGDA-1,1
560,-0.13393598517780947,-0.13386419342995354,7.179174785593156e-05,-0.1404859882824009,TSGDA-1,1
580,-0.14083369410512905,-0.14084536808421746,-1.167397908841128e-05,-0.14043357201286352,TSGDA-1,1
600,-0.13800556825010118,-0.13809420753397805,-8.863928387686792e-05,-0.14073716047548523,TSGDA-1,1
620,-0.13291647387851827,-0.1331303478655738,-0.00021387398705552396,-0.14086350000209605,TSGDA-1,1
640,-0.15624328537747117,-0.15624869203903996,-5.4066615687853314e-06,-0.1408564690423157,TSGDA-1,1
660,-0.13985210004393153,-0.13977103395563414,8.106608829738793e-05,-0.14113445583998416,TSGDA-1,1
680,-0.14500252243699618,-0.14499962605015465,2.8963868415332605e-06,-0.14117435763764896,TSGDA-1,1
700,-0.14738729730239616,-0.1475630569497822,-0.00017575964738603123,-0.14117714329888906,TSGDA-1,1
720,-0.13639585854042588,-0.13626900305175124,0.00012685548867463758,-0.14106347027196312,TSGDA-1,1
740,-0.13020803591395524,-0.13032992680425426,-0.00012189089029901456,-0.14095148489656323,TSGDA-1,1
760,-0.14591259444282206,-0.14575631577781856,0.0001562786650035064,-0.14096675832199562,TSGDA-1,1
780,-0.14918013202724156,-0.14908130568334005,9.882634390151468e-05,-0.14054958306449566,TSGDA-1,1
800,-0.14428545235597612,-0.14429120407478307,-5.751718806956685e-06,-0.14064301340321483,TSGDA-1,1
820,-0.1432935035331075,-0.1433336345772815,-4.01310441739966e-05,-0.14087964524475738,TSGDA-1,1
840,-0.14253267399055658,-0.14270653593199373,-0.00017386194143714784,-0.1410768102540989,TSGDA-1,1
860,-0.1398243920430948,-0.13976609240285268,5.8299640242120976e-05,-0.14108197943918774,TSGDA-1,1
880,-0.15106649291227509,-0.15105906608364322,7.426828631862392e-06,-0.14094606991691278,TSGDA-1,1
900,-0.1360663992253171,-0.1361315382097697,-6.513898445259514e-05,-0.1409739922872243,TSGDA-1,1
920,-0.1403248142021546,-0.1402475523502908,7.726185186379686e-05,-0.14108256840782274,TSGDA-1,1
940,-0.1411831737955419,-0.14120215639192646,-1.8982596384553574e-05,-0.14105078308180963,TSGDA-1,1
960,-0.13198829809626728,-0.13192591108332846,6.238701293881377e-05,-0.14104916493966263,TSGDA-1,1
980,-0.1360059966068192,-0.1361999293756355,-0.00019393276881629617,-0.14068802241199926,TSGDA-1,1
1000,-0.1309571424601449,-0.13088780225539925,6.934020474563818e-05,-0.14051614521013045,TSGDA-1,1
1020,-0.1282992331295981,-0.12847096980465314,-0.0001717366750550453,-0.14026779441632428,TSGDA-1,1
1040,-0.1299631633913672,-0.13007680844825154,-0.00011364505688432613,-0.14014965452373707,TSGDA-1,1
1060,-0.13607636562236988,-0.13639885469615068,-0.00032248907378079616,-0.14022049314223814,TSGDA-1,1
1080,-0.14291502324654376,-0.1428715470234342,4.347622310957311e-05,-0.1406233685244923,TSGDA-1,1
1100,-0.13728022968608197,-0.13719236212361688,8.786756246509375e-05,-0.14062982897182383,TSGDA-1,1
1120,-0.14117516947970477,-0.14111065066718387,6.45188125208973e-05,-0.14058792389375524,TSGDA-1,1
1140,-0.14320601966609686,-0.14313216487261943,7.385479347743473e-05,-0.14063854394695285,TSGDA-1,1
1160,-0.14559481471582786,-0.14572881302551755,-0.00013399830968968685,-0.14060153148836468,TSGDA-1,1
1180,-0.13898347676223996,-0.13892508779854193,5.8388963698030594e-05,-0.14081175524599301,TSGDA-1,1
1200,-0.13994549703604187,-0.13992136850031062,2.412853573124929e-05,-0.14083634803097783,TSGDA-1,1
1220,-0.14172718222157246,-0.14184866459288012,-0.00012148237130765738,-0.14105665119048963,TSGDA-1,1
1240,-0.14364696673418326,-0.14374505250302017,-9.808576883690856e-05,-0.14125332343340025,TSGDA-1,1
1260,-0.15314763166410555,-0.1532255846560968,-7.795299199125916e-05,-0.14122441628678678,TSGDA-1,1
1280,-0.13855259566711797,-0.1385760047204585,-2.3409053340528452e-05,-0.1416381292083514,TSGDA-1,1
1300,-0.14393096454770538,-0.14404421404660156,-0.00011324949889618408,-0.14162378780845508,TSGDA-1,1
1320,-0.136556249673061,-0.13652185236591,3.439730715099065e-05,-0.14164934581549857,TSGDA-1,1
1340,-0.1490768701029372,-0.1487966955584485,0.0002801745444886983,-0.14133904972289812,TSGDA-1,1
1360,-0.1404754604398169,-0.14040750267202495,6.795776779194851e-05,-0.14118686754345167,TSGDA-1,1
1380,-0.12991546836850326,-0.13001807137769295,-0.00010260300918968346,-0.1410055617607845,TSGDA-1,1
1400,-0.13219903874331024,-0.13222668474740767,-2.7646004097436894e-05,-0.14082573156643674,TSGDA-1,1
1420,-0.12523501921710117,-0.1251835468719672,5.147234513397381e-05,-0.14066500815157207,TSGDA-1,1
1440,-0.13934884642426454,-0.1393261077477813,2.2738676483224918e-05,-0.14036918544235077,TSGDA-1,1
1460,-0.14625137545371825,-0.14606312205376654,0.00018825339995170998,-0.14048477943572157,TSGDA-1,1
1480,-0.1398052615187056,-0.1398137715534436,-8.510034738007377e-06,-0.1403543565846389,TSGDA-1,1
1500,-0.1436012218174919,-0.14364369948540912,-4.247766791720675e-05,-0.14052651032177954,TSGDA-1,1
1520,-0.13168214877320644,-0.13168394617737922,-1.7974041727764067e-06,-0.14082169935692324,TSGDA-1,1
1540,-0.13703763631450208,-0.13704050843678398,-2.8721222818939296e-06,-0.1407229741888529,TSGDA-1,1
1560,-0.14520180251184336,-0.14522767333344996,-2.587082160659948e-05,-0.14074138014763013,TSGDA-1,1
1580,-0.1461176657871402,-0.1461551204664127,-3.745467927251944e-05,-0.14097801611675076,TSGDA-1,1
1600,-0.13979964116224716,-0.1397964201777078,3.220984539364924e-06,-0.14100633028337803,TSGDA-1,1
1620,-0.13509852283650142,-0.13502028449356407,7.823834293735343e-05,-0.14089220021879528,TSGDA-1,1
1640,-0.1394191937854534,-0.13955609390211307,-0.00013690011665967727,-0.14048858791946775,TSGDA-1,1
1660,-0.1410849042427747,-0.14121654679412549,-0.00013164255135078573,-0.1408950578057579,TSGDA-1,1
1680,-0.1373418106177181,-0.13746584359159658,-0.000124032973878474,-0.1410232291591184,TSGDA-1,1
1700,-0.1301495257238955,-0.13024282594042924,-9.330021653375375e-05,-0.14110415515467645,TSGDA-1,1
1720,-0.14650930656131628,-0.14637211907591263,0.00013718748540364478,-0.1408683699583902,TSGDA-1,1
1740,-0.14218904130030968,-0.1421393793166275,4.96619836821699e-05,-0.14082423419755202,TSGDA-1,1
1760,-0.143527416818287,-0.14357099622715652,-4.357940886950962e-05,-0.14084798730923037,TSGDA-1,1
1780,-0.1459357125182867,-0.1459444525956422,-8.740077355517961e-06,-0.14078357915578116,TSGDA-1,1
1800,-0.14007849914775128,-0.14011951101867293,-4.101187092164782e-05,-0.14115320023814476,TSGDA-1,1
1820,-0.1471296580298818,-0.14740225708215063,-0.0002725990522688404,-0.1414167336793429,TSGDA-1,1
1840,-0.1340729156769265,-0.13410909014939423,-3.617447246773153e-05,-0.14159300963796426,TSGDA-1,1
1860,-0.14404401142340945,-0.14406369497336757,-1.9683549958127156e-05,-0.14146296618219228,TSGDA-1,1
1880,-0.1372635589736996,-0.13743621623735805,-0.0001726572636584489,-0.14140825163616103,TSGDA-1,1
1900,-0.13996988707779395,-0.13992773222527194,4.21548525220139e-05,-0.14133479036255486,TSGDA-1,1
1920,-0.1387950168754581,-0.13890386340832916,-0.00010884653287107637,-0.14139903418509292,TSGDA-1,1
1940,-0.13253082996624088,-0.13247141971320048,5.9410253040403926e-05,-0.1412997442407387,TSGDA-1,1
1960,-0.14491114081466067,-0.14527455856444055,-0.00036341774977988184,-0.14108896092226758,TSGDA-1,1
1980,-0.14540997179795803,-0.1456206262060988,-0.00021065440814077574,-0.14127685718673974,TSGDA-1,1
2000,-0.14183230572688554,-0.14176293969600184,6.936603088369964e-05,-0.14144440532244684,TSGDA-1,1
2020,-0.13787464918509962,-0.13788785245613894,-1.3203271039319286e-05,-0.14106122834477725,TSGDA-1,1
2040,-0.145970075944858,-0.14599469279878402,-2.461685392601831e-05,-0.1409959303118879,TSGDA-1,1
2060,-0.13911655202233963,-0.13926410858990845,-0.0001475565675688184,-0.14116195864522713,TSGDA-1,1
2080,-0.1436682337515702,-0.14372765441128507,-5.942065971487054e-05,-0.14103475362162662,TSGDA-1,1
2100,-0.14059171802764714,-0.14059455771606277,-2.8396884156345337e-06,-0.14102837814474628,TSGDA-1,1
2120,-0.14455173802413956,-0.14472457048839182,-0.0001728324642522594,-0.1412343644871657,TSGDA-1,1
2140,-0.14342011480822522,-0.14333567011485945,8.444469336577054e-05,-0.14136057733358218,TSGDA-1,1
2160,-0.1387517654401252,-0.138781825648532,-3.0060208406790245e-05,-0.14111545936857986,TSGDA-1,1
2180,-0.13723152293521332,-0.1375144170548954,-0.00028289411968207556,-0.1412012906573211,TSGDA-1,1
2200,-0.13712227256511467,-0.13705006014769583,7.221241741883766e-05,-0.14094995835539736,TSGDA-1,1
2220,-0.14710629435486683,-0.14704932796335263,5.6966391514201575e-05,-0.14095170648643846,TSGDA-1,1
2240,-0.1512044746540963,-0.15099682393585734,0.00020765071823897197,-0.14126613835860502,TSGDA-1,1
2260,-0.14363788457150312,-0.14371873203117946,-8.084745967634754e-05,-0.14138883421425902,TSGDA-1,1
2280,-0.1385787944936222,-0.1386537645002357,-7.497000661349507e-05,-0.14139021186760425,TSGDA-1,1
2300,-0.13565503225073622,-0.13576177553815555,-0.00010674328741933081,-0.14130497061710073,TSGDA-1,1
2320,-0.1368249862751486,-0.13691645592235552,-9.146964720690987e-05,-0.14118463510701224,TSGDA-1,1
2340,-0.14575394047197968,-0.145986053961941,-0.00023211348996132752,-0.14122288930270724,TSGDA-1,1
2360,-0.1536514359642309,-0.15365292504545772,-1.4890812268242293e-06,-0.14130561144014267,TSGDA-1,1
2380,-0.15075894686161542,-0.15100740411183586,-0.0002484572502204352,-0.14152175355645183,TSGDA-1,1
2400,-0.1355646329155689,-0.13538583563705733,0.00017879727851155547,-0.14162118593837872,TSGDA-1,1
2420,-0.13606572364543112,-0.13589090983849844,0.00017481380693268322,-0.14126318278494449,TSGDA-1,1
2440,-0.14404331809709114,-0.1441333860585995,-9.00679615083444e-05,-0.141109911270978,TSGDA-1,1
2460,-0.1548309661993691,-0.1547304312844882,0.00010053491488087873,-0.14139127387862344,TSGDA-1,1
2480,-0.1424108476563252,-0.14223824290480244,0.00017260475152275356,-0.14124368001352502,TSGDA-1,1
2500,-0.1468063573769958,-0.14690517454399835,-9.881716700255172e-05,-0.14118189191285493,TSGDA-1,1
2520,-0.1528416521361179,-0.15289397791488218,-5.2325778764295006e-05,-0.14126920517316793,TSGDA-1,1
2540,-0.14558678814251513,-0.14564505618369777,-5.826804118264084e-05,-0.14138059188223373,TSGDA-1,1
2560,-0.14184719797813272,-0.14160098139985833,0.00024621657827439414,-0.1414396262991932,TSGDA-1,1
2580,-0.1391557251164516,-0.13908060499986832,7.512011658328266e-05,-0.14137597364510476,TSGDA-1,1
2600,-0.1386781582611023,-0.13875988867694822,-8.173041584591534e-05,-0.1411953831610736,TSGDA-1,1
2620,-0.1411056722639183,-0.1410946919909164,1.0980273001892638e-05,-0.14137033136780974,TSGDA-1,1
2640,-0.14125809490173677,-0.14125060950472315,7.485397013617945e-06,-0.14117186225049858,TSGDA-1,1
2660,-0.13399127967622765,-0.13396799029042428,2.3289385803371143e-05,-0.14118424343261127,TSGDA-1,1
2680,-0.13771925181922012,-0.1377437452108125,-2.449339159238395e-05,-0.1410603819772719,TSGDA-1,1
2700,-0.1478563435781954,-0.1477224911358295,0.00013385244236591154,-0.14101796870630914,TSGDA-1,1
2720,-0.15154748345987823,-0.1516433123156264,-9.582885574815903e-05,-0.14108764262466983,TSGDA-1,1
2740,-0.1407703435398414,-0.14112077835602727,-0.0003504348161858517,-0.14149974943979993,TSGDA-1,1
2760,-0.1428149569449647,-0.142883020956186,-6.806401122128047e-05,-0.1415147537351572,TSGDA-1,1
2780,-0.1418815568433094,-0.1420645055959287,-0.0001829487526193163,-0.1414978496114665,TSGDA-1,1
2800,-0.1536663571842674,-0.15350653112086377,0.00015982606340364525,-0.14190379660356156,TSGDA-1,1
2820,-0.14573891901747818,-0.14573523387123336,3.685146244825077e-06,-0.14185209461147938,TSGDA-1,1
2840,-0.1466556752821569,-0.14666474892897358,-9.07364681668188e-06,-0.14171559766607789,TSGDA-1,1
2860,-0.13941057302732088,-0.13926721145261758,0.00014336157470329347,-0.1416127450935644,TSGDA-1,1
2880,-0.13968016307980147,-0.13975213934539304,-7.197626559157788e-05,-0.14159269521517476,TSGDA-1,1
2900,-0.1342928031820243,-0.13412164362179507,0.00017115956022922818,-0.14130674681359467,TSGDA-1,1
2920,-0.1496549858321829,-0.14967562330531137,-2.0637473128470862e-05,-0.14092797999902906,TSGDA-1,1
2940,-0.14073577425837047,-0.14064841113746268,8.736312090779075e-05,-0.14107820887993777,TSGDA-1,1
2960,-0.1457443325969669,-0.14548321189486763,0.0002611207020992712,-0.14109686223947882,TSGDA-1,1
2980,-0.13479772171146903,-0.13485511455948518,-5.739284801614675e-05,-0.14094208037991784,TSGDA-1,1
3000,-0.14297355063550088,-0.1430610559302648,-8.750529476392321e-05,-0.14091221827265393,TSGDA-1,1
1,12.182257709093033,12.184667059103177,0.0024093500101436405,12.383703846018669,TSGDA-1,2
20,8.31364497955419,8.329216867445119,0.015571887890928338,8.400608790305679,TSGDA-1,2
40,5.595162395363077,5.61590674079224,0.020744345429163147,5.568340752937615,TSGDA-1,2
60,3.6857036432834924,3.6982914621077687,0.012587818824276287,3.665640007845931,TSGDA-1,2
80,2.419495810113366,2.426945238908276,0.007449428794910062,2.393642101860649,TSGDA-1,2
100,1.5126470538896688,1.514046339289433,0.001399285399764194,1.5455847187806078,TSGDA-1,2
120,0.946586363387611,0.9462453979906778,-0.0003409653969332904,0.9839963608491956,TSGDA-1,2
140,0.5990025435387742,0.5992341869517406,0.0002316434129663314,0.6079735689193905,TSGDA-1,2
160,0.35041487303055463,0.3500254941708162,-0.0003893788597384429,0.35707323884668407,TSGDA-1,2
180,0.2121654986363015,0.21284239574022554,0.0006768971039240457,0.19132475169869892,TSGDA-1,2
200,0.09447755448954548,0.09454029529083618,6.274080129070603e-05,0.07983123574232256,TSGDA-1,2
220,0.0022945260180213256,0.0014720034506609525,-0.0008225225673603731,0.007013215948497298,TSGDA-1,2
240,-0.046877774606376765,-0.048146060827364556,-0.001268286220987791,-0.04068707066080035,TSGDA-1,2
260,-0.07009899551955578,-0.07106512071950943,-0.0009661251999536491,-0.07403942126932778,TSGDA-1,2
280,-0.0953158236908404,-0.09589356344546962,-0.000577739754629214,-0.095921294908272,TSGDA-1,2
300,-0.10198774569203961,-0.10247115932881135,-0.00048341363677173455,-0.11055129985163387,TSGDA-1,2
320,-0.12434376146885659,-0.1253557061371746,-0.001011944668317999,-0.12035332510413002,TSGDA-1,2
340,-0.13231204200978744,-0.13336679120464642,-0.0010547491948589838,-0.12686536937612816,TSGDA-1,2
360,-0.1335562813299896,-0.13435589666967934,-0.0007996153396897521,-0.13132031873712813,TSGDA-1,2
380,-0.13609842001600342,-0.13701628591667936,-0.0009178659006759404,-0.13424958250810876,TSGDA-1,2
400,-0.12401197502050351,-0.12430627239906836,-0.00029429737856484506,-0.1363145571176215,TSGDA-1,2
420,-0.13503554719863872,-0.13560503884361327,-0.0005694916449745513,-0.13757519104540303,TSGDA-1,2
440,-0.14749306116975375,-0.14860694871519153,-0.0011138875454377861,-0.1386437680368245,TSGDA-1,2
460,-0.14284892728653295,-0.14386507024997666,-0.0010161429634437114,-0.13937113671066118,TSGDA-1,2
480,-0.15218076343686415,-0.15329565507463683,-0.0011148916377726747,-0.1399598681480595,TSGDA-1,2
500,-0.13627230301339724,-0.13653481269359366,-0.00026250968019642107,-0.1400630723245281,TSGDA-1,2
520,-0.11931518313993258,-0.11904926753412884,0.00026591560580374596,-0.13979696410347345,TSGDA-1,2
540,-0.13693967964819084,-0.13759124997762942,-0.0006515703294385777,-0.13983586662989697,TSGDA-1,2
560,-0.14470708279277233,-0.14551616311258547,-0.000809080319813138,-0.1401272844278963,TSGDA-1,2
580,-0.1398770759261444,-0.1407243448488612,-0.000847268922716804,-0.14048364899532045,TSGDA-1,2
600,-0.13933104794139078,-0.14004880632491157,-0.0007177583835207835,-0.14075365017434283,TSGDA-1,2
620,-0.1486343806772091,-0.15004508429204697,-0.0014107036148378604,-0.14108918920281902,TSGDA-1,2
640,-0.13385842619921245,-0.13448794747161458,-0.0006295212724021226,-0.14135014022660897,TSGDA-1,2
660,-0.1385323757064107,-0.13912216603713462,-0.0005897903307239272,-0.14108446396171892,TSGDA-1,2
680,-0.1350333637560034,-0.1353987351497976,-0.0003653713937942227,-0.1409385767745201,TSGDA-1,2
700,-0.14243687449885833,-0.14305550827119978,-0.0006186337723414481,-0.1407929469575464,TSGDA-1,2
720,-0.14129429402659813,-0.14180847188198262,-0.00051417785538449,-0.14051364579700884,TSGDA-1,2
740,-0.13778978970420191,-0.1384361044855852,-0.0006463147813832726,-0.14064053123000547,TSGDA-1,2
760,-0.144491974757817,-0.1455680177582252,-0.0010760430004082,-0.14066968565820048,TSGDA-1,2
780,-0.14692870662896104,-0.14793918031788952,-0.0010104736889284816,-0.1410079151984748,TSGDA-1,2
800,-0.1424034971295751,-0.1432101843163013,-0.0008066871867262182,-0.14073103041706628,TSGDA-1,2
820,-0.13311875714865307,-0.13346582989035016,-0.00034707274169709645,-0.14072032476671725,TSGDA-1,2
840,-0.132904174844329,-0.1334236315426174,-0.0005194566982884008,-0.14048921498889308,TSGDA-1,2
860,-0.12582089104100436,-0.12601756591323926,-0.0001966748722349032,-0.1404080841868826,TSGDA-1,2
880,-0.13876960009239814,-0.13932344929863844,-0.0005538492062402978,-0.14032657320049757,TSGDA-1,2
900,-0.1397233684068562,-0.14048469592786708,-0.0007613275210108794,-0.1403051236354325,TSGDA-1,2
920,-0.14289929473465168,-0.14391633314786517,-0.001017038413213489,-0.14041736156043827,TSGDA-1,2
940,-0.13580028236279684,-0.13646860511899123,-0.0006683227561943839,-0.1406054678469254,TSGDA-1,2
960,-0.14360058597746814,-0.1447856342691343,-0.0011850482916661575,-0.14086566163461292,TSGDA-1,2
980,-0.13289040180241266,-0.13321771031938587,-0.0003273085169732126,-0.1406375791332146,TSGDA-1,2
1000,-0.14334365350069458,-0.14413071397631053,-0.0007870604756159416,-0.14062388275774865,TSGDA-1,2
1020,-0.13606986230951323,-0.13659973307355128,-0.0005298707640380429,-0.1408648483881193,TSGDA-1,2
1040,-0.13291674535458015,-0.13345268622699363,-0.0005359408724134873,-0.14049728021712032,TSGDA-1,2
1060,-0.14122528078146682,-0.14187510211601898,-0.0006498213345521586,-0.14044497952552357,TSGDA-1,2
1080,-0.13704192004957627,-0.13737760770553636,-0.000335687655960093,-0.1402991878612509,TSGDA-1,2
1100,-0.13127584283790322,-0.13162096172915438,-0.0003451188912511616,-0.1398331659214812,TSGDA-1,2
1120,-0.13783392107046016,-0.1383357024406473,-0.0005017813701871376,-0.1400308536847893,TSGDA-1,2
1140,-0.14441647305236882,-0.14531053073863798,-0.0008940576862691563,-0.14067570400491286,TSGDA-1,2
1160,-0.14047567715727466,-0.14140325043195912,-0.0009275732746844567,-0.1408923759079666,TSGDA-1,2
1180,-0.13048697127549888,-0.13082165827885564,-0.0003346870033567595,-0.14100502197958323,TSGDA-1,2
1200,-0.13783560626143104,-0.1385004789863049,-0.0006648727248738662,-0.14075334751816498,TSGDA-1,2
1220,-0.13722363774601348,-0.13794631213184227,-0.0007226743858287921,-0.14065934554259585,TSGDA-1,2
1240,-0.14411770820280229,-0.14499810528247875,-0.0008803970796764649,-0.14083572784468001,TSGDA-1,2
1260,-0.13861132447912897,-0.13925656412405787,-0.0006452396449289077,-0.14083646880919085,TSGDA-1,2
1280,-0.14779523004331743,-0.14901459496934008,-0.001219364926022648,-0.14099998516514375,TSGDA-1,2
1300,-0.14758270612244817,-0.14870292776008104,-0.0011202216376328678,-0.14118421422915467,TSGDA-1,2
1320,-0.14323865995294321,-0.14404473983665417,-0.0008060798837109528,-0.14125993195187536,TSGDA-1,2
1340,-0.14044740760079638,-0.14115753334992137,-0.0007101257491249902,-0.14110113529124885,TSGDA-1,2
1360,-0.1335811244508858,-0.13397727979052512,-0.0003961553396393258,-0.1410584041143705,TSGDA-1,2
1380,-0.14409240715225005,-0.14522277968059502,-0.0011303725283449695,-0.14107173721870167,TSGDA-1,2
1400,-0.13589056298278607,-0.1365833537108807,-0.0006927907280946388,-0.14116413121024213,TSGDA-1,2
1420,-0.14811735378320426,-0.1491379338847816,-0.0010205801015773508,-0.14107784813320698,TSGDA-1,2
1440,-0.14384421325448046,-0.14474757905430172,-0.0009033657998212541,-0.14108156860783558,TSGDA-1,2
1460,-0.14484338402714642,-0.14613012866703906,-0.0012867446398926452,-0.14114246279010506,TSGDA-1,2
1480,-0.13701350251361788,-0.13782398973137278,-0.0008104872177548961,-0.1416722775318518,TSGDA-1,2
1500,-0.13653874345673583,-0.1373186602778949,-0.0007799168211590768,-0.1414362600852357,TSGDA-1,2
1520,-0.1442789671181613,-0.14518122643327336,-0.0009022593151120639,-0.14127920679671124,TSGDA-1,2
1540,-0.13725978320659218,-0.13801630750359387,-0.0007565242970016817,-0.14094760479376503,TSGDA-1,2
1560,-0.14510241083626818,-0.1462920561895848,-0.0011896453533166151,-0.1414237924667091,TSGDA-1,2
1580,-0.13038510537395848,-0.13083060423332626,-0.00044549885936778777,-0.14139091359928718,TSGDA-1,2
1600,-0.14151564444535875,-0.14236351105300354,-0.0008478666076447983,-0.14126953700277567,TSGDA-1,2
1620,-0.1417850853651869,-0.14269956635665598,-0.0009144809914690688,-0.14151786440729042,TSGDA-1,2
1640,-0.1394697523368172,-0.14024981689870902,-0.0007800645618918356,-0.14139186898795503,TSGDA-1,2
1660,-0.14403266287452146,-0.14495516117179783,-0.000922498297276364,-0.14157943155807015,TSGDA-1,2
1680,-0.1394282170821526,-0.14028196053245454,-0.0008537434503019248,-0.14145609295298975,TSGDA-1,2
1700,-0.12485141464069083,-0.12504657452843582,-0.00019515988774498894,-0.14108146574822333,TSGDA-1,2
1720,-0.13467928861365921,-0.13497017591207797,-0.0002908872984187516,-0.14080772819632728,TSGDA-1,2
1740,-0.14442424263880277,-0.14515605944255605,-0.0007318168037532824,-0.14090498532286888,TSGDA-1,2
1760,-0.14261769121875928,-0.14340720561897186,-0.0007895144002125765,-0.14099925440570604,TSGDA-1,2
1780,-0.13339834370718562,-0.13373138421584513,-0.00033304050865951007,-0.14103076971103184,TSGDA-1,2
1800,-0.14478648617564724,-0.14584480873252856,-0.0010583225568813193,-0.14076401218233872,TSGDA-1,2
1820,-0.13888552300611867,-0.1394953808061517,-0.0006098578000330312,-0.14078144510279078,TSGDA-1,2
1840,-0.13974607394989463,-0.14037153104739253,-0.0006254570974978946,-0.14058992161092748,TSGDA-1,2
1860,-0.14344760375344062,-0.1443976832862668,-0.0009500795328261646,-0.14036429013042423,TSGDA-1,2
1880,-0.12234121574624043,-0.12233018929220238,1.1026454038054467e-05,-0.14049027308881626,TSGDA-1,2
1900,-0.1419270476678196,-0.14262697425468857,-0.0006999265868689597,-0.1405301476673172,TSGDA-1,2
1920,-0.1399557457839841,-0.14065778857735753,-0.0007020427933734363,-0.14070414873056827,TSGDA-1,2
1940,-0.14992089113499335,-0.1510168370066906,-0.001095945871697257,-0.14090714895037643,TSGDA-1,2
1960,-0.1468252006092838,-0.1476831386853575,-0.0008579380760737054,-0.14106962960565847,TSGDA-1,2
1980,-0.14834842042384333,-0.1496025282882203,-0.0012541078643769632,-0.1412619548744482,TSGDA-1,2
2000,-0.14338846523579413,-0.1444323331674794,-0.0010438679316852606,-0.14116898808957745,TSGDA-1,2
2020,-0.13767984412149414,-0.13856780634676902,-0.0008879622252748742,-0.14097154063663475,TSGDA-1,2
2040,-0.13736622392752249,-0.13808766978783085,-0.0007214458603083673,-0.14131560687738084,TSGDA-1,2
2060,-0.13576785390304869,-0.13639435483208662,-0.000626500929037932,-0.14109782490650052,TSGDA-1,2
2080,-0.1365745050486648,-0.13693738779000558,-0.00036288274134077536,-0.14108616328582652,TSGDA-1,2
2100,-0.15567499460073878,-0.15702972987386296,-0.0013547352731241857,-0.1411152706188433,TSGDA-1,2
2120,-0.13946198387035713,-0.13996611389773872,-0.0005041300273815885,-0.14134765255543036,TSGDA-1,2
2140,-0.14701697090772137,-0.1480987924971297,-0.0010818215894083383,-0.14124588850856357,TSGDA-1,2
2160,-0.13895864159925164,-0.1397029816524456,-0.0007443400531939592,-0.1410021336489214,TSGDA-1,2
2180,-0.14387451585750266,-0.144897366296105,-0.0010228504386023407,-0.14113957190714377,TSGDA-1,2
2200,-0.13874834576730133,-0.13944884467334495,-0.0007004989060436229,-0.1408183519156972,TSGDA-1,2
2220,-0.1425618580037118,-0.14349496709164317,-0.0009331090879313719,-0.1409433560423357,TSGDA-1,2
2240,-0.12857089604304492,-0.12897786544421422,-0.00040696940116929925,-0.1409574956784642,TSGDA-1,2
2260,-0.14104414447981337,-0.1415587540423421,-0.000514609562528745,-0.14068713410485031,TSGDA-1,2
2280,-0.14470982231172735,-0.14575370010407307,-0.0010438777923457154,-0.14044373584293346,TSGDA-1,2
2300,-0.13660081647561792,-0.13725300002781074,-0.0006521835521928199,-0.14052773089902884,TSGDA-1,2
2320,-0.14151340976205848,-0.1423541939725965,-0.0008407842105380148,-0.1405566460192361,TSGDA-1,2
2340,-0.14562563285794466,-0.14633646120653204,-0.0007108283485873779,-0.14078671449437064,TSGDA-1,2
2360,-0.13543987020376044,-0.13574852561904407,-0.00030865541528363183,-0.14049173631634623,TSGDA-1,2
2380,-0.1439272850135544,-0.14497997904486065,-0.001052694031306256,-0.1403868304406118,TSGDA-1,2
2400,-0.1353801727610186,-0.13592839308530452,-0.0005482203242859196,-0.1406290389969972,TSGDA-1,2
2420,-0.1396665337637618,-0.14037936885125063,-0.0007128350874888167,-0.140517264645861,TSGDA-1,2
2440,-0.13433186296807365,-0.13464806862959716,-0.0003162056615235165,-0.1405405830134,TSGDA-1,2
2460,-0.1271586414533854,-0.12738075962652023,-0.00022211817313483317,-0.14041935796737393,TSGDA-1,2
2480,-0.14659824216351952,-0.1475875328019705,-0.0009892906384509903,-0.1402578847247858,TSGDA-1,2
2500,-0.14506143714847008,-0.14613922843289429,-0.001077791284424201,-0.14038501072551796,TSGDA-1,2
2520,-0.1414114862966305,-0.14210848948465268,-0.0006970031880221828,-0.1408402134259373,TSGDA-1,2
2540,-0.13571069366804006,-0.13617857698204844,-0.0004678833140083771,-0.14071758123966255,TSGDA-1,2
2560,-0.14291466893152194,-0.14401268664929684,-0.0010980177177749018,-0.1408464463401466,TSGDA-1,2
2580,-0.13413006487653317,-0.13461248878508664,-0.0004824239085534643,-0.1407022043304491,TSGDA-1,2
2600,-0.15180304144701257,-0.15296518115497681,-0.0011621397079642493,-0.14068268248398258,TSGDA-1,2
2620,-0.1331456783160347,-0.13351075599244433,-0.00036507767640964195,-0.14056823040509248,TSGDA-1,2
2640,-0.14835334102710632,-0.14957939003424922,-0.0012260490071429042,-0.14101037281821474,TSGDA-1,2
2660,-0.14436802211549418,-0.1454043622869343,-0.0010363401714401088,-0.1413608212619403,TSGDA-1,2
2680,-0.14391913179784285,-0.14504670447143173,-0.0011275726735888725,-0.1414102836050052,TSGDA-1,2
2700,-0.1450541723064296,-0.14610116963976197,-0.0010469973333323557,-0.1415918721579297,TSGDA-1,2
2720,-0.14090083388810434,-0.1415661151259073,-0.0006652812378029616,-0.14129333384412449,TSGDA-1,2
2740,-0.1337968936646115,-0.13452101055557836,-0.0007241168909668527,-0.14119057825097653,TSGDA-1,2
2760,-0.13624459955608909,-0.13688882045319906,-0.0006442208971099705,-0.1410492766657251,TSGDA-1,2
2780,-0.13241709489684747,-0.13307602982410874,-0.0006589349272612677,-0.14097169146801783,TSGDA-1,2
2800,-0.1413608638436224,-0.14223682811591176,-0.0008759642722893646,-0.14093670194862928,TSGDA-1,2
2820,-0.1434702557690955,-0.14416908729727657,-0.0006988315281810653,-0.14095921876239798,TSGDA-1,2
2840,-0.14346590242813378,-0.14428968180672858,-0.0008237793785947911,-0.1408684751440641,TSGDA-1,2
2860,-0.13760818737302366,-0.13823549375845057,-0.0006273063854269068,-0.141180841884333,TSGDA-1,2
2880,-0.13325179598662223,-0.1339109254377887,-0.0006591294511664736,-0.14115133671080943,TSGDA-1,2
2900,-0.13048908615133337,-0.1310586405849799,-0.0005695544336465352,-0.14112731106249948,TSGDA-1,2
2920,-0.1389733416973194,-0.13973572339612716,-0.0007623816988077681,-0.1412617741008575,TSGDA-1,2
2940,-0.14002725489345696,-0.14063542701434473,-0.0006081721208877622,-0.14130883190547844,TSGDA-1,2
2960,-0.1365881034332939,-0.137182186842819,-0.0005940834095251035,-0.141429210618812,TSGDA-1,2
2980,-0.13829098104432563,-0.13897637007261388,-0.0006853890282882413,-0.14149315223932996,TSGDA-1,2
3000,-0.14213104377538133,-0.14308951532719938,-0.000958471551818052,-0.14144174026853829,TSGDA-1,2
1,12.691345614379912,12.692097973756441,0.0007523593765288439,13.135052239721624,TSGDA-1,3
20,8.849522256216945,8.868752285586249,0.019230029369303736,8.927405678659564,TSGDA-1,3
40,5.923380971463141,5.94060896410805,0.017227992644909484,5.918718504745222,TSGDA-1,3
60,3.8618278443178413,3.8703225082721873,0.008494663954345949,3.8774373059657012,TSGDA-1,3
80,2.5352801653275687,2.5416250402357896,0.006344874908220888,2.5291395480507957,TSGDA-1,3
100,1.6429663853903287,1.6468347245384227,0.0038683391480940355,1.631883273041982,TSGDA-1,3
120,1.0386262696871615,1.0405434669764781,0.0019171972893166078,1.0337216462917589,TSGDA-1,3
140,0.6209066070046374,0.620443327449385,-0.00046327955525238274,0.6343595061960975,TSGDA-1,3
160,0.35755737271944144,0.3563599179604491,-0.0011974547589923557,0.3731013085326088,TSGDA-1,3
180,0.18812752386936787,0.18719867028631332,-0.0009288535830545563,0.19746147270536063,TSGDA-1,3
200,0.07255947502217269,0.07112902490148157,-0.0014304501206911235,0.08303265979783883,TSGDA-1,3
220,0.007147934665319378,0.006431536200905419,-0.0007163984644139587,0.006852732467728828,TSGDA-1,3
240,-0.03164990037707455,-0.03133563612068907,0.00031426425638547695,-0.04411341191675419,TSGDA-1,3
260,-0.07700573076635844,-0.07746365252704931,-0.0004579217606908714,-0.07728523445989069,TSGDA-1,3
280,-0.10318531362533878,-0.10409558389476958,-0.0009102702694308018,-0.09927143605251637,TSGDA-1,3
300,-0.10098681325730241,-0.10082561327764722,0.00016119997965519106,-0.1142197287311236,TSGDA-1,3
320,-0.12499101821745204,-0.12572261835644158,-0.000731600138989541,-0.12331888921295567,TSGDA-1,3
340,-0.13135420955271004,-0.13208189852546398,-0.0007276889727539371,-0.12950421565398856,TSGDA-1,3
360,-0.13235697393022702,-0.1329281619833084,-0.0005711880530813729,-0.1336222275714067,TSGDA-1,3
380,-0.1355125059691817,-0.13629468803015324,-0.0007821820609715258,-0.13593308894382697,TSGDA-1,3
400,-0.1356923991474177,-0.13631902459729833,-0.0006266254498806245,-0.13749174183144125,TSGDA-1,3
420,-0.14194130950073233,-0.14284391180537478,-0.0009026023046424525,-0.13886721118543452,TSGDA-1,3
440,-0.13022555552490594,-0.13063224396799478,-0.0004066884430888318,-0.13937877414113742,TSGDA-1,3
460,-0.13960902681582135,-0.14024860155826754,-0.0006395747424461917,-0.13968887797490295,TSGDA-1,3
480,-0.13831073172619288,-0.13890333419267178,-0.0005926024664789087,-0.14017442740655398,TSGDA-1,3
500,-0.13610087406185695,-0.13642368195080978,-0.0003228078889528363,-0.14032467567843337,TSGDA-1,3
520,-0.14218291356164509,-0.1428559890893571,-0.0006730755277120082,-0.14044696732521633,TSGDA-1,3
540,-0.1381981808450909,-0.13874914067290572,-0.0005509598278148342,-0.14062966029925644,TSGDA-1,3
560,-0.13353005510341012,-0.13404516931116814,-0.0005151142077580162,-0.14068578961347808,TSGDA-1,3
580,-0.13325477706484046,-0.1336097516839858,-0.000354974619145354,-0.1405923118009565,TSGDA-1,3
600,-0.1506751739530071,-0.15177633145734382,-0.0011011575043367028,-0.14119038322507688,TSGDA-1,3
620,-0.13306955660119513,-0.1336101363399687,-0.0005405797387735833,-0.14140164952942574,TSGDA-1,3
640,-0.13901046991957866,-0.1395223339838349,-0.00051186406425624,-0.14106429624426003,TSGDA-1,3
660,-0.15077216170027508,-0.15171045232815966,-0.000938290627884586,-0.14100176037204548,TSGDA-1,3
680,-0.13978813823293298,-0.1405083032275757,-0.0007201649946427247,-0.14108330318216158,TSGDA-1,3
700,-0.13849889621859568,-0.1390611303335953,-0.0005622341149996157,-0.14099964183663177,TSGDA-1,3
720,-0.14510649255349847,-0.14603210414266402,-0.0009256115891655425,-0.14115324385027503,TSGDA-1,3
740,-0.15132488838639493,-0.15249105046943243,-0.001166162083037492,-0.14108555739622217,TSGDA-1,3
760,-0.13341553922414393,-0.13367929863828235,-0.0002637594141384203,-0.1408779843986244,TSGDA-1,3
780,-0.15874131635944055,-0.16000916006721128,-0.0012678437077707216,-0.1412541951960425,TSGDA-1,3
800,-0.13428069801199385,-0.1346443703638219,-0.00036367235182804825,-0.1411085980556289,TSGDA-1,3
820,-0.14554370207434147,-0.14641194642299388,-0.0008682443486524027,-0.14114685900012003,TSGDA-1,3
840,-0.13862254059631712,-0.13938549612870704,-0.0007629555323899195,-0.14121298553075895,TSGDA-1,3
860,-0.14084992213090153,-0.14159122584165534,-0.0007413037107538156,-0.1413330085298573,TSGDA-1,3
880,-0.14152200258692454,-0.14224490448341237,-0.0007229018964878264,-0.1412218137024468,TSGDA-1,3
900,-0.1440676270566158,-0.14504499513021457,-0.0009773680735987722,-0.141408558371093,TSGDA-1,3
920,-0.14248478344639065,-0.14309003823578142,-0.0006052547893907745,-0.14127919219446206,TSGDA-1,3
940,-0.134784769824275,-0.1351618248854503,-0.0003770550611753021,-0.1411663653125832,TSGDA-1,3
960,-0.140751877071504,-0.1413529931840914,-0.0006011161125873965,-0.1411403634992381,TSGDA-1,3
980,-0.1467644924627568,-0.14779539565132416,-0.0010309031885673559,-0.14146173572412457,TSGDA-1,3
1000,-0.13816507452464588,-0.13887954525616997,-0.0007144707315240861,-0.14145210908815625,TSGDA-1,3
1020,-0.15241569773878788,-0.15353893007847286,-0.0011232323396849764,-0.14150442431003885,TSGDA-1,3
1040,-0.15137576121788793,-0.15259244952018314,-0.0012166883022952102,-0.1414324561304472,TSGDA-1,3
1060,-0.14157207013442033,-0.1422735050055909,-0.0007014348711705809,-0.14142030047049955,TSGDA-1,3
1080,-0.13749021464534666,-0.1380721275097061,-0.0005819128643594351,-0.14122700060541576,TSGDA-1,3
1100,-0.14195262478133902,-0.14261996255695858,-0.0006673377756195586,-0.141169491407921,TSGDA-1,3
1120,-0.13696594398554576,-0.1373050364979099,-0.0003390925123641364,-0.14098045425533437,TSGDA-1,3
1140,-0.13422054555009452,-0.1345515341012137,-0.00033098855111918235,-0.14063752429325108,TSGDA-1,3
1160,-0.1423761207494712,-0.1429373670926803,-0.0005612463432090875,-0.1407545319184143,TSGDA-1,3
1180,-0.13257099868164132,-0.1328830532736978,-0.00031205459205646546,-0.14047111807913218,TSGDA-1,3
1200,-0.12862948241467922,-0.1288420729615957,-0.00021259054691646906,-0.1402694417869775,TSGDA-1,3
1220,-0.13530128604520894,-0.13571348897826477,-0.00041220293305582745,-0.14023118111534952,TSGDA-1,3
1240,-0.14193639674099376,-0.142495689069202,-0.0005592923282082274,-0.140234871021878,TSGDA-1,3
1260,-0.14055192337047506,-0.14095243621395276,-0.0004005128434776961,-0.14019356356420365,TSGDA-1,3
1280,-0.13561165437978243,-0.13594842140095967,-0.0003367670211772422,-0.1401765128423537,TSGDA-1,3
1300,-0.14370188938080536,-0.14442357045452708,-0.000721681073721725,-0.140331732651227,TSGDA-1,3
1320,-0.13782798000548957,-0.13847292564099767,-0.0006449456355080985,-0.14049275718368898,TSGDA-1,3
1340,-0.13927092627842086,-0.1398718439987059,-0.0006009177202850324,-0.14046412382380075,TSGDA-1,3
1360,-0.13654129201821275,-0.13703261956789708,-0.0004913275496843394,-0.1407284972751991,TSGDA-1,3
1380,-0.1353422552457939,-0.13576203115157615,-0.0004197759057822381,-0.14116385476290655,TSGDA-1,3
1400,-0.1462788912797869,-0.14725706189920687,-0.0009781706194199602,-0.14109710051939975,TSGDA-1,3
1420,-0.14562526558211486,-0.14658156646982717,-0.0009563008877123136,-0.1412880552775741,TSGDA-1,3
1440,-0.13952363429913275,-0.14004009384184443,-0.000516459542711678,-0.1414801873564908,TSGDA-1,3
1460,-0.13644749219937316,-0.13689463918113745,-0.00044714698176429035,-0.14131326425287324,TSGDA-1,3
1480,-0.13717936195202807,-0.13769840843973058,-0.0005190464877025125,-0.14096686629632804,TSGDA-1,3
1500,-0.14234500933582078,-0.14307253696569577,-0.0007275276298749911,-0.1409373708673607,TSGDA-1,3
1520,-0.14134466405287088,-0.14202318333615838,-0.0006785192832874931,-0.14109124979706328,TSGDA-1,3
1540,-0.1436384705038349,-0.1443134140924285,-0.0006749435885936017,-0.1411031294676591,TSGDA-1,3
1560,-0.14618650111750653,-0.147002631295788,-0.0008161301782814712,-0.14105011057949457,TSGDA-1,3
1580,-0.1364665866696294,-0.13699997683386272,-0.0005333901642333161,-0.14123892376661068,TSGDA-1,3
1600,-0.14349144159512117,-0.14437783825282152,-0.0008863966577003501,-0.14119351611185588,TSGDA-1,3
1620,-0.14174176845775427,-0.14246982738416347,-0.000728058926409203,-0.1412480254203669,TSGDA-1,3
1640,-0.14428728642263772,-0.14516542579409036,-0.0008781393714526464,-0.1413591343576353,TSGDA-1,3
1660,-0.1419649951474314,-0.14291860332531295,-0.0009536081778815375,-0.14136779892794435,TSGDA-1,3
1680,-0.1413134438273986,-0.14192402498793463,-0.0006105811605360278,-0.1415327056417052,TSGDA-1,3
1700,-0.14220758276628065,-0.14280646974913958,-0.000598886982858926,-0.1413758126347463,TSGDA-1,3
1720,-0.14267448778936667,-0.14326558825831928,-0.00059110046895261,-0.14128228355522046,TSGDA-1,3
1740,-0.15133089528296464,-0.15240802792388283,-0.001077132640918188,-0.14106921910244993,TSGDA-1,3
1760,-0.14778285283377934,-0.14860970106093374,-0.0008268482271543975,-0.14093070775272076,TSGDA-1,3
1780,-0.1382376958644927,-0.13898067414203386,-0.000742978277541162,-0.141115671428596,TSGDA-1,3
1800,-0.1410174474058318,-0.14161494831503205,-0.0005975009092002437,-0.14115922537358386,TSGDA-1,3
1820,-0.13418228655922923,-0.1347172319589963,-0.0005349453997670617,-0.14106402511174956,TSGDA-1,3
1840,-0.13949741788102477,-0.14019363705522114,-0.0006962191741963775,-0.1412754499093266,TSGDA-1,3
1860,-0.14074642052916897,-0.14138105876776857,-0.0006346382385996052,-0.1413404026685834,TSGDA-1,3
1880,-0.14120276148517494,-0.14180953582799685,-0.0006067743428219141,-0.14140008430517112,TSGDA-1,3
1900,-0.142024893681502,-0.14276407964582494,-0.0007391859643229304,-0.14100327396891477,TSGDA-1,3
1920,-0.13580851269061578,-0.1363423152375427,-0.0005338025469269203,-0.14078623667422524,TSGDA-1,3
1940,-0.14089599336587433,-0.14149647676960786,-0.0006004834037335316,-0.14038577871331592,TSGDA-1,3
1960,-0.1369579510211591,-0.13750461711127648,-0.000546666090117387,-0.14056061490031435,TSGDA-1,3
1980,-0.1348908451603154,-0.13528278805096067,-0.0003919428906452582,-0.14049759626731795,TSGDA-1,3
2000,-0.1372678957140578,-0.1378216596304124,-0.0005537639163545882,-0.1407641078137111,TSGDA-1,3
2020,-0.13819782106665338,-0.13887972371660542,-0.0006819026499520486,-0.14098831109476603,TSGDA-1,3
2040,-0.13687660303583055,-0.1374510957697917,-0.0005744927339611516,-0.14101446990184247,TSGDA-1,3
2060,-0.13895297201455023,-0.13959980428316096,-0.0006468322686107308,-0.14093877871471563,TSGDA-1,3
2080,-0.13531398373274336,-0.1359050184057831,-0.0005910346730397253,-0.1407220188545427,TSGDA-1,3
2100,-0.13587107608049645,-0.13636359351647684,-0.0004925174359803886,-0.14066198039498987,TSGDA-1,3
2120,-0.13519416173442655,-0.1357246115105361,-0.0005304497761095539,-0.1405611953674195,TSGDA-1,3
2140,-0.14176518974304353,-0.14253744788658218,-0.0007722581435386511,-0.14080222146232946,TSGDA-1,3
2160,-0.13572156598762508,-0.13621385723017332,-0.0004922912425482373,-0.14085008633283136,TSGDA-1,3
2180,-0.1282661982699302,-0.12851503653633017,-0.00024883826639998663,-0.1407259360619285,TSGDA-1,3
2200,-0.14038997765173664,-0.14101062470925987,-0.0006206470575232381,-0.14075965755627387,TSGDA-1,3
2220,-0.1418628463517726,-0.14253846412878668,-0.0006756177770140814,-0.141248183162883,TSGDA-1,3
2240,-0.14046665136548847,-0.1411676947389492,-0.0007010433734607191,-0.14122018426633814,TSGDA-1,3
2260,-0.14574992517879698,-0.14652131905404608,-0.0007713938752491045,-0.1411326593087333,TSGDA-1,3
2280,-0.1476960858928949,-0.14852271248497556,-0.0008266265920806593,-0.1412027656979155,TSGDA-1,3
2300,-0.1410814108753941,-0.14163932330890877,-0.0005579124335146624,-0.14125325343315032,TSGDA-1,3
2320,-0.13967562046495635,-0.14015824628305845,-0.00048262581810210037,-0.14111708722033756,TSGDA-1,3
2340,-0.1472369556103424,-0.1481365691393925,-0.0008996135290501028,-0.14107818475806316,TSGDA-1,3
2360,-0.14014432230124488,-0.14088635179198164,-0.0007420294907367619,-0.14137335406283427,TSGDA-1,3
2380,-0.14004672066798196,-0.14062229581977603,-0.0005755751517940721,-0.14154062721111565,TSGDA-1,3
2400,-0.1340232722043468,-0.13453668703915644,-0.0005134148348096557,-0.1412956129475389,TSGDA-1,3
2420,-0.13953483020426316,-0.1402872829526956,-0.0007524527484324417,-0.1412825550804414,TSGDA-1,3
2440,-0.1415067816141961,-0.14227132340564697,-0.0007645417914508568,-0.1414771989964953,TSGDA-1,3
2460,-0.14519868868376407,-0.14615127499449,-0.0009525863107259225,-0.14156776606855503,TSGDA-1,3
2480,-0.14181585289551119,-0.14234480377913222,-0.0005289508836210377,-0.1410901695478025,TSGDA-1,3
2500,-0.14776378149794994,-0.14859647264483938,-0.0008326911468894416,-0.14091582958066512,TSGDA-1,3
2520,-0.1481415199362015,-0.14916337164171445,-0.001021851705512944,-0.14095496603083296,TSGDA-1,3
2540,-0.13633962498314622,-0.13682481653023232,-0.0004851915470860946,-0.14105111344742705,TSGDA-1,3
2560,-0.14402328725923558,-0.14479858109193594,-0.0007752938327003633,-0.1410382518389603,TSGDA-1,3
2580,-0.14061828506968468,-0.1413036234917516,-0.0006853384220669168,-0.14100410709511382,TSGDA-1,3
2600,-0.1426318736612716,-0.1433644003453886,-0.0007325266841169964,-0.1412102791477095,TSGDA-1,3
2620,-0.1366186650761485,-0.1371439627997817,-0.000525297723633189,-0.14108491914787263,TSGDA-1,3
2640,-0.13591522301426512,-0.13647400403018967,-0.0005587810159245477,-0.14100622098980425,TSGDA-1,3
2660,-0.13939740036797932,-0.14005966162981281,-0.0006622612618334967,-0.14101019514109175,TSGDA-1,3
2680,-0.14580257868295593,-0.14669794994174723,-0.0008953712587912999,-0.14108655888556032,TSGDA-1,3
2700,-0.14138347472703658,-0.14199492064993516,-0.0006114459228985791,-0.1408912169658487,TSGDA-1,3
2720,-0.1411131643039098,-0.141978544765264,-0.0008653804613542038,-0.1410492428272559,TSGDA-1,3
2740,-0.1463778411408494,-0.14722559280813202,-0.0008477516672826257,-0.14102450467171368,TSGDA-1,3
2760,-0.14845827490831567,-0.1494220722757341,-0.0009637973674184175,-0.14123008671433798,TSGDA-1,3
2780,-0.1408441519292114,-0.14153517552149036,-0.0006910235922789609,-0.14119616770385274,TSGDA-1,3
2800,-0.14732065872810526,-0.14818418700543182,-0.0008635282773265529,-0.14109113727229625,TSGDA-1,3
2820,-0.14273427890096602,-0.14357166200759908,-0.0008373831066330606,-0.14100978784952556,TSGDA-1,3
2840,-0.13806744313437616,-0.13864123448444052,-0.0005737913500643566,-0.14086156879556114,TSGDA-1,3
2860,-0.13504702575159394,-0.13554929178973807,-0.000502266038144128,-0.14086031260932963,TSGDA-1,3
2880,-0.14102552938221852,-0.14173806792486793,-0.0007125385426494102,-0.14081223941736393,TSGDA-1,3
2900,-0.14980826103891426,-0.15093092837657168,-0.0011226673376574237,-0.14086926608202155,TSGDA-1,3
2920,-0.14286349632368114,-0.143656872258459,-0.0007933759347778513,-0.14116663905632024,TSGDA-1,3
2940,-0.14373318904238477,-0.14446565185535384,-0.0007324628129690702,-0.14135433713661674,TSGDA-1,3
2960,-0.13770168745355132,-0.1382557863680693,-0.0005540989145179642,-0.14117254719768657,TSGDA-1,3
2980,-0.13138343677338649,-0.13164270400638822,-0.0002592672330017365,-0.14095603861083777,TSGDA-1,3
3000,-0.1405006264527461,-0.14116165054800214,-0.0006610240952560353,-0.14089017062477419,TSGDA-1,3
